observed_at,time_step,pond_id,condition_label,condition_severity,record_provenance,site_id,strain_id,duration_days,depth_cm,nitrate_mg_l,ammonium_mg_l,phosphorus_mg_l,sensor_ph,water_temp_avg_c,water_temp_max_c,water_temp_min_c,conductivity_reported_ms_cm,do_mg_l,do_pct_sat,salinity_g_l,par_umol_m2_s,air_temp_c,relative_humidity_pct,global_light_w_m2,co2_ppm,wind_km_h,precipitation_cm,satellite_red,satellite_green,satellite_blue,satellite_RE1,latitude,longitude,dataset,category,image_path,image_source_id,image_condition_expected,image_provenance,association_provenance
2026-09-12T10:00:00+05:30,1,pond-01,stable,0.08,synthetic_gradual_stream,ASU,KA32,12.0,25.0,55.0,0.472,3.2,8.05,26.0,28.0,24.2,48104.0,8.6,111.8,32.0,286.0,28.2,69.76,220.0,477.6,3.72,0.0,0.0956,0.1652,0.1172,0.1372,40.15,-111.86,whole-lake,whole-lake,stream_images/pond-01-step-001.jpg,pond_105,OPTIMUM,fishpond_visual_condition_v2_fixture,synthetic_condition_matched_mapping
2026-09-12T10:00:00+05:30,1,pond-02,heat_low_oxygen_normal,0.08,synthetic_gradual_stream,CP,LRB-AZ-1201,12.0,22.0,42.04,0.472,2.64,8.166,27.72,29.72,25.92,48944.0,7.728,100.464,35.0,372.32,29.92,69.76,286.4,512.0,3.72,0.0,0.0956,0.1652,0.1172,0.1372,40.16,-111.85,whole-lake,whole-lake,stream_images/pond-02-step-001.jpg,pond_106,OPTIMUM,fishpond_visual_condition_v2_fixture,synthetic_condition_matched_mapping
2026-09-12T10:00:00+05:30,1,pond-03,nutrient_light_limited_normal,0.1,synthetic_gradual_stream,FA,C046,12.0,28.0,34.35,0.465,2.355,8.1,24.5,26.5,22.7,46180.0,7.5,97.5,25.0,369.85,26.7,69.2,284.5,482.9,3.9,0.0,0.097,0.164,0.1165,0.1365,40.14,-111.87,whole-lake,whole-lake,stream_images/pond-03-step-001.jpg,pond_109,OPTIMUM,fishpond_visual_condition_v2_fixture,synthetic_condition_matched_mapping
2026-09-12T10:00:10+05:30,2,pond-01,stable,0.08076,synthetic_gradual_stream,ASU,KA32,12.000116,25.0,54.9759,0.4717,3.1988,8.05,26.0115,28.0115,24.2115,48105.36,8.6,111.799,32.0,286.03,28.2115,69.739,220.023,478.7,3.727,0.0113,0.095653,0.165155,0.117174,0.137174,40.15,-111.86,whole-lake,whole-lake,stream_images/pond-01-step-002.jpg,pond_110,OPTIMUM,fishpond_visual_condition_v2_fixture,synthetic_condition_matched_mapping
2026-09-12T10:00:10+05:30,2,pond-02,heat_low_oxygen_normal,0.08005,synthetic_gradual_stream,CP,LRB-AZ-1201,12.000116,22.0,42.038,0.472,2.6399,8.1661,27.7205,29.7206,25.9205,48944.1,7.7277,100.46,35.0,372.343,29.9205,69.758,286.418,512.6,3.72,0.0113,0.095604,0.165197,0.117198,0.137198,40.16,-111.85,whole-lake,whole-lake,stream_images/pond-02-step-002.jpg,pond_111,OPTIMUM,fishpond_visual_condition_v2_fixture,synthetic_condition_matched_mapping
2026-09-12T10:00:10+05:30,2,pond-03,nutrient_light_limited_normal,0.10006,synthetic_gradual_stream,FA,C046,12.000116,28.0,34.3477,0.465,2.3548,8.1001,24.4997,26.4998,22.6997,46180.11,7.4999,97.498,25.0,369.829,26.6997,69.198,284.484,483.5,3.901,0.0113,0.097004,0.163996,0.116498,0.136498,40.14,-111.87,whole-lake,whole-lake,stream_images/pond-03-step-002.jpg,pond_112,OPTIMUM,fishpond_visual_condition_v2_fixture,synthetic_condition_matched_mapping
2026-09-12T10:00:20+05:30,3,pond-01,stable,0.08151,synthetic_gradual_stream,ASU,KA32,12.000231,25.0,54.9518,0.4715,3.1976,8.0501,26.0231,28.0234,24.2231,48106.72,8.5998,111.798,32.0,286.121,28.2231,69.718,220.093,479.7,3.734,0.0226,0.095706,0.165109,0.117147,0.137147,40.15,-111.86,whole-lake,whole-lake,stream_images/pond-01-step-003.jpg,pond_113,OPTIMUM,fishpond_visual_condition_v2_fixture,synthetic_condition_matched_mapping
2026-09-12T10:00:20+05:30,3,pond-02,heat_low_oxygen_normal,0.08022,synthetic_gradual_stream,CP,LRB-AZ-1201,12.000231,22.0,42.032,0.4719,2.6396,8.1663,27.7219,29.7223,25.9219,48944.39,7.7267,100.447,35.0,372.412,29.9219,69.754,286.471,513.2,3.722,0.0226,0.095615,0.165187,0.117192,0.137192,40.16,-111.85,whole-lake,whole-lake,stream_images/pond-02-step-003.jpg,pond_114,OPTIMUM,fishpond_visual_condition_v2_fixture,synthetic_condition_matched_mapping
2026-09-12T10:00:20+05:30,3,pond-03,nutrient_light_limited_normal,0.10025,synthetic_gradual_stream,FA,C046,12.000231,28.0,34.3409,0.4649,2.3544,8.1003,24.4987,26.4991,22.6987,46180.45,7.4995,97.493,25.0,369.767,26.6987,69.193,284.436,484.1,3.902,0.0226,0.097018,0.163985,0.116491,0.136491,40.14,-111.87,whole-lake,whole-lake,stream_images/pond-03-step-003.jpg,pond_115,OPTIMUM,fishpond_visual_condition_v2_fixture,synthetic_condition_matched_mapping
2026-09-12T10:00:30+05:30,4,pond-01,stable,0.08227,synthetic_gradual_stream,ASU,KA32,12.000347,25.0,54.9277,0.4712,3.1964,8.0501,26.0349,28.0357,24.2349,48108.08,8.5996,111.795,32.0,286.272,28.2349,69.697,220.209,480.7,3.74,0.0338,0.095759,0.165064,0.117121,0.137121,40.15,-111.86,whole-lake,whole-lake,stream_images/pond-01-step-004.jpg,pond_116,OPTIMUM,fishpond_visual_condition_v2_fixture,synthetic_condition_matched_mapping
2026-09-12T10:00:30+05:30,4,pond-02,heat_low_oxygen_normal,0.08048,synthetic_gradual_stream,CP,LRB-AZ-1201,12.000347,22.0,42.0221,0.4718,2.639,8.1667,27.7243,29.7252,25.9243,48944.87,7.7251,100.427,35.0,372.527,29.9243,69.746,286.559,513.9,3.724,0.0338,0.095634,0.165171,0.117183,0.137183,40.16,-111.85,whole-lake,whole-lake,stream_images/pond-02-step-004.jpg,pond_117,OPTIMUM,fishpond_visual_condition_v2_fixture,synthetic_condition_matched_mapping
2026-09-12T10:00:30+05:30,4,pond-03,nutrient_light_limited_normal,0.10056,synthetic_gradual_stream,FA,C046,12.000347,28.0,34.3295,0.4648,2.3536,8.1006,24.4972,26.498,22.6972,46181.01,7.4989,97.485,25.0,369.664,26.6972,69.184,284.357,484.8,3.905,0.0338,0.097039,0.163966,0.11648,0.13648,40.14,-111.87,whole-lake,whole-lake,stream_images/pond-03-step-004.jpg,pond_118,OPTIMUM,fishpond_visual_condition_v2_fixture,synthetic_condition_matched_mapping
2026-09-12T10:00:40+05:30,5,pond-01,stable,0.08302,synthetic_gradual_stream,ASU,KA32,12.000463,25.0,54.9036,0.4709,3.1952,8.0503,26.0467,28.0482,24.2467,48109.43,8.5993,111.791,32.0,286.484,28.2467,69.676,220.372,481.8,3.747,0.0447,0.095811,0.165019,0.117094,0.137094,40.15,-111.86,whole-lake,whole-lake,stream_images/pond-01-step-005.jpg,pond_119,OPTIMUM,fishpond_visual_condition_v2_fixture,synthetic_condition_matched_mapping
2026-09-12T10:00:40+05:30,5,pond-02,heat_low_oxygen_normal,0.08086,synthetic_gradual_stream,CP,LRB-AZ-1201,12.000463,22.0,42.0083,0.4717,2.6383,8.1672,27.7277,29.7291,25.9277,48945.54,7.7229,100.398,35.0,372.687,29.9277,69.736,286.683,514.7,3.728,0.0447,0.09566,0.165149,0.11717,0.13717,40.16,-111.85,whole-lake,whole-lake,stream_images/pond-02-step-005.jpg,pond_120,OPTIMUM,fishpond_visual_condition_v2_fixture,synthetic_condition_matched_mapping
2026-09-12T10:00:40+05:30,5,pond-03,nutrient_light_limited_normal,0.101,synthetic_gradual_stream,FA,C046,12.000463,28.0,34.3137,0.4647,2.3526,8.101,24.495,26.4965,22.695,46181.79,7.498,97.474,25.0,369.52,26.695,69.172,284.246,485.6,3.909,0.0447,0.09707,0.16394,0.116465,0.136465,40.14,-111.87,whole-lake,whole-lake,stream_images/pond-03-step-005.jpg,pond_121,OPTIMUM,fishpond_visual_condition_v2_fixture,synthetic_condition_matched_mapping
2026-09-12T10:00:50+05:30,6,pond-01,stable,0.08376,synthetic_gradual_stream,ASU,KA32,12.000579,25.0,54.8795,0.4707,3.194,8.0504,26.0587,28.0609,24.2587,48110.77,8.5989,111.785,32.0,286.756,28.2587,69.655,220.582,482.8,3.754,0.0554,0.095863,0.164974,0.117068,0.137068,40.15,-111.86,whole-lake,whole-lake,stream_images/pond-01-step-006.jpg,pond_122,OPTIMUM,fishpond_visual_condition_v2_fixture,synthetic_condition_matched_mapping
2026-09-12T10:00:50+05:30,6,pond-02,heat_low_oxygen_normal,0.08133,synthetic_gradual_stream,CP,LRB-AZ-1201,12.000579,22.0,41.9906,0.4715,2.6373,8.1679,27.732,29.7342,25.932,48946.4,7.7201,100.362,35.0,372.892,29.932,69.723,286.84,515.6,3.732,0.0554,0.095693,0.16512,0.117153,0.137153,40.16,-111.85,whole-lake,whole-lake,stream_images/pond-02-step-006.jpg,pond_125,OPTIMUM,fishpond_visual_condition_v2_fixture,synthetic_condition_matched_mapping
2026-09-12T10:00:50+05:30,6,pond-03,nutrient_light_limited_normal,0.10155,synthetic_gradual_stream,FA,C046,12.000579,28.0,34.2934,0.4645,2.3512,8.1016,24.4922,26.4945,22.6922,46182.79,7.4969,97.46,25.0,369.336,26.6922,69.157,284.105,486.5,3.914,0.0554,0.097109,0.163907,0.116446,0.136446,40.14,-111.87,whole-lake,whole-lake,stream_images/pond-03-step-006.jpg,pond_126,OPTIMUM,fishpond_visual_condition_v2_fixture,synthetic_condition_matched_mapping
2026-09-12T10:01:00+05:30,7,pond-01,stable,0.0845,synthetic_gradual_stream,ASU,KA32,12.000694,25.0,54.8554,0.4704,3.1928,8.0506,26.0707,28.0739,24.2707,48112.11,8.5984,111.779,32.0,287.088,28.2707,69.634,220.837,483.9,3.761,0.0658,0.095915,0.16493,0.117042,0.137042,40.15,-111.86,whole-lake,whole-lake,stream_images/pond-01-step-007.jpg,pond_128,OPTIMUM,fishpond_visual_condition_v2_fixture,synthetic_condition_matched_mapping
2026-09-12T10:01:00+05:30,7,pond-02,heat_low_oxygen_normal,0.08191,synthetic_gradual_stream,CP,LRB-AZ-1201,12.000694,22.0,41.9691,0.4713,2.6362,8.1688,27.7372,29.7405,25.9372,48947.45,7.7167,100.317,35.0,373.142,29.9372,69.706,287.032,516.5,3.737,0.0658,0.095734,0.165085,0.117133,0.137133,40.16,-111.85,whole-lake,whole-lake,stream_images/pond-02-step-007.jpg,pond_129,OPTIMUM,fishpond_visual_condition_v2_fixture,synthetic_condition_matched_mapping
2026-09-12T10:01:00+05:30,7,pond-03,nutrient_light_limited_normal,0.10222,synthetic_gradual_stream,FA,C046,12.000694,28.0,34.2688,0.4642,2.3495,8.1022,24.4889,26.4921,22.6889,46184.0,7.4956,97.442,25.0,369.113,26.6889,69.138,283.933,487.4,3.92,0.0658,0.097156,0.163867,0.116422,0.136422,40.14,-111.87,whole-lake,whole-lake,stream_images/pond-03-step-007.jpg,pond_130,OPTIMUM,fishpond_visual_condition_v2_fixture,synthetic_condition_matched_mapping
2026-09-12T10:01:10+05:30,8,pond-01,stable,0.08524,synthetic_gradual_stream,ASU,KA32,12.00081,25.0,54.8313,0.4702,3.1916,8.0508,26.0827,28.087,24.2827,48113.43,8.5978,111.772,32.0,287.481,28.2827,69.613,221.139,484.9,3.767,0.0758,0.095967,0.164886,0.117017,0.137017,40.15,-111.86,whole-lake,whole-lake,stream_images/pond-01-step-008.jpg,pond_133,OPTIMUM,fishpond_visual_condition_v2_fixture,synthetic_condition_matched_mapping
2026-09-12T10:01:10+05:30,8,pond-02,heat_low_oxygen_normal,0.0826,synthetic_gradual_stream,CP,LRB-AZ-1201,12.00081,22.0,41.9439,0.4711,2.6348,8.1698,27.7434,29.7478,25.9434,48948.68,7.7127,100.265,35.0,373.435,29.9434,69.687,287.258,517.5,3.743,0.0758,0.095782,0.165044,0.117109,0.137109,40.16,-111.85,whole-lake,whole-lake,stream_images/pond-02-step-008.jpg,pond_134,OPTIMUM,fishpond_visual_condition_v2_fixture,synthetic_condition_matched_mapping
2026-09-12T10:01:10+05:30,8,pond-03,nutrient_light_limited_normal,0.10302,synthetic_gradual_stream,FA,C046,12.00081,28.0,34.2399,0.4639,2.3476,8.103,24.4849,26.4893,22.6849,46185.43,7.494,97.422,25.0,368.85,26.6849,69.116,283.731,488.4,3.927,0.0758,0.097211,0.163819,0.116394,0.136394,40.14,-111.87,whole-lake,whole-lake,stream_images/pond-03-step-008.jpg,pond_135,OPTIMUM,fishpond_visual_condition_v2_fixture,synthetic_condition_matched_mapping
2026-09-12T10:01:20+05:30,9,pond-01,stable,0.08596,synthetic_gradual_stream,ASU,KA32,12.000926,25.0,54.8072,0.4699,3.1904,8.051,26.0946,28.1003,24.2946,48114.74,8.5971,111.763,32.0,287.933,28.2946,69.593,221.487,486.0,3.774,0.0854,0.096017,0.164842,0.116991,0.136991,40.15,-111.86,whole-lake,whole-lake,stream_images/pond-01-step-009.jpg,pond_144,OPTIMUM,fishpond_visual_condition_v2_fixture,synthetic_condition_matched_mapping
2026-09-12T10:01:20+05:30,9,pond-02,heat_low_oxygen_normal,0.08338,synthetic_gradual_stream,CP,LRB-AZ-1201,12.000926,22.0,41.9148,0.4708,2.6332,8.1709,27.7505,29.7562,25.9505,48950.09,7.708,100.204,35.0,373.772,29.9505,69.665,287.517,518.6,3.75,0.0854,0.095837,0.164997,0.117082,0.137082,40.16,-111.85,whole-lake,whole-lake,stream_images/pond-02-step-009.jpg,pond_145,OPTIMUM,fishpond_visual_condition_v2_fixture,synthetic_condition_matched_mapping
2026-09-12T10:01:20+05:30,9,pond-03,nutrient_light_limited_normal,0.10393,synthetic_gradual_stream,FA,C046,12.000926,28.0,34.2067,0.4636,2.3454,8.1039,24.4804,26.4861,22.6804,46187.07,7.4921,97.398,25.0,368.548,26.6804,69.09,283.499,489.5,3.935,0.0854,0.097275,0.163764,0.116363,0.136363,40.14,-111.87,whole-lake,whole-lake,stream_images/pond-03-step-009.jpg,pond_171,OPTIMUM,fishpond_visual_condition_v2_fixture,synthetic_condition_matched_mapping
2026-09-12T10:01:30+05:30,10,pond-01,stable,0.08668,synthetic_gradual_stream,ASU,KA32,12.001042,25.0,54.7831,0.4697,3.1892,8.0513,26.1065,28.1137,24.3065,48116.03,8.5964,111.753,32.0,288.446,28.3065,69.573,221.881,487.0,3.78,0.0945,0.096068,0.164799,0.116966,0.136966,40.15,-111.86,whole-lake,whole-lake,stream_images/pond-01-step-010.jpg,pond_177,OPTIMUM,fishpond_visual_condition_v2_fixture,synthetic_condition_matched_mapping
2026-09-12T10:01:30+05:30,10,pond-02,heat_low_oxygen_normal,0.08427,synthetic_gradual_stream,CP,LRB-AZ-1201,12.001042,22.0,41.882,0.4705,2.6315,8.1722,27.7584,29.7657,25.9584,48951.69,7.7028,100.137,35.0,374.152,29.9584,69.64,287.809,519.7,3.758,0.0945,0.095899,0.164944,0.117051,0.137051,40.16,-111.85,whole-lake,whole-lake,stream_images/pond-02-step-010.jpg,pond_181,OPTIMUM,fishpond_visual_condition_v2_fixture,synthetic_condition_matched_mapping
2026-09-12T10:01:30+05:30,10,pond-03,nutrient_light_limited_normal,0.10495,synthetic_gradual_stream,FA,C046,12.001042,28.0,34.1692,0.4633,2.3429,8.105,24.4752,26.4825,22.6752,46188.91,7.4901,97.371,25.0,368.208,26.6752,69.061,283.237,490.7,3.945,0.0945,0.097347,0.163703,0.116327,0.136327,40.14,-111.87,whole-lake,whole-lake,stream_images/pond-03-step-010.jpg,pond_184,OPTIMUM,fishpond_visual_condition_v2_fixture,synthetic_condition_matched_mapping
2026-09-12T10:01:40+05:30,11,pond-01,stable,0.08739,synthetic_gradual_stream,ASU,KA32,12.001157,25.0,54.759,0.4694,3.188,8.0516,26.1183,28.1272,24.3183,48117.3,8.5955,111.742,32.0,289.017,28.3183,69.553,222.321,488.1,3.787,0.103,0.096117,0.164757,0.116941,0.136941,40.15,-111.86,whole-lake,whole-lake,stream_images/pond-01-step-011.jpg,pond_189,OPTIMUM,fishpond_visual_condition_v2_fixture,synthetic_condition_matched_mapping
2026-09-12T10:01:40+05:30,11,pond-02,heat_low_oxygen_normal,0.08526,synthetic_gradual_stream,CP,LRB-AZ-1201,12.001157,22.0,41.8456,0.4702,2.6295,8.1736,27.7673,29.7762,25.9673,48953.46,7.697,100.061,35.0,374.575,29.9673,69.613,288.134,521.0,3.767,0.103,0.095968,0.164885,0.117016,0.137016,40.16,-111.85,whole-lake,whole-lake,stream_images/pond-02-step-011.jpg,pond_190,OPTIMUM,fishpond_visual_condition_v2_fixture,synthetic_condition_matched_mapping
2026-09-12T10:01:40+05:30,11,pond-03,nutrient_light_limited_normal,0.10609,synthetic_gradual_stream,FA,C046,12.001157,28.0,34.1276,0.4629,2.3401,8.1061,24.4695,26.4785,22.6695,46190.97,7.4878,97.342,25.0,367.83,26.6695,69.029,282.946,491.9,3.955,0.103,0.097426,0.163634,0.116287,0.136287,40.14,-111.87,whole-lake,whole-lake,stream_images/pond-03-step-011.jpg,pond_191,OPTIMUM,fishpond_visual_condition_v2_fixture,synthetic_condition_matched_mapping
2026-09-12T10:01:50+05:30,12,pond-01,stable,0.08809,synthetic_gradual_stream,ASU,KA32,12.001273,25.0,54.7349,0.4692,3.1867,8.0519,26.1299,28.1407,24.3299,48118.56,8.5946,111.73,32.0,289.649,28.3299,69.534,222.807,489.2,3.793,0.111,0.096166,0.164715,0.116917,0.136917,40.15,-111.86,whole-lake,whole-lake,stream_images/pond-01-step-012.jpg,pond_200,OPTIMUM,fishpond_visual_condition_v2_fixture,synthetic_condition_matched_mapping
2026-09-12T10:01:50+05:30,12,pond-02,heat_low_oxygen_normal,0.08634,synthetic_gradual_stream,CP,LRB-AZ-1201,12.001273,22.0,41.8054,0.4698,2.6273,8.1752,27.7771,29.7879,25.9771,48955.41,7.6906,99.978,35.0,375.04,29.9771,69.582,288.492,522.3,3.777,0.111,0.096044,0.16482,0.116978,0.136978,40.16,-111.85,whole-lake,whole-lake,stream_images/pond-02-step-012.jpg,pond_211,OPTIMUM,fishpond_visual_condition_v2_fixture,synthetic_condition_matched_mapping
2026-09-12T10:01:50+05:30,12,pond-03,nutrient_light_limited_normal,0.10735,synthetic_gradual_stream,FA,C046,12.001273,28.0,34.0819,0.4624,2.337,8.1073,24.4633,26.4741,22.6633,46193.22,7.4853,97.309,25.0,367.415,26.6633,68.994,282.627,493.2,3.966,0.111,0.097514,0.163559,0.116243,0.136243,40.14,-111.87,whole-lake,whole-lake,stream_images/pond-03-step-012.jpg,pond_212,OPTIMUM,fishpond_visual_condition_v2_fixture,synthetic_condition_matched_mapping
2026-09-12T10:02:00+05:30,13,pond-01,stable,0.08877,synthetic_gradual_stream,ASU,KA32,12.001389,25.0,54.7108,0.4689,3.1855,8.0523,26.1414,28.1542,24.3414,48119.79,8.5936,111.717,32.0,290.339,28.3414,69.514,223.338,490.2,3.799,0.1183,0.096214,0.164674,0.116893,0.136893,40.15,-111.86,whole-lake,whole-lake,stream_images/pond-01-step-013.jpg,pond_213,OPTIMUM,fishpond_visual_condition_v2_fixture,synthetic_condition_matched_mapping
2026-09-12T10:02:00+05:30,13,pond-02,heat_low_oxygen_normal,0.08752,synthetic_gradual_stream,CP,LRB-AZ-1201,12.001389,22.0,41.7617,0.4694,2.625,8.1769,27.7877,29.8005,25.9877,48957.54,7.6836,99.887,35.0,375.547,29.9877,69.549,288.882,523.6,3.788,0.1183,0.096127,0.164749,0.116937,0.136937,40.16,-111.85,whole-lake,whole-lake,stream_images/pond-02-step-013.jpg,pond_214,OPTIMUM,fishpond_visual_condition_v2_fixture,synthetic_condition_matched_mapping
2026-09-12T10:02:00+05:30,13,pond-03,nutrient_light_limited_normal,0.10871,synthetic_gradual_stream,FA,C046,12.001389,28.0,34.0321,0.462,2.3337,8.1087,24.4565,26.4693,22.6565,46195.68,7.4826,97.274,25.0,366.963,26.6565,68.956,282.279,494.6,3.978,0.1183,0.09761,0.163477,0.116195,0.136195,40.14,-111.87,whole-lake,whole-lake,stream_images/pond-03-step-013.jpg,pond_215,OPTIMUM,fishpond_visual_condition_v2_fixture,synthetic_condition_matched_mapping
2026-09-12T10:02:10+05:30,14,pond-01,stable,0.08945,synthetic_gradual_stream,ASU,KA32,12.001505,25.0,54.6867,0.4687,3.1843,8.0527,26.1526,28.1677,24.3526,48121.01,8.5925,111.702,32.0,291.089,28.3526,69.495,223.915,491.3,3.805,0.1249,0.096261,0.164633,0.116869,0.136869,40.15,-111.86,whole-lake,whole-lake,stream_images/pond-01-step-014.jpg,pond_216,OPTIMUM,fishpond_visual_condition_v2_fixture,synthetic_condition_matched_mapping
2026-09-12T10:02:10+05:30,14,pond-02,heat_low_oxygen_normal,0.0888,synthetic_gradual_stream,CP,LRB-AZ-1201,12.001505,22.0,41.7144,0.4689,2.6224,8.1788,27.7992,29.8143,25.9992,48959.84,7.6761,99.789,35.0,376.095,29.9992,69.514,289.304,525.0,3.799,0.1249,0.096216,0.164672,0.116892,0.136892,40.16,-111.85,whole-lake,whole-lake,stream_images/pond-02-step-014.jpg,pond_217,OPTIMUM,fishpond_visual_condition_v2_fixture,synthetic_condition_matched_mapping
2026-09-12T10:02:10+05:30,14,pond-03,nutrient_light_limited_normal,0.11019,synthetic_gradual_stream,FA,C046,12.001505,28.0,33.9782,0.4614,2.33,8.1102,24.4491,26.4641,22.6491,46198.33,7.4796,97.235,25.0,366.474,26.6491,68.915,281.903,496.0,3.992,0.1249,0.097713,0.163389,0.116144,0.136144,40.14,-111.87,whole-lake,whole-lake,stream_images/pond-03-step-014.jpg,pond_218,OPTIMUM,fishpond_visual_condition_v2_fixture,synthetic_condition_matched_mapping
2026-09-12T10:02:20+05:30,15,pond-01,stable,0.09011,synthetic_gradual_stream,ASU,KA32,12.00162,25.0,54.6627,0.4685,3.1831,8.0531,26.1637,28.1811,24.3637,48122.2,8.5913,111.687,32.0,291.897,28.3637,69.477,224.536,492.3,3.811,0.1308,0.096308,0.164593,0.116846,0.136846,40.15,-111.86,whole-lake,whole-lake,stream_images/pond-01-step-015.jpg,pond_219,OPTIMUM,fishpond_visual_condition_v2_fixture,synthetic_condition_matched_mapping
2026-09-12T10:02:20+05:30,15,pond-02,heat_low_oxygen_normal,0.09018,synthetic_gradual_stream,CP,LRB-AZ-1201,12.00162,22.0,41.6635,0.4684,2.6196,8.1808,27.8116,29.829,26.0116,48962.32,7.668,99.684,35.0,376.685,30.0116,69.475,289.758,526.5,3.812,0.1308,0.096312,0.164589,0.116844,0.136844,40.16,-111.85,whole-lake,whole-lake,stream_images/pond-02-step-015.jpg,pond_220,OPTIMUM,fishpond_visual_condition_v2_fixture,synthetic_condition_matched_mapping
2026-09-12T10:02:20+05:30,15,pond-03,nutrient_light_limited_normal,0.11177,synthetic_gradual_stream,FA,C046,12.00162,28.0,33.9204,0.4609,2.3262,8.1118,24.4412,26.4586,22.6412,46201.19,7.4765,97.194,25.0,365.948,26.6412,68.87,281.499,497.5,4.006,0.1308,0.097824,0.163294,0.116088,0.136088,40.14,-111.87,whole-lake,whole-lake,stream_images/pond-03-step-015.jpg,pond_221,OPTIMUM,fishpond_visual_condition_v2_fixture,synthetic_condition_matched_mapping
2026-09-12T10:02:30+05:30,16,pond-01,stable,0.09075,synthetic_gradual_stream,ASU,KA32,12.001736,25.0,54.6386,0.4682,3.1819,8.0536,26.1745,28.1945,24.3745,48123.36,8.59,111.67,32.0,292.764,28.3745,69.459,225.203,493.4,3.817,0.136,0.096353,0.164555,0.116824,0.136824,40.15,-111.86,whole-lake,whole-lake,stream_images/pond-01-step-016.jpg,pond_222,OPTIMUM,fishpond_visual_condition_v2_fixture,synthetic_condition_matched_mapping
2026-09-12T10:02:30+05:30,16,pond-02,heat_low_oxygen_normal,0.09164,synthetic_gradual_stream,CP,LRB-AZ-1201,12.001736,22.0,41.6092,0.4679,2.6167,8.1829,27.8248,29.8448,26.0248,48964.96,7.6593,99.571,35.0,377.315,30.0248,69.434,290.243,528.1,3.825,0.136,0.096415,0.164501,0.116792,0.136792,40.16,-111.85,whole-lake,whole-lake,stream_images/pond-02-step-016.jpg,pond_223,OPTIMUM,fishpond_visual_condition_v2_fixture,synthetic_condition_matched_mapping
2026-09-12T10:02:30+05:30,16,pond-03,nutrient_light_limited_normal,0.11346,synthetic_gradual_stream,FA,C046,12.001736,28.0,33.8586,0.4603,2.322,8.1135,24.4327,26.4527,22.6327,46204.23,7.4731,97.15,25.0,365.387,26.6327,68.823,281.067,499.1,4.021,0.136,0.097942,0.163192,0.116029,0.136029,40.14,-111.87,whole-lake,whole-lake,stream_images/pond-03-step-016.jpg,pond_224,OPTIMUM,fishpond_visual_condition_v2_fixture,synthetic_condition_matched_mapping
2026-09-12T10:02:40+05:30,17,pond-01,stable,0.09139,synthetic_gradual_stream,ASU,KA32,12.001852,25.0,54.6145,0.468,3.1807,8.0541,26.185,28.2078,24.385,48124.49,8.5886,111.652,32.0,293.689,28.385,69.441,225.914,494.4,3.822,0.1404,0.096397,0.164517,0.116802,0.136802,40.15,-111.86,whole-lake,whole-lake,stream_images/pond-01-step-017.jpg,pond_225,OPTIMUM,fishpond_visual_condition_v2_fixture,synthetic_condition_matched_mapping
2026-09-12T10:02:40+05:30,17,pond-02,heat_low_oxygen_normal,0.09321,synthetic_gradual_stream,CP,LRB-AZ-1201,12.001852,22.0,41.5513,0.4674,2.6136,8.1852,27.8389,29.8616,26.0389,48967.77,7.6501,99.451,35.0,377.986,30.0389,69.39,290.759,529.7,3.839,0.1404,0.096525,0.164408,0.116738,0.136738,40.16,-111.85,whole-lake,whole-lake,stream_images/pond-02-step-017.jpg,pond_226,OPTIMUM,fishpond_visual_condition_v2_fixture,synthetic_condition_matched_mapping
2026-09-12T10:02:40+05:30,17,pond-03,nutrient_light_limited_normal,0.11526,synthetic_gradual_stream,FA,C046,12.001852,28.0,33.793,0.4597,2.3176,8.1153,24.4237,26.4464,22.6237,46207.47,7.4695,97.103,25.0,364.791,26.6237,68.773,280.609,500.7,4.037,0.1404,0.098068,0.163084,0.115966,0.135966,40.14,-111.87,whole-lake,whole-lake,stream_images/pond-03-step-017.jpg,pond_227,OPTIMUM,fishpond_visual_condition_v2_fixture,synthetic_condition_matched_mapping
2026-09-12T10:02:50+05:30,18,pond-01,stable,0.092,synthetic_gradual_stream,ASU,KA32,12.001968,25.0,54.5904,0.4678,3.1795,8.0546,26.1952,28.2209,24.3952,48125.6,8.5872,111.633,32.0,294.671,28.3952,69.424,226.67,495.5,3.828,0.144,0.09644,0.16448,0.11678,0.13678,40.15,-111.86,whole-lake,whole-lake,stream_images/pond-01-step-018.jpg,pond_228,OPTIMUM,fishpond_visual_condition_v2_fixture,synthetic_condition_matched_mapping
2026-09-12T10:02:50+05:30,18,pond-02,heat_low_oxygen_normal,0.09486,synthetic_gradual_stream,CP,LRB-AZ-1201,12.001968,22.0,41.49,0.4668,2.6103,8.1876,27.8538,29.8794,26.0538,48970.76,7.6403,99.324,35.0,378.697,30.0538,69.344,291.305,531.4,3.854,0.144,0.096641,0.164308,0.11668,0.13668,40.16,-111.85,whole-lake,whole-lake,stream_images/pond-02-step-018.jpg,pond_229,OPTIMUM,fishpond_visual_condition_v2_fixture,synthetic_condition_matched_mapping
2026-09-12T10:02:50+05:30,18,pond-03,nutrient_light_limited_normal,0.11716,synthetic_gradual_stream,FA,C046,12.001968,28.0,33.7235,0.459,2.3129,8.1172,24.4142,26.4398,22.6142,46210.9,7.4657,97.054,25.0,364.16,26.6142,68.719,280.123,502.4,4.054,0.144,0.098202,0.16297,0.115899,0.135899,40.14,-111.87,whole-lake,whole-lake,stream_images/pond-03-step-018.jpg,pond_230,OPTIMUM,fishpond_visual_condition_v2_fixture,synthetic_condition_matched_mapping
2026-09-12T10:03:00+05:30,19,pond-01,stable,0.0926,synthetic_gradual_stream,ASU,KA32,12.002083,25.0,54.5663,0.4676,3.1783,8.0552,26.2051,28.2338,24.4051,48126.67,8.5856,111.613,32.0,295.711,28.4051,69.407,227.47,496.5,3.833,0.1468,0.096482,0.164444,0.116759,0.136759,40.15,-111.86,whole-lake,whole-lake,stream_images/pond-01-step-019.jpg,pond_231,OPTIMUM,fishpond_visual_condition_v2_fixture,synthetic_condition_matched_mapping
2026-09-12T10:03:00+05:30,19,pond-02,heat_low_oxygen_normal,0.09661,synthetic_gradual_stream,CP,LRB-AZ-1201,12.002083,22.0,41.4253,0.4662,2.6068,8.1901,27.8695,29.8982,26.0695,48973.9,7.63,99.19,35.0,379.447,30.0695,69.295,291.882,533.2,3.87,0.1468,0.096763,0.164203,0.116619,0.136619,40.16,-111.85,whole-lake,whole-lake,stream_images/pond-02-step-019.jpg,pond_232,OPTIMUM,fishpond_visual_condition_v2_fixture,synthetic_condition_matched_mapping
2026-09-12T10:03:00+05:30,19,pond-03,nutrient_light_limited_normal,0.11917,synthetic_gradual_stream,FA,C046,12.002083,28.0,33.6502,0.4583,2.308,8.1192,24.4041,26.4329,22.6041,46214.51,7.4617,97.002,25.0,363.494,26.6041,68.663,279.611,504.2,4.073,0.1468,0.098342,0.16285,0.115829,0.135829,40.14,-111.87,whole-lake,whole-lake,stream_images/pond-03-step-019.jpg,pond_233,OPTIMUM,fishpond_visual_condition_v2_fixture,synthetic_condition_matched_mapping
2026-09-12T10:03:10+05:30,20,pond-01,stable,0.09318,synthetic_gradual_stream,ASU,KA32,12.002199,25.0,54.5422,0.4674,3.1771,8.0558,26.2146,28.2466,24.4146,48127.72,8.584,111.592,32.0,296.808,28.4146,69.391,228.314,497.6,3.839,0.1487,0.096522,0.164409,0.116739,0.136739,40.15,-111.86,whole-lake,whole-lake,stream_images/pond-01-step-020.jpg,pond_234,OPTIMUM,fishpond_visual_condition_v2_fixture,synthetic_condition_matched_mapping
2026-09-12T10:03:10+05:30,20,pond-02,heat_low_oxygen_normal,0.09845,synthetic_gradual_stream,CP,LRB-AZ-1201,12.002199,22.0,41.3573,0.4655,2.6031,8.1928,27.8861,29.918,26.0861,48977.21,7.6191,99.049,35.0,380.236,30.0861,69.243,292.489,535.0,3.886,0.1487,0.096892,0.164093,0.116554,0.136554,40.16,-111.85,whole-lake,whole-lake,stream_images/pond-02-step-020.jpg,pond_235,OPTIMUM,fishpond_visual_condition_v2_fixture,synthetic_condition_matched_mapping
2026-09-12T10:03:10+05:30,20,pond-03,nutrient_light_limited_normal,0.12128,synthetic_gradual_stream,FA,C046,12.002199,28.0,33.5732,0.4576,2.3029,8.1213,24.3936,26.4256,22.5936,46218.31,7.4574,96.947,25.0,362.795,26.5936,68.604,279.073,506.0,4.092,0.1487,0.09849,0.162723,0.115755,0.135755,40.14,-111.87,whole-lake,whole-lake,stream_images/pond-03-step-020.jpg,pond_236,OPTIMUM,fishpond_visual_condition_v2_fixture,synthetic_condition_matched_mapping
2026-09-12T10:03:20+05:30,21,pond-01,stable,0.09374,synthetic_gradual_stream,ASU,KA32,12.002315,25.0,54.5181,0.4672,3.1759,8.0564,26.2238,28.2592,24.4238,48128.72,8.5823,111.57,32.0,297.962,28.4238,69.375,229.202,498.6,3.844,0.1498,0.096561,0.164376,0.116719,0.136719,40.15,-111.86,whole-lake,whole-lake,stream_images/pond-01-step-021.jpg,pond_237,OPTIMUM,fishpond_visual_condition_v2_fixture,synthetic_condition_matched_mapping
2026-09-12T10:03:20+05:30,21,pond-02,heat_low_oxygen_normal,0.10038,synthetic_gradual_stream,CP,LRB-AZ-1201,12.002315,22.0,41.2859,0.4649,2.5992,8.1956,27.9034,29.9388,26.1034,48980.69,7.6077,98.901,35.0,381.064,30.1034,69.189,293.126,536.9,3.903,0.1498,0.097027,0.163977,0.116487,0.136487,40.16,-111.85,whole-lake,whole-lake,stream_images/pond-02-step-021.jpg,pond_238,OPTIMUM,fishpond_visual_condition_v2_fixture,synthetic_condition_matched_mapping
2026-09-12T10:03:20+05:30,21,pond-03,nutrient_light_limited_normal,0.1235,synthetic_gradual_stream,FA,C046,12.002315,28.0,33.4924,0.4568,2.2974,8.1235,24.3825,26.4179,22.5825,46222.29,7.453,96.889,25.0,362.061,26.5825,68.542,278.509,507.9,4.111,0.1498,0.098645,0.16259,0.115678,0.135678,40.14,-111.87,whole-lake,whole-lake,stream_images/pond-03-step-021.jpg,pond_239,OPTIMUM,fishpond_visual_condition_v2_fixture,synthetic_condition_matched_mapping
2026-09-12T10:03:30+05:30,22,pond-01,stable,0.09428,synthetic_gradual_stream,ASU,KA32,12.002431,25.0,54.494,0.467,3.1747,8.057,26.2326,28.2716,24.4326,48129.7,8.5805,111.547,32.0,299.172,28.4326,69.36,230.132,499.6,3.848,0.15,0.096599,0.164343,0.1167,0.1367,40.15,-111.86,whole-lake,whole-lake,stream_images/pond-01-step-022.jpg,pond_240,OPTIMUM,fishpond_visual_condition_v2_fixture,synthetic_condition_matched_mapping
2026-09-12T10:03:30+05:30,22,pond-02,heat_low_oxygen_normal,0.1024,synthetic_gradual_stream,CP,LRB-AZ-1201,12.002431,22.0,41.2112,0.4642,2.5952,8.1985,27.9216,29.9606,26.1216,48984.32,7.5958,98.746,35.0,381.93,30.1216,69.133,293.792,538.9,3.922,0.15,0.097168,0.163856,0.116416,0.136416,40.16,-111.85,whole-lake,whole-lake,stream_images/pond-02-step-022.jpg,pond_241,OPTIMUM,fishpond_visual_condition_v2_fixture,synthetic_condition_matched_mapping
2026-09-12T10:03:30+05:30,22,pond-03,nutrient_light_limited_normal,0.12581,synthetic_gradual_stream,FA,C046,12.002431,28.0,33.408,0.456,2.2918,8.1258,24.371,26.4099,22.571,46226.45,7.4484,96.829,25.0,361.295,26.571,68.477,277.919,509.9,4.132,0.15,0.098807,0.162452,0.115597,0.135597,40.14,-111.87,whole-lake,whole-lake,stream_images/pond-03-step-022.jpg,pond_242,OPTIMUM,fishpond_visual_condition_v2_fixture,synthetic_condition_matched_mapping
2026-09-12T10:03:40+05:30,23,pond-01,stable,0.0948,synthetic_gradual_stream,ASU,KA32,12.002546,25.0,54.4699,0.4668,3.1735,8.0577,26.241,28.2837,24.441,48130.63,8.5786,111.522,32.0,300.438,28.441,69.346,231.106,500.6,3.853,0.1493,0.096636,0.164312,0.116682,0.136682,40.15,-111.86,whole-lake,whole-lake,stream_images/pond-01-step-023.jpg,pond_243,OPTIMUM,fishpond_visual_condition_v2_fixture,synthetic_condition_matched_mapping
2026-09-12T10:03:40+05:30,23,pond-02,heat_low_oxygen_normal,0.10451,synthetic_gradual_stream,CP,LRB-AZ-1201,12.002546,22.0,41.1332,0.4634,2.591,8.2015,27.9406,29.9833,26.1406,48988.11,7.5834,98.584,35.0,382.833,30.1406,69.074,294.487,540.9,3.941,0.1493,0.097315,0.16373,0.116342,0.136342,40.16,-111.85,whole-lake,whole-lake,stream_images/pond-02-step-023.jpg,pond_244,OPTIMUM,fishpond_visual_condition_v2_fixture,synthetic_condition_matched_mapping
2026-09-12T10:03:40+05:30,23,pond-03,nutrient_light_limited_normal,0.12822,synthetic_gradual_stream,FA,C046,12.002546,28.0,33.3201,0.4551,2.2859,8.1282,24.3589,26.4016,22.5589,46230.79,7.4436,96.766,25.0,360.496,26.5589,68.41,277.304,511.9,4.154,0.1493,0.098975,0.162307,0.115512,0.135512,40.14,-111.87,whole-lake,whole-lake,stream_images/pond-03-step-023.jpg,pond_245,OPTIMUM,fishpond_visual_condition_v2_fixture,synthetic_condition_matched_mapping
2026-09-12T10:03:50+05:30,24,pond-01,stable,0.09529,synthetic_gradual_stream,ASU,KA32,12.002662,25.0,54.4458,0.4666,3.1723,8.0584,26.249,28.2956,24.449,48131.53,8.5767,111.497,32.0,301.759,28.449,69.332,232.122,489.1,3.858,0.1478,0.096671,0.164282,0.116665,0.136665,40.15,-111.86,whole-lake,whole-lake,stream_images/pond-01-step-024.jpg,pond_246,OPTIMUM,fishpond_visual_condition_v2_fixture,synthetic_condition_matched_mapping
2026-09-12T10:03:50+05:30,24,pond-02,heat_low_oxygen_normal,0.1067,synthetic_gradual_stream,CP,LRB-AZ-1201,12.002662,22.0,41.0521,0.4627,2.5866,8.2047,27.9603,30.0069,26.1603,48992.06,7.5705,98.416,35.0,383.775,30.1603,69.012,295.211,530.5,3.96,0.1478,0.097469,0.163598,0.116265,0.136265,40.16,-111.85,whole-lake,whole-lake,stream_images/pond-02-step-024.jpg,pond_247,OPTIMUM,fishpond_visual_condition_v2_fixture,synthetic_condition_matched_mapping
2026-09-12T10:03:50+05:30,24,pond-03,nutrient_light_limited_normal,0.13073,synthetic_gradual_stream,FA,C046,12.002662,28.0,33.2285,0.4542,2.2797,8.1307,24.3464,26.393,22.5464,46235.31,7.4385,96.701,25.0,359.664,26.5464,68.34,276.665,501.4,4.177,0.1478,0.099151,0.162156,0.115425,0.135425,40.14,-111.87,whole-lake,whole-lake,stream_images/pond-03-step-024.jpg,pond_248,OPTIMUM,fishpond_visual_condition_v2_fixture,synthetic_condition_matched_mapping
2026-09-12T10:04:00+05:30,25,pond-01,stable,0.09577,synthetic_gradual_stream,ASU,KA32,12.002778,25.0,54.4217,0.4665,3.1711,8.0591,26.2565,28.3072,24.4565,48132.39,8.5747,111.47,32.0,303.135,28.4565,69.318,233.181,490.1,3.862,0.1455,0.096704,0.164254,0.116648,0.136648,40.15,-111.86,whole-lake,whole-lake,stream_images/pond-01-step-025.jpg,pond_249,OPTIMUM,fishpond_visual_condition_v2_fixture,synthetic_condition_matched_mapping
2026-09-12T10:04:00+05:30,25,pond-02,heat_low_oxygen_normal,0.10898,synthetic_gradual_stream,CP,LRB-AZ-1201,12.002778,22.0,40.9677,0.4619,2.582,8.208,27.9808,30.0315,26.1808,48996.17,7.557,98.241,35.0,384.753,30.1808,68.949,295.964,532.6,3.981,0.1455,0.097629,0.163461,0.116186,0.136186,40.16,-111.85,whole-lake,whole-lake,stream_images/pond-02-step-025.jpg,pond_250,OPTIMUM,fishpond_visual_condition_v2_fixture,synthetic_condition_matched_mapping
2026-09-12T10:04:00+05:30,25,pond-03,nutrient_light_limited_normal,0.13333,synthetic_gradual_stream,FA,C046,12.002778,28.0,33.1335,0.4533,2.2733,8.1333,24.3334,26.384,22.5334,46239.99,7.4333,96.633,25.0,358.801,26.5334,68.267,276.001,503.6,4.2,0.1455,0.099333,0.162,0.115333,0.135333,40.14,-111.87,whole-lake,whole-lake,stream_images/pond-03-step-025.jpg,pond_251,OPTIMUM,fishpond_visual_condition_v2_fixture,synthetic_condition_matched_mapping
2026-09-12T10:04:10+05:30,26,pond-01,stable,0.09622,synthetic_gradual_stream,ASU,KA32,12.002894,25.0,54.3976,0.4663,3.1699,8.0599,26.2636,28.3186,24.4636,48133.2,8.5725,111.443,32.0,304.565,28.4636,69.306,234.281,491.1,3.866,0.1423,0.096736,0.164227,0.116632,0.136632,40.15,-111.86,whole-lake,whole-lake,stream_images/pond-01-step-026.jpg,pond_252,OPTIMUM,fishpond_visual_condition_v2_fixture,synthetic_condition_matched_mapping
2026-09-12T10:04:10+05:30,26,pond-02,heat_low_oxygen_normal,0.11135,synthetic_gradual_stream,CP,LRB-AZ-1201,12.002894,22.0,40.8802,0.461,2.5773,8.2115,28.0021,30.057,26.2021,49000.42,7.5431,98.06,35.0,385.768,30.2021,68.882,296.744,534.8,4.002,0.1423,0.097794,0.163319,0.116103,0.136103,40.16,-111.85,whole-lake,whole-lake,stream_images/pond-02-step-026.jpg,pond_253,OPTIMUM,fishpond_visual_condition_v2_fixture,synthetic_condition_matched_mapping
2026-09-12T10:04:10+05:30,26,pond-03,nutrient_light_limited_normal,0.13603,synthetic_gradual_stream,FA,C046,12.002894,28.0,33.035,0.4524,2.2667,8.136,24.3199,26.3748,22.5199,46244.85,7.4279,96.563,25.0,357.907,26.5199,68.191,275.313,505.8,4.224,0.1423,0.099522,0.161838,0.115239,0.135239,40.14,-111.87,whole-lake,whole-lake,stream_images/pond-03-step-026.jpg,pond_254,OPTIMUM,fishpond_visual_condition_v2_fixture,synthetic_condition_matched_mapping
2026-09-12T10:04:20+05:30,27,pond-01,stable,0.09666,synthetic_gradual_stream,ASU,KA32,12.003009,25.0,54.3735,0.4662,3.1687,8.0607,26.2703,28.3296,24.4703,48133.98,8.5703,111.414,32.0,306.05,28.4703,69.294,235.423,492.1,3.87,0.1383,0.096766,0.164201,0.116617,0.136617,40.15,-111.86,whole-lake,whole-lake,stream_images/pond-01-step-027.jpg,pond_255,OPTIMUM,fishpond_visual_condition_v2_fixture,synthetic_condition_matched_mapping
2026-09-12T10:04:20+05:30,27,pond-02,heat_low_oxygen_normal,0.1138,synthetic_gradual_stream,CP,LRB-AZ-1201,12.003009,22.0,40.7895,0.4602,2.5724,8.215,28.0242,30.0835,26.2242,49004.83,7.5286,97.872,35.0,386.819,30.2242,68.814,297.553,537.1,4.024,0.1383,0.097966,0.163172,0.116017,0.136017,40.16,-111.85,whole-lake,whole-lake,stream_images/pond-02-step-027.jpg,pond_256,OPTIMUM,fishpond_visual_condition_v2_fixture,synthetic_condition_matched_mapping
2026-09-12T10:04:20+05:30,27,pond-03,nutrient_light_limited_normal,0.13882,synthetic_gradual_stream,FA,C046,12.003009,28.0,32.933,0.4514,2.2599,8.1388,24.3059,26.3652,22.5059,46249.88,7.4224,96.491,25.0,356.981,26.5059,68.113,274.601,508.0,4.249,0.1383,0.099717,0.161671,0.115141,0.135141,40.14,-111.87,whole-lake,whole-lake,stream_images/pond-03-step-027.jpg,pond_257,OPTIMUM,fishpond_visual_condition_v2_fixture,synthetic_condition_matched_mapping
2026-09-12T10:04:30+05:30,28,pond-01,stable,0.09706,synthetic_gradual_stream,ASU,KA32,12.003125,25.0,54.3494,0.466,3.1675,8.0615,26.2765,28.3404,24.4765,48134.71,8.5681,111.385,32.0,307.587,28.4765,69.282,236.606,493.1,3.874,0.1335,0.096794,0.164176,0.116603,0.136603,40.15,-111.86,whole-lake,whole-lake,stream_images/pond-01-step-028.jpg,pond_258,OPTIMUM,fishpond_visual_condition_v2_fixture,synthetic_condition_matched_mapping
2026-09-12T10:04:30+05:30,28,pond-02,heat_low_oxygen_normal,0.11633,synthetic_gradual_stream,CP,LRB-AZ-1201,12.003125,22.0,40.6958,0.4593,2.5673,8.2187,28.047,30.1108,26.247,49009.39,7.5137,97.678,35.0,387.905,30.247,68.743,298.389,539.4,4.047,0.1335,0.098143,0.16302,0.115928,0.135928,40.16,-111.85,whole-lake,whole-lake,stream_images/pond-02-step-028.jpg,pond_259,OPTIMUM,fishpond_visual_condition_v2_fixture,synthetic_condition_matched_mapping
2026-09-12T10:04:30+05:30,28,pond-03,nutrient_light_limited_normal,0.14171,synthetic_gradual_stream,FA,C046,12.003125,28.0,32.8278,0.4504,2.2528,8.1417,24.2915,26.3553,22.4915,46255.07,7.4166,96.416,25.0,356.025,26.4915,68.032,273.865,510.3,4.275,0.1335,0.099919,0.161498,0.11504,0.13504,40.14,-111.87,whole-lake,whole-lake,stream_images/pond-03-step-028.jpg,pond_260,OPTIMUM,fishpond_visual_condition_v2_fixture,synthetic_condition_matched_mapping
2026-09-12T10:04:40+05:30,29,pond-01,stable,0.09745,synthetic_gradual_stream,ASU,KA32,12.003241,25.0,54.3253,0.4659,3.1663,8.0623,26.2823,28.3508,24.4823,48135.4,8.5657,111.354,32.0,309.178,28.4823,69.272,237.829,494.0,3.877,0.128,0.096821,0.164153,0.116589,0.136589,40.15,-111.86,whole-lake,whole-lake,stream_images/pond-01-step-029.jpg,pond_261,OPTIMUM,fishpond_visual_condition_v2_fixture,synthetic_condition_matched_mapping
2026-09-12T10:04:40+05:30,29,pond-02,heat_low_oxygen_normal,0.11894,synthetic_gradual_stream,CP,LRB-AZ-1201,12.003241,22.0,40.599,0.4584,2.5621,8.2225,28.0705,30.1391,26.2705,49014.1,7.4982,97.477,35.0,389.027,30.2705,68.67,299.252,541.8,4.071,0.128,0.098326,0.162863,0.115837,0.135837,40.16,-111.85,whole-lake,whole-lake,stream_images/pond-02-step-029.jpg,pond_262,OPTIMUM,fishpond_visual_condition_v2_fixture,synthetic_condition_matched_mapping
2026-09-12T10:04:40+05:30,29,pond-03,nutrient_light_limited_normal,0.14468,synthetic_gradual_stream,FA,C046,12.003241,28.0,32.7192,0.4494,2.2455,8.1447,24.2766,26.3452,22.4766,46260.42,7.4106,96.338,25.0,355.038,26.4766,67.949,273.107,512.7,4.302,0.128,0.100128,0.161319,0.114936,0.134936,40.14,-111.87,whole-lake,whole-lake,stream_images/pond-03-step-029.jpg,pond_263,OPTIMUM,fishpond_visual_condition_v2_fixture,synthetic_condition_matched_mapping
2026-09-12T10:04:50+05:30,30,pond-01,stable,0.0978,synthetic_gradual_stream,ASU,KA32,12.003356,25.0,54.3012,0.4658,3.1651,8.0632,26.2875,28.361,24.4875,48136.05,8.5633,111.323,32.0,310.82,28.4875,69.262,239.093,495.0,3.88,0.1217,0.096846,0.164132,0.116577,0.136577,40.15,-111.86,whole-lake,whole-lake,stream_images/pond-01-step-030.jpg,pond_264,OPTIMUM,fishpond_visual_condition_v2_fixture,synthetic_condition_matched_mapping
2026-09-12T10:04:50+05:30,30,pond-02,heat_low_oxygen_normal,0.12164,synthetic_gradual_stream,CP,LRB-AZ-1201,12.003356,22.0,40.4993,0.4574,2.5567,8.2264,28.0948,30.1682,26.2948,49018.96,7.4823,97.27,35.0,390.184,30.2948,68.594,300.142,544.2,4.095,0.1217,0.098515,0.162701,0.115743,0.135743,40.16,-111.85,whole-lake,whole-lake,stream_images/pond-02-step-030.jpg,pond_265,OPTIMUM,fishpond_visual_condition_v2_fixture,synthetic_condition_matched_mapping
2026-09-12T10:04:50+05:30,30,pond-03,nutrient_light_limited_normal,0.14775,synthetic_gradual_stream,FA,C046,12.003356,28.0,32.6073,0.4483,2.238,8.1477,24.2613,26.3347,22.4613,46265.94,7.4045,96.259,25.0,354.023,26.4613,67.863,272.325,515.1,4.33,0.1217,0.100342,0.161135,0.114829,0.134829,40.14,-111.87,whole-lake,whole-lake,stream_images/pond-03-step-030.jpg,pond_266,OPTIMUM,fishpond_visual_condition_v2_fixture,synthetic_condition_matched_mapping
2026-09-12T10:05:00+05:30,31,pond-01,stable,0.09814,synthetic_gradual_stream,ASU,KA32,12.003472,25.0,54.2771,0.4657,3.1639,8.0641,26.2924,28.3708,24.4924,48136.64,8.5608,111.29,32.0,312.515,28.4924,69.252,240.396,495.9,3.883,0.1147,0.096869,0.164112,0.116565,0.136565,40.15,-111.86,whole-lake,whole-lake,stream_images/pond-01-step-031.jpg,pond_267,OPTIMUM,fishpond_visual_condition_v2_fixture,synthetic_condition_matched_mapping
2026-09-12T10:05:00+05:30,31,pond-02,heat_low_oxygen_normal,0.12442,synthetic_gradual_stream,CP,LRB-AZ-1201,12.003472,22.0,40.3965,0.4565,2.5512,8.2304,28.1198,30.1982,26.3198,49023.95,7.4659,97.057,35.0,391.376,30.3198,68.516,301.058,546.7,4.12,0.1147,0.098709,0.162535,0.115645,0.135645,40.16,-111.85,whole-lake,whole-lake,stream_images/pond-02-step-031.jpg,pond_268,OPTIMUM,fishpond_visual_condition_v2_fixture,synthetic_condition_matched_mapping
2026-09-12T10:05:00+05:30,31,pond-03,nutrient_light_limited_normal,0.1509,synthetic_gradual_stream,FA,C046,12.003472,28.0,32.4922,0.4472,2.2303,8.1509,24.2455,26.324,22.4455,46271.62,7.3982,96.177,25.0,352.977,26.4455,67.775,271.521,517.6,4.358,0.1147,0.100563,0.160946,0.114719,0.134719,40.14,-111.87,whole-lake,whole-lake,stream_images/pond-03-step-031.jpg,pond_269,OPTIMUM,fishpond_visual_condition_v2_fixture,synthetic_condition_matched_mapping
2026-09-12T10:05:10+05:30,32,pond-01,stable,0.09844,synthetic_gradual_stream,ASU,KA32,12.003588,25.0,54.253,0.4655,3.1627,8.065,26.2968,28.3804,24.4968,48137.19,8.5582,111.257,32.0,314.26,28.4968,69.244,241.738,496.9,3.886,0.1071,0.096891,0.164094,0.116555,0.136555,40.15,-111.86,whole-lake,whole-lake,stream_images/pond-01-step-032.jpg,pond_270,OPTIMUM,fishpond_visual_condition_v2_fixture,synthetic_condition_matched_mapping
2026-09-12T10:05:10+05:30,32,pond-02,heat_low_oxygen_normal,0.12728,synthetic_gradual_stream,CP,LRB-AZ-1201,12.003588,22.0,40.2908,0.4555,2.5454,8.2346,28.1455,30.2291,26.3455,49029.1,7.4491,96.838,35.0,392.602,30.3455,68.436,302.001,549.3,4.145,0.1071,0.098909,0.162363,0.115545,0.135545,40.16,-111.85,whole-lake,whole-lake,stream_images/pond-02-step-032.jpg,pond_271,OPTIMUM,fishpond_visual_condition_v2_fixture,synthetic_condition_matched_mapping
2026-09-12T10:05:10+05:30,32,pond-03,nutrient_light_limited_normal,0.15414,synthetic_gradual_stream,FA,C046,12.003588,28.0,32.374,0.4461,2.2224,8.1541,24.2293,26.3129,22.4293,46277.45,7.3917,96.092,25.0,351.903,26.4293,67.684,270.695,520.1,4.387,0.1071,0.10079,0.160752,0.114605,0.134605,40.14,-111.87,whole-lake,whole-lake,stream_images/pond-03-step-032.jpg,pond_272,OPTIMUM,fishpond_visual_condition_v2_fixture,synthetic_condition_matched_mapping
2026-09-12T10:05:20+05:30,33,pond-01,stable,0.09872,synthetic_gradual_stream,ASU,KA32,12.003704,25.0,54.2289,0.4654,3.1614,8.066,26.3007,28.3896,24.5007,48137.7,8.5555,111.222,32.0,316.056,28.5007,69.236,243.12,497.8,3.888,0.0988,0.09691,0.164077,0.116545,0.136545,40.15,-111.86,whole-lake,whole-lake,stream_images/pond-01-step-033.jpg,pond_273,OPTIMUM,fishpond_visual_condition_v2_fixture,synthetic_condition_matched_mapping
2026-09-12T10:05:20+05:30,33,pond-02,heat_low_oxygen_normal,0.13021,synthetic_gradual_stream,CP,LRB-AZ-1201,12.003704,22.0,40.1822,0.4544,2.5396,8.2388,28.1719,30.2608,26.3719,49034.38,7.4318,96.613,35.0,393.861,30.3719,68.354,302.97,551.9,4.172,0.0988,0.099115,0.162187,0.115443,0.135443,40.16,-111.85,whole-lake,whole-lake,stream_images/pond-02-step-033.jpg,pond_274,OPTIMUM,fishpond_visual_condition_v2_fixture,synthetic_condition_matched_mapping
2026-09-12T10:05:20+05:30,33,pond-03,nutrient_light_limited_normal,0.15746,synthetic_gradual_stream,FA,C046,12.003704,28.0,32.2526,0.4449,2.2142,8.1575,24.2127,26.3016,22.4127,46283.43,7.3851,96.006,25.0,350.801,26.4127,67.591,269.847,522.7,4.417,0.0988,0.101022,0.160552,0.114489,0.134489,40.14,-111.87,whole-lake,whole-lake,stream_images/pond-03-step-033.jpg,pond_275,OPTIMUM,fishpond_visual_condition_v2_fixture,synthetic_condition_matched_mapping
2026-09-12T10:05:30+05:30,34,pond-01,stable,0.09897,synthetic_gradual_stream,ASU,KA32,12.003819,25.0,54.2048,0.4654,3.1602,8.067,26.3042,28.3985,24.5042,48138.15,8.5528,111.187,32.0,317.901,28.5042,69.229,244.539,498.7,3.891,0.09,0.096928,0.164062,0.116536,0.136536,40.15,-111.86,whole-lake,whole-lake,stream_images/pond-01-step-034.jpg,pond_276,OPTIMUM,fishpond_visual_condition_v2_fixture,synthetic_condition_matched_mapping
2026-09-12T10:05:30+05:30,34,pond-02,heat_low_oxygen_normal,0.13322,synthetic_gradual_stream,CP,LRB-AZ-1201,12.003819,22.0,40.0707,0.4534,2.5336,8.2432,28.199,30.2934,26.399,49039.8,7.414,96.382,35.0,395.153,30.399,68.27,303.964,554.6,4.199,0.09,0.099326,0.162007,0.115337,0.135337,40.16,-111.85,whole-lake,whole-lake,stream_images/pond-02-step-034.jpg,pond_277,OPTIMUM,fishpond_visual_condition_v2_fixture,synthetic_condition_matched_mapping
2026-09-12T10:05:30+05:30,34,pond-03,nutrient_light_limited_normal,0.16087,synthetic_gradual_stream,FA,C046,12.003819,28.0,32.1281,0.4437,2.2059,8.1609,24.1956,26.29,22.3956,46289.57,7.3783,95.917,25.0,349.671,26.3956,67.496,268.977,525.4,4.448,0.09,0.101261,0.160348,0.114369,0.134369,40.14,-111.87,whole-lake,whole-lake,stream_images/pond-03-step-034.jpg,pond_278,OPTIMUM,fishpond_visual_condition_v2_fixture,synthetic_condition_matched_mapping
2026-09-12T10:05:40+05:30,35,pond-01,stable,0.0992,synthetic_gradual_stream,ASU,KA32,12.003935,25.0,54.1807,0.4653,3.159,8.068,26.3072,28.4072,24.5072,48138.56,8.55,111.15,32.0,319.796,28.5072,69.222,245.997,499.6,3.893,0.0807,0.096944,0.164048,0.116528,0.136528,40.15,-111.86,whole-lake,whole-lake,stream_images/pond-01-step-035.jpg,pond_279,OPTIMUM,fishpond_visual_condition_v2_fixture,synthetic_condition_matched_mapping
2026-09-12T10:05:40+05:30,35,pond-02,heat_low_oxygen_normal,0.13631,synthetic_gradual_stream,CP,LRB-AZ-1201,12.003935,22.0,39.9564,0.4523,2.5274,8.2477,28.2268,30.3268,26.4268,49045.37,7.3957,96.145,35.0,396.479,30.4268,68.183,304.984,557.3,4.227,0.0807,0.099542,0.161821,0.115229,0.135229,40.16,-111.85,whole-lake,whole-lake,stream_images/pond-02-step-035.jpg,pond_280,OPTIMUM,fishpond_visual_condition_v2_fixture,synthetic_condition_matched_mapping
2026-09-12T10:05:40+05:30,35,pond-03,nutrient_light_limited_normal,0.16437,synthetic_gradual_stream,FA,C046,12.003935,28.0,32.0007,0.4425,2.1973,8.1644,24.1782,26.2782,22.3782,46295.86,7.3713,95.827,25.0,348.513,26.3782,67.398,268.087,528.0,4.479,0.0807,0.101506,0.160138,0.114247,0.134247,40.14,-111.87,whole-lake,whole-lake,stream_images/pond-03-step-035.jpg,pond_281,OPTIMUM,fishpond_visual_condition_v2_fixture,synthetic_condition_matched_mapping
2026-09-12T10:05:50+05:30,36,pond-01,stable,0.0994,synthetic_gradual_stream,ASU,KA32,12.004051,25.0,54.1566,0.4652,3.1578,8.069,26.3098,28.4155,24.5098,48138.92,8.5471,111.113,32.0,321.739,28.5098,69.217,247.491,500.5,3.895,0.0709,0.096958,0.164036,0.116521,0.136521,40.15,-111.86,whole-lake,whole-lake,stream_images/pond-01-step-036.jpg,pond_282,OPTIMUM,fishpond_visual_condition_v2_fixture,synthetic_condition_matched_mapping
2026-09-12T10:05:50+05:30,36,pond-02,heat_low_oxygen_normal,0.13948,synthetic_gradual_stream,CP,LRB-AZ-1201,12.004051,22.0,39.8392,0.4512,2.521,8.2522,28.2553,30.3611,26.4553,49051.06,7.3771,95.902,35.0,397.837,30.4553,68.095,306.028,560.1,4.255,0.0709,0.099764,0.161631,0.115118,0.135118,40.16,-111.85,whole-lake,whole-lake,stream_images/pond-02-step-036.jpg,pond_283,OPTIMUM,fishpond_visual_condition_v2_fixture,synthetic_condition_matched_mapping
2026-09-12T10:05:50+05:30,36,pond-03,nutrient_light_limited_normal,0.16794,synthetic_gradual_stream,FA,C046,12.004051,28.0,31.8702,0.4412,2.1885,8.1679,24.1603,26.266,22.3603,46302.29,7.3641,95.734,25.0,347.328,26.3603,67.298,267.175,530.8,4.511,0.0709,0.101756,0.159924,0.114122,0.134122,40.14,-111.87,whole-lake,whole-lake,stream_images/pond-03-step-036.jpg,pond_284,OPTIMUM,fishpond_visual_condition_v2_fixture,synthetic_condition_matched_mapping
2026-09-12T10:06:00+05:30,37,pond-01,stable,0.09957,synthetic_gradual_stream,ASU,KA32,12.004167,25.0,54.1325,0.4652,3.1566,8.0701,26.312,28.4236,24.512,48139.22,8.5442,111.074,32.0,323.729,28.512,69.212,249.023,501.3,3.896,0.0607,0.09697,0.164026,0.116515,0.136515,40.15,-111.86,whole-lake,whole-lake,stream_images/pond-01-step-037.jpg,pond_285,OPTIMUM,fishpond_visual_condition_v2_fixture,synthetic_condition_matched_mapping
2026-09-12T10:06:00+05:30,37,pond-02,heat_low_oxygen_normal,0.14272,synthetic_gradual_stream,CP,LRB-AZ-1201,12.004167,22.0,39.7193,0.45,2.5146,8.2569,28.2845,30.3961,26.4845,49056.9,7.358,95.653,35.0,399.227,30.4845,68.004,307.098,562.9,4.284,0.0607,0.09999,0.161437,0.115005,0.135005,40.16,-111.85,whole-lake,whole-lake,stream_images/pond-02-step-037.jpg,pond_286,OPTIMUM,fishpond_visual_condition_v2_fixture,synthetic_condition_matched_mapping
2026-09-12T10:06:00+05:30,37,pond-03,nutrient_light_limited_normal,0.17159,synthetic_gradual_stream,FA,C046,12.004167,28.0,31.7368,0.4399,2.1796,8.1716,24.142,26.2537,22.342,46308.87,7.3568,95.639,25.0,346.117,26.342,67.195,266.244,533.6,4.544,0.0607,0.102012,0.159704,0.113994,0.133994,40.14,-111.87,whole-lake,whole-lake,stream_images/pond-03-step-037.jpg,pond_287,OPTIMUM,fishpond_visual_condition_v2_fixture,synthetic_condition_matched_mapping
2026-09-12T10:06:10+05:30,38,pond-01,stable,0.09971,synthetic_gradual_stream,ASU,KA32,12.004282,25.0,54.1084,0.4651,3.1554,8.0712,26.3138,28.4314,24.5138,48139.48,8.5412,111.035,32.0,325.767,28.5138,69.208,250.59,502.2,3.897,0.0501,0.09698,0.164017,0.11651,0.13651,40.15,-111.86,whole-lake,whole-lake,stream_images/pond-01-step-038.jpg,pond_288,OPTIMUM,fishpond_visual_condition_v2_fixture,synthetic_condition_matched_mapping
2026-09-12T10:06:10+05:30,38,pond-02,heat_low_oxygen_normal,0.14603,synthetic_gradual_stream,CP,LRB-AZ-1201,12.004282,22.0,39.5967,0.4489,2.5079,8.2617,28.3143,30.432,26.5143,49062.86,7.3384,95.399,35.0,400.649,30.5143,67.911,308.191,565.8,4.314,0.0501,0.100222,0.161238,0.114889,0.134889,40.16,-111.85,whole-lake,whole-lake,stream_images/pond-02-step-038.jpg,pond_289,OPTIMUM,fishpond_visual_condition_v2_fixture,synthetic_condition_matched_mapping
2026-09-12T10:06:10+05:30,38,pond-03,nutrient_light_limited_normal,0.17533,synthetic_gradual_stream,FA,C046,12.004282,28.0,31.6005,0.4386,2.1704,8.1753,24.1234,26.241,22.3234,46315.59,7.3493,95.541,25.0,344.879,26.3234,67.091,265.291,536.4,4.578,0.0501,0.102273,0.15948,0.113864,0.133864,40.14,-111.87,whole-lake,whole-lake,stream_images/pond-03-step-038.jpg,pond_290,OPTIMUM,fishpond_visual_condition_v2_fixture,synthetic_condition_matched_mapping
2026-09-12T10:06:20+05:30,39,pond-01,stable,0.09982,synthetic_gradual_stream,ASU,KA32,12.004398,25.0,54.0843,0.4651,3.1542,8.0723,26.3151,28.439,24.5151,48139.68,8.5381,110.995,32.0,327.851,28.5151,69.205,252.193,503.0,3.898,0.0393,0.096988,0.164011,0.116506,0.136506,40.15,-111.86,whole-lake,whole-lake,stream_images/pond-01-step-039.jpg,pond_291,OPTIMUM,fishpond_visual_condition_v2_fixture,synthetic_condition_matched_mapping
2026-09-12T10:06:20+05:30,39,pond-02,heat_low_oxygen_normal,0.14942,synthetic_gradual_stream,CP,LRB-AZ-1201,12.004398,22.0,39.4714,0.4477,2.5012,8.2667,28.3448,30.4686,26.5448,49068.96,7.3184,95.139,35.0,402.102,30.5448,67.816,309.309,568.7,4.345,0.0393,0.100459,0.161035,0.11477,0.13477,40.16,-111.85,whole-lake,whole-lake,stream_images/pond-02-step-039.jpg,pond_292,OPTIMUM,fishpond_visual_condition_v2_fixture,synthetic_condition_matched_mapping
2026-09-12T10:06:20+05:30,39,pond-03,nutrient_light_limited_normal,0.17914,synthetic_gradual_stream,FA,C046,12.004398,28.0,31.4614,0.4373,2.1611,8.1791,24.1043,26.2281,22.3043,46322.45,7.3417,95.442,25.0,343.615,26.3043,66.984,264.32,539.3,4.612,0.0393,0.10254,0.159252,0.11373,0.13373,40.14,-111.87,whole-lake,whole-lake,stream_images/pond-03-step-039.jpg,pond_293,OPTIMUM,fishpond_visual_condition_v2_fixture,synthetic_condition_matched_mapping
2026-09-12T10:06:30+05:30,40,pond-01,stable,0.09991,synthetic_gradual_stream,ASU,KA32,12.004514,25.0,54.0602,0.465,3.153,8.0734,26.3162,28.4463,24.5162,48139.84,8.5349,110.954,32.0,329.981,28.5162,69.203,253.831,503.9,3.899,0.0282,0.096994,0.164005,0.116503,0.136503,40.15,-111.86,whole-lake,whole-lake,stream_images/pond-01-step-040.jpg,pond_294,OPTIMUM,fishpond_visual_condition_v2_fixture,synthetic_condition_matched_mapping
2026-09-12T10:06:30+05:30,40,pond-02,heat_low_oxygen_normal,0.15288,synthetic_gradual_stream,CP,LRB-AZ-1201,12.004514,22.0,39.3435,0.4465,2.4942,8.2717,28.3759,30.506,26.5759,49075.18,7.298,94.874,35.0,403.585,30.5759,67.719,310.45,571.7,4.376,0.0282,0.100702,0.160827,0.114649,0.134649,40.16,-111.85,whole-lake,whole-lake,stream_images/pond-02-step-040.jpg,pond_295,OPTIMUM,fishpond_visual_condition_v2_fixture,synthetic_condition_matched_mapping
2026-09-12T10:06:30+05:30,40,pond-03,nutrient_light_limited_normal,0.18303,synthetic_gradual_stream,FA,C046,12.004514,28.0,31.3195,0.4359,2.1516,8.183,24.0849,26.215,22.2849,46329.45,7.3339,95.341,25.0,342.327,26.2849,66.875,263.328,542.2,4.647,0.0282,0.102812,0.159018,0.113594,0.133594,40.14,-111.87,whole-lake,whole-lake,stream_images/pond-03-step-040.jpg,pond_296,OPTIMUM,fishpond_visual_condition_v2_fixture,synthetic_condition_matched_mapping
2026-09-12T10:06:40+05:30,41,pond-01,stable,0.09997,synthetic_gradual_stream,ASU,KA32,12.00463,25.0,54.0361,0.465,3.1518,8.0746,26.3168,28.4534,24.5168,48139.94,8.5317,110.912,32.0,332.155,28.5168,69.201,255.504,504.7,3.9,0.017,0.096998,0.164002,0.116501,0.136501,40.15,-111.86,whole-lake,whole-lake,stream_images/pond-01-step-041.jpg,pond_297,OPTIMUM,fishpond_visual_condition_v2_fixture,synthetic_condition_matched_mapping
2026-09-12T10:06:40+05:30,41,pond-02,heat_low_oxygen_normal,0.15641,synthetic_gradual_stream,CP,LRB-AZ-1201,12.00463,22.0,39.2129,0.4453,2.4872,8.2768,28.4077,30.5442,26.6077,49081.54,7.2772,94.603,35.0,405.099,30.6077,67.621,311.615,574.7,4.408,0.017,0.100949,0.160615,0.114526,0.134526,40.16,-111.85,whole-lake,whole-lake,stream_images/pond-02-step-041.jpg,pond_298,OPTIMUM,fishpond_visual_condition_v2_fixture,synthetic_condition_matched_mapping
2026-09-12T10:06:40+05:30,41,pond-03,nutrient_light_limited_normal,0.18699,synthetic_gradual_stream,FA,C046,12.00463,28.0,31.1749,0.4346,2.1419,8.187,24.0651,26.2016,22.2651,46336.58,7.326,95.238,25.0,341.013,26.2651,66.764,262.318,545.2,4.683,0.017,0.103089,0.158781,0.113455,0.133455,40.14,-111.87,whole-lake,whole-lake,stream_images/pond-03-step-041.jpg,pond_299,OPTIMUM,fishpond_visual_condition_v2_fixture,synthetic_condition_matched_mapping
2026-09-12T10:06:50+05:30,42,pond-01,stable,0.1,synthetic_gradual_stream,ASU,KA32,12.004745,25.0,54.012,0.465,3.1506,8.0758,26.3171,28.4602,24.5171,48139.99,8.5284,110.87,32.0,334.374,28.5171,69.2,257.21,505.5,3.9,0.0057,0.097,0.164,0.1165,0.1365,40.15,-111.86,whole-lake,whole-lake,stream_images/pond-01-step-042.jpg,pond_300,OPTIMUM,fishpond_visual_condition_v2_fixture,synthetic_condition_matched_mapping
2026-09-12T10:06:50+05:30,42,pond-02,heat_low_oxygen_normal,0.16001,synthetic_gradual_stream,CP,LRB-AZ-1201,12.004745,22.0,39.0797,0.444,2.48,8.282,28.4401,30.5832,26.6401,49088.02,7.256,94.327,35.0,406.644,30.6401,67.52,312.803,577.8,4.44,0.0057,0.101201,0.160399,0.1144,0.1344,40.16,-111.85,whole-lake,whole-lake,stream_images/pond-02-step-042.jpg,pond_301,OPTIMUM,fishpond_visual_condition_v2_fixture,synthetic_condition_matched_mapping
2026-09-12T10:06:50+05:30,42,pond-03,nutrient_light_limited_normal,0.19103,synthetic_gradual_stream,FA,C046,12.004745,28.0,31.0276,0.4331,2.132,8.191,24.0449,26.188,22.2449,46343.85,7.3179,95.133,25.0,339.675,26.2449,66.651,261.288,548.2,4.719,0.0057,0.103372,0.158538,0.113314,0.133314,40.14,-111.87,whole-lake,whole-lake,stream_images/pond-03-step-042.jpg,pond_302,OPTIMUM,fishpond_visual_condition_v2_fixture,synthetic_condition_matched_mapping
2026-09-12T10:07:00+05:30,43,pond-01,stable,0.1,synthetic_gradual_stream,ASU,KA32,12.004861,25.0,53.988,0.465,3.1494,8.077,26.3171,28.4669,24.5171,48139.99,8.5251,110.826,32.0,336.635,28.5171,69.2,258.95,506.3,3.9,0.0,0.097,0.164,0.1165,0.1365,40.15,-111.86,whole-lake,whole-lake,stream_images/pond-01-step-043.jpg,pond_303,OPTIMUM,fishpond_visual_condition_v2_fixture,synthetic_condition_matched_mapping
2026-09-12T10:07:00+05:30,43,pond-02,heat_low_oxygen_normal,0.16368,synthetic_gradual_stream,CP,LRB-AZ-1201,12.004861,22.0,38.944,0.4427,2.4726,8.2873,28.4731,30.6229,26.6731,49094.62,7.2343,94.046,35.0,408.217,30.6731,67.417,314.013,580.9,4.473,0.0,0.101457,0.160179,0.114271,0.134271,40.16,-111.85,whole-lake,whole-lake,stream_images/pond-02-step-043.jpg,pond_304,OPTIMUM,fishpond_visual_condition_v2_fixture,synthetic_condition_matched_mapping
2026-09-12T10:07:00+05:30,43,pond-03,nutrient_light_limited_normal,0.19514,synthetic_gradual_stream,FA,C046,12.004861,28.0,30.8776,0.4317,2.1219,8.1951,24.0243,26.1741,22.2243,46351.24,7.3097,95.026,25.0,338.313,26.2243,66.536,260.241,551.3,4.756,0.0,0.103659,0.158292,0.11317,0.13317,40.14,-111.87,whole-lake,whole-lake,stream_images/pond-03-step-043.jpg,pond_305,OPTIMUM,fishpond_visual_condition_v2_fixture,synthetic_condition_matched_mapping
2026-09-12T10:07:10+05:30,44,pond-01,stable,0.09997,synthetic_gradual_stream,ASU,KA32,12.004977,25.0,53.9639,0.465,3.1482,8.0782,26.3168,28.4735,24.5168,48139.94,8.5217,110.782,32.0,338.939,28.5168,69.201,260.722,507.1,3.9,0.0,0.096998,0.164002,0.116501,0.136501,40.15,-111.86,whole-lake,whole-lake,stream_images/pond-01-step-044.jpg,pond_306,OPTIMUM,fishpond_visual_condition_v2_fixture,synthetic_condition_matched_mapping
2026-09-12T10:07:10+05:30,44,pond-02,heat_low_oxygen_normal,0.16741,synthetic_gradual_stream,CP,LRB-AZ-1201,12.004977,22.0,38.8057,0.4414,2.4652,8.2927,28.5067,30.6633,26.7067,49101.34,7.2123,93.759,35.0,409.82,30.7067,67.312,315.246,584.1,4.507,0.0,0.101719,0.159955,0.114141,0.134141,40.16,-111.85,whole-lake,whole-lake,stream_images/pond-02-step-044.jpg,pond_307,OPTIMUM,fishpond_visual_condition_v2_fixture,synthetic_condition_matched_mapping
2026-09-12T10:07:10+05:30,44,pond-03,nutrient_light_limited_normal,0.19932,synthetic_gradual_stream,FA,C046,12.004977,28.0,30.725,0.4302,2.1117,8.1993,24.0034,26.16,22.2034,46358.77,7.3014,94.918,25.0,336.927,26.2034,66.419,259.175,554.4,4.794,0.0,0.103952,0.158041,0.113024,0.133024,40.14,-111.87,whole-lake,whole-lake,stream_images/pond-03-step-044.jpg,pond_308,OPTIMUM,fishpond_visual_condition_v2_fixture,synthetic_condition_matched_mapping
2026-09-12T10:07:20+05:30,45,pond-01,stable,0.09991,synthetic_gradual_stream,ASU,KA32,12.005093,25.0,53.9398,0.465,3.147,8.0794,26.3163,28.4798,24.5163,48139.84,8.5182,110.737,32.0,341.285,28.5163,69.203,262.527,507.9,3.899,0.0,0.096994,0.164005,0.116503,0.136503,40.15,-111.86,whole-lake,whole-lake,stream_images/pond-01-step-045.jpg,pond_309,OPTIMUM,fishpond_visual_condition_v2_fixture,synthetic_condition_matched_mapping
2026-09-12T10:07:20+05:30,45,pond-02,heat_low_oxygen_normal,0.17122,synthetic_gradual_stream,CP,LRB-AZ-1201,12.005093,22.0,38.665,0.4401,2.4576,8.2983,28.5409,30.7045,26.7409,49108.19,7.1898,93.468,35.0,411.452,30.7409,67.206,316.501,587.3,4.541,0.0,0.101985,0.159727,0.114007,0.134007,40.16,-111.85,whole-lake,whole-lake,stream_images/pond-02-step-045.jpg,pond_310,OPTIMUM,fishpond_visual_condition_v2_fixture,synthetic_condition_matched_mapping
2026-09-12T10:07:20+05:30,45,pond-03,nutrient_light_limited_watch,0.20357,synthetic_gradual_stream,FA,C046,12.005093,28.0,30.5699,0.4288,2.1013,8.2036,23.9822,26.1457,22.1822,46366.42,7.2929,94.807,25.0,335.518,26.1822,66.3,258.091,557.6,4.832,0.0,0.10425,0.157786,0.112875,0.132875,40.14,-111.87,whole-lake,whole-lake,stream_images/pond-03-step-045.jpg,pond_311,OPTIMUM,fishpond_visual_condition_v2_fixture,synthetic_condition_matched_mapping
2026-09-12T10:07:30+05:30,46,pond-01,stable,0.09982,synthetic_gradual_stream,ASU,KA32,12.005208,25.0,53.9157,0.4651,3.1458,8.0807,26.3155,28.4861,24.5155,48139.68,8.5147,110.691,32.0,343.671,28.5155,69.205,264.362,508.6,3.898,0.0,0.096988,0.164011,0.116506,0.136506,40.15,-111.86,whole-lake,whole-lake,stream_images/pond-01-step-046.jpg,pond_312,OPTIMUM,fishpond_visual_condition_v2_fixture,synthetic_condition_matched_mapping
2026-09-12T10:07:30+05:30,46,pond-02,heat_low_oxygen_normal,0.17509,synthetic_gradual_stream,CP,LRB-AZ-1201,12.005208,22.0,38.5218,0.4387,2.4498,8.3039,28.5758,30.7464,26.7758,49115.15,7.167,93.171,35.0,413.112,30.7758,67.098,317.778,590.6,4.576,0.0,0.102256,0.159495,0.113872,0.133872,40.16,-111.85,whole-lake,whole-lake,stream_images/pond-02-step-046.jpg,pond_313,OPTIMUM,fishpond_visual_condition_v2_fixture,synthetic_condition_matched_mapping
2026-09-12T10:07:30+05:30,46,pond-03,nutrient_light_limited_watch,0.20788,synthetic_gradual_stream,FA,C046,12.005208,28.0,30.4122,0.4272,2.0907,8.2079,23.9606,26.1312,22.1606,46374.19,7.2842,94.695,25.0,334.087,26.1606,66.179,256.99,560.8,4.871,0.0,0.104552,0.157527,0.112724,0.132724,40.14,-111.87,whole-lake,whole-lake,stream_images/pond-03-step-046.jpg,pond_314,OPTIMUM,fishpond_visual_condition_v2_fixture,synthetic_condition_matched_mapping
2026-09-12T10:07:40+05:30,47,pond-01,stable,0.09971,synthetic_gradual_stream,ASU,KA32,12.005324,25.0,53.8916,0.4651,3.1446,8.082,26.3145,28.4923,24.5145,48139.48,8.5111,110.644,32.0,346.097,28.5145,69.208,266.228,509.3,3.897,0.0,0.09698,0.164017,0.11651,0.13651,40.15,-111.86,whole-lake,whole-lake,stream_images/pond-01-step-047.jpg,pond_315,OPTIMUM,fishpond_visual_condition_v2_fixture,synthetic_condition_matched_mapping
2026-09-12T10:07:40+05:30,47,pond-02,heat_low_oxygen_normal,0.17902,synthetic_gradual_stream,CP,LRB-AZ-1201,12.005324,22.0,38.3762,0.4373,2.442,8.3096,28.6112,30.789,26.8112,49122.24,7.1438,92.869,35.0,414.8,30.8112,66.987,319.077,593.9,4.611,0.0,0.102531,0.159259,0.113734,0.133734,40.16,-111.85,whole-lake,whole-lake,stream_images/pond-02-step-047.jpg,pond_316,OPTIMUM,fishpond_visual_condition_v2_fixture,synthetic_condition_matched_mapping
2026-09-12T10:07:40+05:30,47,pond-03,nutrient_light_limited_watch,0.21227,synthetic_gradual_stream,FA,C046,12.005324,28.0,30.2522,0.4257,2.0799,8.2123,23.9387,26.1165,22.1387,46382.09,7.2755,94.581,25.0,332.633,26.1387,66.056,255.871,564.0,4.91,0.0,0.104859,0.157264,0.112571,0.132571,40.14,-111.87,whole-lake,whole-lake,stream_images/pond-03-step-047.jpg,pond_317,OPTIMUM,fishpond_visual_condition_v2_fixture,synthetic_condition_matched_mapping
2026-09-12T10:07:50+05:30,48,pond-01,stable,0.09957,synthetic_gradual_stream,ASU,KA32,12.00544,25.0,53.8675,0.4652,3.1434,8.0833,26.3132,28.4983,24.5132,48139.22,8.5075,110.597,32.0,348.562,28.5132,69.212,268.125,497.5,3.896,0.0,0.09697,0.164026,0.116515,0.136515,40.15,-111.86,whole-lake,whole-lake,stream_images/pond-01-step-048.jpg,pond_318,OPTIMUM,fishpond_visual_condition_v2_fixture,synthetic_condition_matched_mapping
2026-09-12T10:07:50+05:30,48,pond-02,heat_low_oxygen_normal,0.18302,synthetic_gradual_stream,CP,LRB-AZ-1201,12.00544,22.0,38.2283,0.4359,2.434,8.3154,28.6472,30.8323,26.8472,49129.44,7.1202,92.562,35.0,416.515,30.8472,66.875,320.396,584.8,4.647,0.0,0.102811,0.159019,0.113594,0.133594,40.16,-111.85,whole-lake,whole-lake,stream_images/pond-02-step-048.jpg,pond_319,OPTIMUM,fishpond_visual_condition_v2_fixture,synthetic_condition_matched_mapping
2026-09-12T10:07:50+05:30,48,pond-03,nutrient_light_limited_watch,0.21672,synthetic_gradual_stream,FA,C046,12.00544,28.0,30.0897,0.4241,2.069,8.2167,23.9164,26.1015,22.1164,46390.1,7.2666,94.465,25.0,331.157,26.1164,65.932,254.736,554.8,4.95,0.0,0.10517,0.156997,0.112415,0.132415,40.14,-111.87,whole-lake,whole-lake,stream_images/pond-03-step-048.jpg,pond_320,OPTIMUM,fishpond_visual_condition_v2_fixture,synthetic_condition_matched_mapping
2026-09-12T10:08:00+05:30,49,pond-01,stable,0.0994,synthetic_gradual_stream,ASU,KA32,12.005556,25.0,53.8434,0.4652,3.1422,8.0847,26.3119,28.5044,24.5119,48138.92,8.5037,110.549,32.0,351.065,28.5119,69.217,270.05,498.3,3.895,0.0,0.096958,0.164036,0.116521,0.136521,40.15,-111.86,whole-lake,whole-lake,stream_images/pond-01-step-049.jpg,pond_723,OPTIMUM,fishpond_visual_condition_v2_fixture,synthetic_condition_matched_mapping
2026-09-12T10:08:00+05:30,49,pond-02,heat_low_oxygen_normal,0.18708,synthetic_gradual_stream,CP,LRB-AZ-1201,12.005556,22.0,38.078,0.4345,2.4258,8.3213,28.6837,30.8762,26.8837,49136.75,7.0962,92.251,35.0,418.258,30.8837,66.762,321.737,588.2,4.684,0.0,0.103096,0.158775,0.113452,0.133452,40.16,-111.85,whole-lake,whole-lake,stream_images/pond-02-step-049.jpg,pond_724,OPTIMUM,fishpond_visual_condition_v2_fixture,synthetic_condition_matched_mapping
2026-09-12T10:08:00+05:30,49,pond-03,nutrient_light_limited_watch,0.22124,synthetic_gradual_stream,FA,C046,12.005556,28.0,29.9248,0.4226,2.058,8.2212,23.8938,26.0863,22.0938,46398.23,7.2575,94.348,25.0,329.66,26.0938,65.805,253.584,558.1,4.991,0.0,0.105487,0.156726,0.112257,0.132257,40.14,-111.87,whole-lake,whole-lake,stream_images/pond-03-step-049.jpg,pond_725,OPTIMUM,fishpond_visual_condition_v2_fixture,synthetic_condition_matched_mapping
2026-09-12T10:08:10+05:30,50,pond-01,stable,0.0992,synthetic_gradual_stream,ASU,KA32,12.005671,25.0,53.8193,0.4653,3.141,8.086,26.3104,28.5104,24.5104,48138.56,8.5,110.5,32.0,353.606,28.5104,69.222,272.004,498.9,3.893,0.0,0.096944,0.164048,0.116528,0.136528,40.15,-111.86,whole-lake,whole-lake,stream_images/pond-01-step-050.jpg,pond_726,OPTIMUM,fishpond_visual_condition_v2_fixture,synthetic_condition_matched_mapping
2026-09-12T10:08:10+05:30,50,pond-02,heat_low_oxygen_normal,0.19121,synthetic_gradual_stream,CP,LRB-AZ-1201,12.005671,22.0,37.9254,0.4331,2.4176,8.3272,28.7209,30.9209,26.9209,49144.17,7.0719,91.935,35.0,420.027,30.9209,66.646,323.098,591.6,4.721,0.0,0.103384,0.158528,0.113308,0.133308,40.16,-111.85,whole-lake,whole-lake,stream_images/pond-02-step-050.jpg,pond_727,OPTIMUM,fishpond_visual_condition_v2_fixture,synthetic_condition_matched_mapping
2026-09-12T10:08:10+05:30,50,pond-03,nutrient_light_limited_watch,0.22582,synthetic_gradual_stream,FA,C046,12.005671,28.0,29.7577,0.421,2.0467,8.2258,23.8709,26.0709,22.0709,46406.47,7.2484,94.229,25.0,328.142,26.0709,65.677,252.417,561.5,5.032,0.0,0.105807,0.156451,0.112096,0.132096,40.14,-111.87,whole-lake,whole-lake,stream_images/pond-03-step-050.jpg,pond_728,OPTIMUM,fishpond_visual_condition_v2_fixture,synthetic_condition_matched_mapping
2026-09-12T10:08:20+05:30,51,pond-01,stable,0.09897,synthetic_gradual_stream,ASU,KA32,12.005787,25.0,53.7952,0.4654,3.1398,8.0874,26.3088,28.5164,24.5088,48138.15,8.4962,110.45,32.0,356.183,28.5088,69.229,273.987,499.6,3.891,0.0,0.096928,0.164062,0.116536,0.136536,40.15,-111.86,whole-lake,whole-lake,stream_images/pond-01-step-051.jpg,pond_729,OPTIMUM,fishpond_visual_condition_v2_fixture,synthetic_condition_matched_mapping
2026-09-12T10:08:20+05:30,51,pond-02,heat_low_oxygen_normal,0.19539,synthetic_gradual_stream,CP,LRB-AZ-1201,12.005787,22.0,37.7705,0.4316,2.4092,8.3333,28.7585,30.9662,26.9585,49151.7,7.0472,91.613,35.0,421.823,30.9585,66.529,324.479,595.1,4.759,0.0,0.103677,0.158277,0.113161,0.133161,40.16,-111.85,whole-lake,whole-lake,stream_images/pond-02-step-051.jpg,pond_730,OPTIMUM,fishpond_visual_condition_v2_fixture,synthetic_condition_matched_mapping
2026-09-12T10:08:20+05:30,51,pond-03,nutrient_light_limited_watch,0.23046,synthetic_gradual_stream,FA,C046,12.005787,28.0,29.5883,0.4193,2.0354,8.2305,23.8477,26.0553,22.0477,46414.83,7.2391,94.108,25.0,326.603,26.0477,65.547,251.233,564.9,5.074,0.0,0.106132,0.156172,0.111934,0.131934,40.14,-111.87,whole-lake,whole-lake,stream_images/pond-03-step-051.jpg,pond_823,OPTIMUM,fishpond_visual_condition_v2_fixture,synthetic_condition_matched_mapping
2026-09-12T10:08:30+05:30,52,pond-01,stable,0.09872,synthetic_gradual_stream,ASU,KA32,12.005903,25.0,53.7711,0.4654,3.1386,8.0888,26.3072,28.5225,24.5072,48137.7,8.4923,110.4,32.0,358.795,28.5072,69.236,275.996,500.3,3.888,0.0,0.09691,0.164077,0.116545,0.136545,40.15,-111.86,whole-lake,whole-lake,stream_images/pond-01-step-052.jpg,pond_824,OPTIMUM,fishpond_visual_condition_v2_fixture,synthetic_condition_matched_mapping
2026-09-12T10:08:30+05:30,52,pond-02,heat_low_oxygen_normal,0.19964,synthetic_gradual_stream,CP,LRB-AZ-1201,12.005903,22.0,37.6134,0.4301,2.4007,8.3395,28.7967,31.0121,26.9967,49159.35,7.0221,91.288,35.0,423.644,30.9967,66.41,325.88,598.7,4.797,0.0,0.103975,0.158022,0.113013,0.133013,40.16,-111.85,whole-lake,whole-lake,stream_images/pond-02-step-052.jpg,pond_825,OPTIMUM,fishpond_visual_condition_v2_fixture,synthetic_condition_matched_mapping
2026-09-12T10:08:30+05:30,52,pond-03,nutrient_light_limited_watch,0.23516,synthetic_gradual_stream,FA,C046,12.005903,28.0,29.4166,0.4177,2.0239,8.2352,23.8242,26.0396,22.0242,46423.29,7.2297,93.986,25.0,325.044,26.0242,65.415,250.034,568.3,5.116,0.0,0.106461,0.15589,0.111769,0.131769,40.14,-111.87,whole-lake,whole-lake,stream_images/pond-03-step-052.jpg,pond_826,OPTIMUM,fishpond_visual_condition_v2_fixture,synthetic_condition_matched_mapping
2026-09-12T10:08:40+05:30,53,pond-01,stable,0.09844,synthetic_gradual_stream,ASU,KA32,12.006019,25.0,53.747,0.4655,3.1373,8.0902,26.3055,28.5287,24.5055,48137.19,8.4884,110.349,32.0,361.441,28.5055,69.244,278.032,501.0,3.886,0.0,0.096891,0.164094,0.116555,0.136555,40.15,-111.86,whole-lake,whole-lake,stream_images/pond-01-step-053.jpg,pond_827,OPTIMUM,fishpond_visual_condition_v2_fixture,synthetic_condition_matched_mapping
2026-09-12T10:08:40+05:30,53,pond-02,heat_low_oxygen_watch,0.20394,synthetic_gradual_stream,CP,LRB-AZ-1201,12.006019,22.0,37.4541,0.4286,2.3921,8.3457,28.8355,31.0587,27.0355,49167.1,6.9967,90.958,35.0,425.491,31.0355,66.29,327.301,602.3,4.835,0.0,0.104276,0.157763,0.112862,0.132862,40.16,-111.85,whole-lake,whole-lake,stream_images/pond-02-step-053.jpg,pond_001,HIGH_PH,fishpond_visual_condition_v2_fixture,synthetic_condition_matched_mapping
2026-09-12T10:08:40+05:30,53,pond-03,nutrient_light_limited_watch,0.23992,synthetic_gradual_stream,FA,C046,12.006019,28.0,29.2428,0.416,2.0122,8.2399,23.8004,26.0236,22.0004,46431.86,7.2202,93.862,25.0,323.466,26.0004,65.282,248.82,571.8,5.159,0.0,0.106795,0.155605,0.111603,0.131603,40.14,-111.87,whole-lake,whole-lake,stream_images/pond-03-step-053.jpg,pond_828,OPTIMUM,fishpond_visual_condition_v2_fixture,synthetic_condition_matched_mapping
2026-09-12T10:08:50+05:30,54,pond-01,stable,0.09814,synthetic_gradual_stream,ASU,KA32,12.006134,25.0,53.7229,0.4657,3.1361,8.0916,26.3038,28.5349,24.5038,48136.64,8.4844,110.298,32.0,364.121,28.5038,69.252,280.093,501.6,3.883,0.0,0.096869,0.164112,0.116565,0.136565,40.15,-111.86,whole-lake,whole-lake,stream_images/pond-01-step-054.jpg,pond_829,OPTIMUM,fishpond_visual_condition_v2_fixture,synthetic_condition_matched_mapping
2026-09-12T10:08:50+05:30,54,pond-02,heat_low_oxygen_watch,0.20831,synthetic_gradual_stream,CP,LRB-AZ-1201,12.006134,22.0,37.2927,0.4271,2.3834,8.352,28.8748,31.1059,27.0748,49174.95,6.971,90.623,35.0,427.363,31.0748,66.167,328.741,605.9,4.875,0.0,0.104581,0.157502,0.112709,0.132709,40.16,-111.85,whole-lake,whole-lake,stream_images/pond-02-step-054.jpg,pond_002,HIGH_PH,fishpond_visual_condition_v2_fixture,synthetic_condition_matched_mapping
2026-09-12T10:08:50+05:30,54,pond-03,nutrient_light_limited_watch,0.24474,synthetic_gradual_stream,FA,C046,12.006134,28.0,29.0669,0.4143,2.0004,8.2447,23.7763,26.0074,21.9763,46440.54,7.2105,93.737,25.0,321.868,25.9763,65.147,247.591,575.3,5.203,0.0,0.107132,0.155315,0.111434,0.131434,40.14,-111.87,whole-lake,whole-lake,stream_images/pond-03-step-054.jpg,pond_830,OPTIMUM,fishpond_visual_condition_v2_fixture,synthetic_condition_matched_mapping
2026-09-12T10:09:00+05:30,55,pond-01,stable,0.0978,synthetic_gradual_stream,ASU,KA32,12.00625,25.0,53.6988,0.4658,3.1349,8.093,26.3021,28.5413,24.5021,48136.05,8.4804,110.245,32.0,366.834,28.5021,69.262,282.18,502.2,3.88,0.0,0.096846,0.164132,0.116577,0.136577,40.15,-111.86,whole-lake,whole-lake,stream_images/pond-01-step-055.jpg,pond_1000,OPTIMUM,fishpond_visual_condition_v2_fixture,synthetic_condition_matched_mapping
2026-09-12T10:09:00+05:30,55,pond-02,heat_low_oxygen_watch,0.21273,synthetic_gradual_stream,CP,LRB-AZ-1201,12.00625,22.0,37.1291,0.4255,2.3745,8.3585,28.9145,31.1537,27.1145,49182.91,6.9449,90.284,35.0,429.26,31.1145,66.044,330.2,609.6,4.915,0.0,0.104891,0.157236,0.112555,0.132555,40.16,-111.85,whole-lake,whole-lake,stream_images/pond-02-step-055.jpg,pond_003,HIGH_PH,fishpond_visual_condition_v2_fixture,synthetic_condition_matched_mapping
2026-09-12T10:09:00+05:30,55,pond-03,nutrient_light_limited_watch,0.24962,synthetic_gradual_stream,FA,C046,12.00625,28.0,28.8889,0.4126,1.9884,8.2496,23.7519,25.9911,21.9519,46449.31,7.2008,93.61,25.0,320.251,25.9519,65.011,246.347,578.8,5.247,0.0,0.107473,0.155023,0.111263,0.131263,40.14,-111.87,whole-lake,whole-lake,stream_images/pond-03-step-055.jpg,pond_1001,OPTIMUM,fishpond_visual_condition_v2_fixture,synthetic_condition_matched_mapping
2026-09-12T10:09:10+05:30,56,pond-01,stable,0.09745,synthetic_gradual_stream,ASU,KA32,12.006366,25.0,53.6747,0.4659,3.1337,8.0945,26.3005,28.5478,24.5005,48135.4,8.4764,110.193,32.0,369.578,28.5005,69.272,284.291,502.8,3.877,0.0,0.096821,0.164153,0.116589,0.136589,40.15,-111.86,whole-lake,whole-lake,stream_images/pond-01-step-056.jpg,pond_1002,OPTIMUM,fishpond_visual_condition_v2_fixture,synthetic_condition_matched_mapping
2026-09-12T10:09:10+05:30,56,pond-02,heat_low_oxygen_watch,0.2172,synthetic_gradual_stream,CP,LRB-AZ-1201,12.006366,22.0,36.9634,0.424,2.3656,8.3649,28.9548,31.2021,27.1548,49190.97,6.9185,89.94,35.0,431.181,31.1548,65.918,331.678,613.3,4.955,0.0,0.105204,0.156968,0.112398,0.132398,40.16,-111.85,whole-lake,whole-lake,stream_images/pond-02-step-056.jpg,pond_004,HIGH_PH,fishpond_visual_condition_v2_fixture,synthetic_condition_matched_mapping
2026-09-12T10:09:10+05:30,56,pond-03,nutrient_light_limited_watch,0.25455,synthetic_gradual_stream,FA,C046,12.006366,28.0,28.7089,0.4109,1.9764,8.2546,23.7272,25.9745,21.9272,46458.19,7.1909,93.482,25.0,318.616,25.9272,64.873,245.09,582.4,5.291,0.0,0.107819,0.154727,0.111091,0.131091,40.14,-111.87,whole-lake,whole-lake,stream_images/pond-03-step-056.jpg,pond_321,LOW_TEMP;HIGH_PH,fishpond_visual_condition_v2_fixture,synthetic_condition_matched_mapping
2026-09-12T10:09:20+05:30,57,pond-01,stable,0.09706,synthetic_gradual_stream,ASU,KA32,12.006481,25.0,53.6506,0.466,3.1325,8.096,26.299,28.5545,24.499,48134.71,8.4723,110.139,32.0,372.353,28.499,69.282,286.426,503.4,3.874,0.0,0.096794,0.164176,0.116603,0.136603,40.15,-111.86,whole-lake,whole-lake,stream_images/pond-01-step-057.jpg,pond_1003,OPTIMUM,fishpond_visual_condition_v2_fixture,synthetic_condition_matched_mapping
2026-09-12T10:09:20+05:30,57,pond-02,heat_low_oxygen_watch,0.22174,synthetic_gradual_stream,CP,LRB-AZ-1201,12.006481,22.0,36.7957,0.4224,2.3565,8.3715,28.9956,31.2511,27.1956,49199.13,6.8917,89.593,35.0,433.126,31.1956,65.791,333.174,617.0,4.996,0.0,0.105522,0.156696,0.112239,0.132239,40.16,-111.85,whole-lake,whole-lake,stream_images/pond-02-step-057.jpg,pond_005,HIGH_PH,fishpond_visual_condition_v2_fixture,synthetic_condition_matched_mapping
2026-09-12T10:09:20+05:30,57,pond-03,nutrient_light_limited_watch,0.25954,synthetic_gradual_stream,FA,C046,12.006481,28.0,28.5269,0.4092,1.9641,8.2595,23.7023,25.9578,21.9023,46467.17,7.1809,93.352,25.0,316.964,25.9023,64.733,243.818,586.0,5.336,0.0,0.108168,0.154428,0.110916,0.130916,40.14,-111.87,whole-lake,whole-lake,stream_images/pond-03-step-057.jpg,pond_322,LOW_TEMP;HIGH_PH,fishpond_visual_condition_v2_fixture,synthetic_condition_matched_mapping
2026-09-12T10:09:30+05:30,58,pond-01,stable,0.09666,synthetic_gradual_stream,ASU,KA32,12.006597,25.0,53.6265,0.4662,3.1313,8.0975,26.2976,28.5614,24.4976,48133.98,8.4681,110.085,32.0,375.158,28.4976,69.294,288.583,504.0,3.87,0.0,0.096766,0.164201,0.116617,0.136617,40.15,-111.86,whole-lake,whole-lake,stream_images/pond-01-step-058.jpg,pond_1004,OPTIMUM,fishpond_visual_condition_v2_fixture,synthetic_condition_matched_mapping
2026-09-12T10:09:30+05:30,58,pond-02,heat_low_oxygen_watch,0.22633,synthetic_gradual_stream,CP,LRB-AZ-1201,12.006597,22.0,36.6259,0.4208,2.3473,8.3782,29.0369,31.3007,27.2369,49207.39,6.8647,89.241,35.0,435.094,31.2369,65.663,334.688,620.8,5.037,0.0,0.105843,0.15642,0.112079,0.132079,40.16,-111.85,whole-lake,whole-lake,stream_images/pond-02-step-058.jpg,pond_006,HIGH_PH,fishpond_visual_condition_v2_fixture,synthetic_condition_matched_mapping
2026-09-12T10:09:30+05:30,58,pond-03,nutrient_light_limited_watch,0.26458,synthetic_gradual_stream,FA,C046,12.006597,28.0,28.343,0.4074,1.9518,8.2646,23.6771,25.9409,21.8771,46476.24,7.1708,93.221,25.0,315.293,25.8771,64.592,242.533,589.7,5.381,0.0,0.10852,0.154125,0.11074,0.13074,40.14,-111.87,whole-lake,whole-lake,stream_images/pond-03-step-058.jpg,pond_323,LOW_TEMP;HIGH_PH,fishpond_visual_condition_v2_fixture,synthetic_condition_matched_mapping
2026-09-12T10:09:40+05:30,59,pond-01,stable,0.09622,synthetic_gradual_stream,ASU,KA32,12.006713,25.0,53.6024,0.4663,3.1301,8.099,26.2964,28.5686,24.4964,48133.2,8.4639,110.031,32.0,377.991,28.4964,69.306,290.762,504.6,3.866,0.0,0.096736,0.164227,0.116632,0.136632,40.15,-111.86,whole-lake,whole-lake,stream_images/pond-01-step-059.jpg,pond_1005,OPTIMUM,fishpond_visual_condition_v2_fixture,synthetic_condition_matched_mapping
2026-09-12T10:09:40+05:30,59,pond-02,heat_low_oxygen_watch,0.23097,synthetic_gradual_stream,CP,LRB-AZ-1201,12.006713,22.0,36.4542,0.4192,2.3381,8.3849,29.0787,31.3509,27.2787,49215.74,6.8373,88.885,35.0,437.085,31.2787,65.533,336.219,624.6,5.079,0.0,0.106168,0.156142,0.111916,0.131916,40.16,-111.85,whole-lake,whole-lake,stream_images/pond-02-step-059.jpg,pond_007,HIGH_PH,fishpond_visual_condition_v2_fixture,synthetic_condition_matched_mapping
2026-09-12T10:09:40+05:30,59,pond-03,nutrient_light_limited_watch,0.26967,synthetic_gradual_stream,FA,C046,12.006713,28.0,28.1572,0.4056,1.9393,8.2697,23.6517,25.9238,21.8517,46485.4,7.1607,93.089,25.0,313.606,25.8517,64.449,241.235,593.4,5.427,0.0,0.108877,0.15382,0.110562,0.130562,40.14,-111.87,whole-lake,whole-lake,stream_images/pond-03-step-059.jpg,pond_324,LOW_TEMP;HIGH_PH,fishpond_visual_condition_v2_fixture,synthetic_condition_matched_mapping
2026-09-12T10:09:50+05:30,60,pond-01,stable,0.09577,synthetic_gradual_stream,ASU,KA32,12.006829,25.0,53.5783,0.4665,3.1289,8.1005,26.2954,28.576,24.4954,48132.39,8.4597,109.976,32.0,380.851,28.4954,69.318,292.963,505.2,3.862,0.0,0.096704,0.164254,0.116648,0.136648,40.15,-111.86,whole-lake,whole-lake,stream_images/pond-01-step-060.jpg,pond_1006,OPTIMUM,fishpond_visual_condition_v2_fixture,synthetic_condition_matched_mapping
2026-09-12T10:09:50+05:30,60,pond-02,heat_low_oxygen_watch,0.23566,synthetic_gradual_stream,CP,LRB-AZ-1201,12.006829,22.0,36.2805,0.4175,2.3287,8.3917,29.121,31.4016,27.321,49224.19,6.8096,88.525,35.0,439.099,31.321,65.401,337.768,628.5,5.121,0.0,0.106496,0.15586,0.111752,0.131752,40.16,-111.85,whole-lake,whole-lake,stream_images/pond-02-step-060.jpg,pond_008,HIGH_PH,fishpond_visual_condition_v2_fixture,synthetic_condition_matched_mapping
2026-09-12T10:09:50+05:30,60,pond-03,nutrient_light_limited_watch,0.27481,synthetic_gradual_stream,FA,C046,12.006829,28.0,27.9696,0.4038,1.9267,8.2748,23.626,25.9066,21.826,46494.65,7.1504,92.955,25.0,311.902,25.826,64.305,239.925,597.1,5.473,0.0,0.109236,0.153512,0.110382,0.130382,40.14,-111.87,whole-lake,whole-lake,stream_images/pond-03-step-060.jpg,pond_325,LOW_TEMP;HIGH_PH,fishpond_visual_condition_v2_fixture,synthetic_condition_matched_mapping
2026-09-12T10:10:00+05:30,61,pond-01,stable,0.09529,synthetic_gradual_stream,ASU,KA32,12.006944,25.0,53.5542,0.4666,3.1277,8.1021,26.2946,28.5838,24.4946,48131.53,8.4554,109.92,32.0,383.739,28.4946,69.332,295.184,505.7,3.858,0.0,0.096671,0.164282,0.116665,0.136665,40.15,-111.86,whole-lake,whole-lake,stream_images/pond-01-step-061.jpg,pond_1007,OPTIMUM,fishpond_visual_condition_v2_fixture,synthetic_condition_matched_mapping
2026-09-12T10:10:00+05:30,61,pond-02,heat_low_oxygen_watch,0.24041,synthetic_gradual_stream,CP,LRB-AZ-1201,12.006944,22.0,36.1049,0.4159,2.3192,8.3986,29.1637,31.4528,27.3637,49232.73,6.7816,88.161,35.0,441.135,31.3637,65.269,339.334,632.4,5.164,0.0,0.106828,0.155576,0.111586,0.131586,40.16,-111.85,whole-lake,whole-lake,stream_images/pond-02-step-061.jpg,pond_009,HIGH_PH,fishpond_visual_condition_v2_fixture,synthetic_condition_matched_mapping
2026-09-12T10:10:00+05:30,61,pond-03,nutrient_light_limited_watch,0.28,synthetic_gradual_stream,FA,C046,12.006944,28.0,27.7802,0.402,1.914,8.28,23.6,25.8892,21.8,46503.99,7.14,92.82,25.0,310.182,25.8,64.16,238.601,600.8,5.52,0.0,0.1096,0.1532,0.1102,0.1302,40.14,-111.87,whole-lake,whole-lake,stream_images/pond-03-step-061.jpg,pond_326,LOW_TEMP;HIGH_PH,fishpond_visual_condition_v2_fixture,synthetic_condition_matched_mapping
2026-09-12T10:10:10+05:30,62,pond-01,stable,0.0948,synthetic_gradual_stream,ASU,KA32,12.00706,25.0,53.5301,0.4668,3.1265,8.1036,26.2941,28.5919,24.4941,48130.63,8.4511,109.864,32.0,386.651,28.4941,69.346,297.424,506.3,3.853,0.0,0.096636,0.164312,0.116682,0.136682,40.15,-111.86,whole-lake,whole-lake,stream_images/pond-01-step-062.jpg,pond_1008,OPTIMUM,fishpond_visual_condition_v2_fixture,synthetic_condition_matched_mapping
2026-09-12T10:10:10+05:30,62,pond-02,heat_low_oxygen_watch,0.2452,synthetic_gradual_stream,CP,LRB-AZ-1201,12.00706,22.0,35.9275,0.4142,2.3096,8.4055,29.2068,31.5046,27.4068,49241.37,6.7533,87.793,35.0,443.192,31.4068,65.134,340.917,636.3,5.207,0.0,0.107164,0.155288,0.111418,0.131418,40.16,-111.85,whole-lake,whole-lake,stream_images/pond-02-step-062.jpg,pond_010,HIGH_PH,fishpond_visual_condition_v2_fixture,synthetic_condition_matched_mapping
2026-09-12T10:10:10+05:30,62,pond-03,nutrient_light_limited_watch,0.28523,synthetic_gradual_stream,FA,C046,12.00706,28.0,27.589,0.4002,1.9012,8.2852,23.5738,25.8716,21.7738,46513.42,7.1295,92.684,25.0,308.446,25.7738,64.014,237.266,604.6,5.567,0.0,0.109966,0.152886,0.110017,0.130017,40.14,-111.87,whole-lake,whole-lake,stream_images/pond-03-step-062.jpg,pond_327,LOW_TEMP;HIGH_PH,fishpond_visual_condition_v2_fixture,synthetic_condition_matched_mapping
2026-09-12T10:10:20+05:30,63,pond-01,stable,0.09428,synthetic_gradual_stream,ASU,KA32,12.007176,25.0,53.506,0.467,3.1253,8.1052,26.2939,28.6003,24.4939,48129.7,8.4468,109.808,32.0,389.588,28.4939,69.36,299.683,506.8,3.848,0.0,0.096599,0.164343,0.1167,0.1367,40.15,-111.86,whole-lake,whole-lake,stream_images/pond-01-step-063.jpg,pond_1009,OPTIMUM,fishpond_visual_condition_v2_fixture,synthetic_condition_matched_mapping
2026-09-12T10:10:20+05:30,63,pond-02,heat_low_oxygen_watch,0.25005,synthetic_gradual_stream,CP,LRB-AZ-1201,12.007176,22.0,35.7482,0.4125,2.2999,8.4126,29.2504,31.5569,27.4504,49250.09,6.7247,87.421,35.0,445.271,31.4504,64.999,342.516,640.3,5.25,0.0,0.107503,0.154997,0.111248,0.131248,40.16,-111.85,whole-lake,whole-lake,stream_images/pond-02-step-063.jpg,pond_011,HIGH_PH,fishpond_visual_condition_v2_fixture,synthetic_condition_matched_mapping
2026-09-12T10:10:20+05:30,63,pond-03,nutrient_light_limited_watch,0.29052,synthetic_gradual_stream,FA,C046,12.007176,28.0,27.3962,0.3983,1.8882,8.2905,23.5474,25.8539,21.7474,46522.93,7.119,92.547,25.0,306.694,25.7474,63.866,235.919,608.4,5.615,0.0,0.110336,0.152569,0.109832,0.129832,40.14,-111.87,whole-lake,whole-lake,stream_images/pond-03-step-063.jpg,pond_328,LOW_TEMP;HIGH_PH,fishpond_visual_condition_v2_fixture,synthetic_condition_matched_mapping
2026-09-12T10:10:30+05:30,64,pond-01,stable,0.09374,synthetic_gradual_stream,ASU,KA32,12.007292,25.0,53.4819,0.4672,3.1241,8.1067,26.2939,28.6092,24.4939,48128.72,8.4424,109.751,32.0,392.549,28.4939,69.375,301.961,507.3,3.844,0.0,0.096561,0.164376,0.116719,0.136719,40.15,-111.86,whole-lake,whole-lake,stream_images/pond-01-step-064.jpg,pond_1010,OPTIMUM,fishpond_visual_condition_v2_fixture,synthetic_condition_matched_mapping
2026-09-12T10:10:30+05:30,64,pond-02,heat_low_oxygen_watch,0.25494,synthetic_gradual_stream,CP,LRB-AZ-1201,12.007292,22.0,35.5671,0.4108,2.2901,8.4197,29.2945,31.6097,27.4945,49258.9,6.6958,87.046,35.0,447.371,31.4945,64.862,344.132,644.3,5.295,0.0,0.107846,0.154703,0.111077,0.131077,40.16,-111.85,whole-lake,whole-lake,stream_images/pond-02-step-064.jpg,pond_012,HIGH_PH,fishpond_visual_condition_v2_fixture,synthetic_condition_matched_mapping
2026-09-12T10:10:30+05:30,64,pond-03,nutrient_light_limited_watch,0.29584,synthetic_gradual_stream,FA,C046,12.007292,28.0,27.2017,0.3965,1.8752,8.2958,23.5208,25.836,21.7208,46532.52,7.1083,92.408,25.0,304.928,25.7208,63.716,234.56,612.2,5.663,0.0,0.110709,0.152249,0.109645,0.129645,40.14,-111.87,whole-lake,whole-lake,stream_images/pond-03-step-064.jpg,pond_329,LOW_TEMP;HIGH_PH,fishpond_visual_condition_v2_fixture,synthetic_condition_matched_mapping
2026-09-12T10:10:40+05:30,65,pond-01,stable,0.09318,synthetic_gradual_stream,ASU,KA32,12.007407,25.0,53.4578,0.4674,3.1229,8.1083,26.2944,28.6184,24.4944,48127.72,8.438,109.694,32.0,395.532,28.4944,69.391,304.255,507.8,3.839,0.0,0.096522,0.164409,0.116739,0.136739,40.15,-111.86,whole-lake,whole-lake,stream_images/pond-01-step-065.jpg,pond_1011,OPTIMUM,fishpond_visual_condition_v2_fixture,synthetic_condition_matched_mapping
2026-09-12T10:10:40+05:30,65,pond-02,heat_low_oxygen_watch,0.25989,synthetic_gradual_stream,CP,LRB-AZ-1201,12.007407,22.0,35.3842,0.409,2.2802,8.4268,29.339,31.663,27.539,49267.8,6.6667,86.667,35.0,449.492,31.539,64.723,345.763,648.3,5.339,0.0,0.108192,0.154407,0.110904,0.130904,40.16,-111.85,whole-lake,whole-lake,stream_images/pond-02-step-065.jpg,pond_013,HIGH_PH,fishpond_visual_condition_v2_fixture,synthetic_condition_matched_mapping
2026-09-12T10:10:40+05:30,65,pond-03,nutrient_light_limited_watch,0.30121,synthetic_gradual_stream,FA,C046,12.007407,28.0,27.0057,0.3946,1.862,8.3012,23.4939,25.818,21.6939,46542.19,7.0976,92.268,25.0,303.147,25.6939,63.566,233.19,616.0,5.711,0.0,0.111085,0.151927,0.109457,0.129457,40.14,-111.87,whole-lake,whole-lake,stream_images/pond-03-step-065.jpg,pond_330,LOW_TEMP;HIGH_PH,fishpond_visual_condition_v2_fixture,synthetic_condition_matched_mapping
2026-09-12T10:10:50+05:30,66,pond-01,stable,0.0926,synthetic_gradual_stream,ASU,KA32,12.007523,25.0,53.4337,0.4676,3.1217,8.1099,26.2952,28.6281,24.4952,48126.67,8.4335,109.636,32.0,398.536,28.4952,69.407,306.566,508.3,3.833,0.0,0.096482,0.164444,0.116759,0.136759,40.15,-111.86,whole-lake,whole-lake,stream_images/pond-01-step-066.jpg,pond_1012,OPTIMUM,fishpond_visual_condition_v2_fixture,synthetic_condition_matched_mapping
2026-09-12T10:10:50+05:30,66,pond-02,heat_low_oxygen_watch,0.26488,synthetic_gradual_stream,CP,LRB-AZ-1201,12.007523,22.0,35.1995,0.4073,2.2702,8.4341,29.3839,31.7168,27.5839,49276.78,6.6372,86.284,35.0,451.632,31.5839,64.583,347.409,652.4,5.384,0.0,0.108541,0.154107,0.110729,0.130729,40.16,-111.85,whole-lake,whole-lake,stream_images/pond-02-step-066.jpg,pond_014,HIGH_PH,fishpond_visual_condition_v2_fixture,synthetic_condition_matched_mapping
2026-09-12T10:10:50+05:30,66,pond-03,nutrient_light_limited_watch,0.30663,synthetic_gradual_stream,FA,C046,12.007523,28.0,26.8081,0.3927,1.8488,8.3066,23.4669,25.7998,21.6669,46551.93,7.0867,92.128,25.0,301.353,25.6669,63.414,231.81,619.9,5.76,0.0,0.111464,0.151602,0.109268,0.129268,40.14,-111.87,whole-lake,whole-lake,stream_images/pond-03-step-066.jpg,pond_331,LOW_TEMP;HIGH_PH,fishpond_visual_condition_v2_fixture,synthetic_condition_matched_mapping
2026-09-12T10:11:00+05:30,67,pond-01,stable,0.092,synthetic_gradual_stream,ASU,KA32,12.007639,25.0,53.4096,0.4678,3.1205,8.1115,26.2964,28.6383,24.4964,48125.6,8.4291,109.578,32.0,401.561,28.4964,69.424,308.893,508.8,3.828,0.0,0.09644,0.16448,0.11678,0.13678,40.15,-111.86,whole-lake,whole-lake,stream_images/pond-01-step-067.jpg,pond_1013,OPTIMUM,fishpond_visual_condition_v2_fixture,synthetic_condition_matched_mapping
2026-09-12T10:11:00+05:30,67,pond-02,heat_low_oxygen_watch,0.26991,synthetic_gradual_stream,CP,LRB-AZ-1201,12.007639,22.0,35.0132,0.4055,2.2602,8.4414,29.4292,31.7711,27.6292,49285.84,6.6075,85.898,35.0,453.793,31.6292,64.442,349.071,656.5,5.429,0.0,0.108894,0.153805,0.110553,0.130553,40.16,-111.85,whole-lake,whole-lake,stream_images/pond-02-step-067.jpg,pond_015,HIGH_PH,fishpond_visual_condition_v2_fixture,synthetic_condition_matched_mapping
2026-09-12T10:11:00+05:30,67,pond-03,nutrient_light_limited_watch,0.31208,synthetic_gradual_stream,FA,C046,12.007639,28.0,26.6089,0.3908,1.8354,8.3121,23.4396,25.7815,21.6396,46561.75,7.0758,91.986,25.0,299.544,25.6396,63.262,230.419,623.8,5.809,0.0,0.111846,0.151275,0.109077,0.129077,40.14,-111.87,whole-lake,whole-lake,stream_images/pond-03-step-067.jpg,pond_332,LOW_TEMP;HIGH_PH,fishpond_visual_condition_v2_fixture,synthetic_condition_matched_mapping
2026-09-12T10:11:10+05:30,68,pond-01,stable,0.09139,synthetic_gradual_stream,ASU,KA32,12.007755,25.0,53.3855,0.468,3.1193,8.1132,26.2981,28.649,24.4981,48124.49,8.4245,109.519,32.0,404.605,28.4981,69.441,311.234,509.3,3.822,0.0,0.096397,0.164517,0.116802,0.136802,40.15,-111.86,whole-lake,whole-lake,stream_images/pond-01-step-068.jpg,pond_1014,OPTIMUM,fishpond_visual_condition_v2_fixture,synthetic_condition_matched_mapping
2026-09-12T10:11:10+05:30,68,pond-02,heat_low_oxygen_watch,0.27499,synthetic_gradual_stream,CP,LRB-AZ-1201,12.007755,22.0,34.8252,0.4038,2.25,8.4487,29.4749,31.8258,27.6749,49294.99,6.5775,85.508,35.0,455.972,31.6749,64.3,350.748,660.6,5.475,0.0,0.10925,0.1535,0.110375,0.130375,40.16,-111.85,whole-lake,whole-lake,stream_images/pond-02-step-068.jpg,pond_016,HIGH_PH,fishpond_visual_condition_v2_fixture,synthetic_condition_matched_mapping
2026-09-12T10:11:10+05:30,68,pond-03,nutrient_light_limited_watch,0.31758,synthetic_gradual_stream,FA,C046,12.007755,28.0,26.4084,0.3888,1.8219,8.3176,23.4121,25.763,21.6121,46571.64,7.0648,91.843,25.0,297.723,25.6121,63.108,229.018,627.8,5.858,0.0,0.11223,0.150945,0.108885,0.128885,40.14,-111.87,whole-lake,whole-lake,stream_images/pond-03-step-068.jpg,pond_333,LOW_TEMP;HIGH_PH,fishpond_visual_condition_v2_fixture,synthetic_condition_matched_mapping
2026-09-12T10:11:20+05:30,69,pond-01,stable,0.09075,synthetic_gradual_stream,ASU,KA32,12.00787,25.0,53.3614,0.4682,3.1181,8.1148,26.3002,28.6602,24.5002,48123.36,8.42,109.46,32.0,407.666,28.5002,69.459,313.589,509.8,3.817,0.0,0.096353,0.164555,0.116824,0.136824,40.15,-111.86,whole-lake,whole-lake,stream_images/pond-01-step-069.jpg,pond_1015,OPTIMUM,fishpond_visual_condition_v2_fixture,synthetic_condition_matched_mapping
2026-09-12T10:11:20+05:30,69,pond-02,heat_low_oxygen_watch,0.28012,synthetic_gradual_stream,CP,LRB-AZ-1201,12.00787,22.0,34.6356,0.402,2.2398,8.4562,29.5211,31.881,27.7211,49304.21,6.5473,85.115,35.0,458.171,31.7211,64.157,352.439,664.8,5.521,0.0,0.109608,0.153193,0.110196,0.130196,40.16,-111.85,whole-lake,whole-lake,stream_images/pond-02-step-069.jpg,pond_017,HIGH_PH,fishpond_visual_condition_v2_fixture,synthetic_condition_matched_mapping
2026-09-12T10:11:20+05:30,69,pond-03,nutrient_light_limited_watch,0.32311,synthetic_gradual_stream,FA,C046,12.00787,28.0,26.2064,0.3869,1.8084,8.3231,23.3844,25.7444,21.5844,46581.6,7.0538,91.699,25.0,295.889,25.5844,62.953,227.607,631.7,5.908,0.0,0.112618,0.150613,0.108691,0.128691,40.14,-111.87,whole-lake,whole-lake,stream_images/pond-03-step-069.jpg,pond_334,LOW_TEMP;HIGH_PH,fishpond_visual_condition_v2_fixture,synthetic_condition_matched_mapping
2026-09-12T10:11:30+05:30,70,pond-01,stable,0.09011,synthetic_gradual_stream,ASU,KA32,12.007986,25.0,53.3373,0.4685,3.1169,8.1164,26.3028,28.6719,24.5028,48122.2,8.4155,109.401,32.0,410.745,28.5028,69.477,315.958,510.2,3.811,0.0,0.096308,0.164593,0.116846,0.136846,40.15,-111.86,whole-lake,whole-lake,stream_images/pond-01-step-070.jpg,pond_1016,OPTIMUM,fishpond_visual_condition_v2_fixture,synthetic_condition_matched_mapping
2026-09-12T10:11:30+05:30,70,pond-02,heat_low_oxygen_watch,0.28529,synthetic_gradual_stream,CP,LRB-AZ-1201,12.007986,22.0,34.4444,0.4001,2.2294,8.4637,29.5676,31.9366,27.7676,49313.51,6.5168,84.719,35.0,460.388,31.7676,64.012,354.144,669.0,5.568,0.0,0.10997,0.152883,0.110015,0.130015,40.16,-111.85,whole-lake,whole-lake,stream_images/pond-02-step-070.jpg,pond_018,HIGH_PH,fishpond_visual_condition_v2_fixture,synthetic_condition_matched_mapping
2026-09-12T10:11:30+05:30,70,pond-03,nutrient_light_limited_watch,0.32868,synthetic_gradual_stream,FA,C046,12.007986,28.0,26.0031,0.385,1.7947,8.3287,23.3566,25.7257,21.5566,46591.63,7.0426,91.554,25.0,294.042,25.5566,62.797,226.186,635.7,5.958,0.0,0.113008,0.150279,0.108496,0.128496,40.14,-111.87,whole-lake,whole-lake,stream_images/pond-03-step-070.jpg,pond_495,LOW_TEMP;HIGH_PH,fishpond_visual_condition_v2_fixture,synthetic_condition_matched_mapping
2026-09-12T10:11:40+05:30,71,pond-01,stable,0.08945,synthetic_gradual_stream,ASU,KA32,12.008102,25.0,53.3133,0.4687,3.1157,8.1181,26.3059,28.6841,24.5059,48121.01,8.4109,109.342,32.0,413.839,28.5059,69.495,318.338,510.7,3.805,0.0,0.096261,0.164633,0.116869,0.136869,40.15,-111.86,whole-lake,whole-lake,stream_images/pond-01-step-071.jpg,pond_1017,OPTIMUM,fishpond_visual_condition_v2_fixture,synthetic_condition_matched_mapping
2026-09-12T10:11:40+05:30,71,pond-02,heat_low_oxygen_watch,0.2905,synthetic_gradual_stream,CP,LRB-AZ-1201,12.008102,22.0,34.2517,0.3983,2.219,8.4712,29.6145,31.9927,27.8145,49322.89,6.4861,84.319,35.0,462.623,31.8145,63.866,355.864,673.2,5.614,0.0,0.110335,0.15257,0.109833,0.129833,40.16,-111.85,whole-lake,whole-lake,stream_images/pond-02-step-071.jpg,pond_019,HIGH_PH,fishpond_visual_condition_v2_fixture,synthetic_condition_matched_mapping
2026-09-12T10:11:40+05:30,71,pond-03,nutrient_light_limited_watch,0.33429,synthetic_gradual_stream,FA,C046,12.008102,28.0,25.7985,0.383,1.781,8.3343,23.3286,25.7068,21.5286,46601.72,7.0314,91.409,25.0,292.184,25.5286,62.64,224.757,639.7,6.009,0.0,0.1134,0.149943,0.1083,0.1283,40.14,-111.87,whole-lake,whole-lake,stream_images/pond-03-step-071.jpg,pond_496,LOW_TEMP;HIGH_PH,fishpond_visual_condition_v2_fixture,synthetic_condition_matched_mapping
2026-09-12T10:11:50+05:30,72,pond-01,stable,0.08877,synthetic_gradual_stream,ASU,KA32,12.008218,25.0,53.2892,0.4689,3.1145,8.1197,26.3096,28.697,24.5096,48119.79,8.4063,109.282,32.0,416.949,28.5096,69.514,320.73,498.6,3.799,0.0,0.096214,0.164674,0.116893,0.136893,40.15,-111.86,whole-lake,whole-lake,stream_images/pond-01-step-072.jpg,pond_1018,OPTIMUM,fishpond_visual_condition_v2_fixture,synthetic_condition_matched_mapping
2026-09-12T10:11:50+05:30,72,pond-02,heat_low_oxygen_watch,0.29575,synthetic_gradual_stream,CP,LRB-AZ-1201,12.008218,22.0,34.0574,0.3965,2.2085,8.4788,29.6617,32.0491,27.8617,49332.34,6.4551,83.916,35.0,464.875,31.8617,63.719,357.596,665.0,5.662,0.0,0.110702,0.152255,0.109649,0.129649,40.16,-111.85,whole-lake,whole-lake,stream_images/pond-02-step-072.jpg,pond_020,HIGH_PH,fishpond_visual_condition_v2_fixture,synthetic_condition_matched_mapping
2026-09-12T10:11:50+05:30,72,pond-03,nutrient_light_limited_watch,0.33993,synthetic_gradual_stream,FA,C046,12.008218,28.0,25.5926,0.381,1.7672,8.3399,23.3004,25.6878,21.5004,46611.87,7.0201,91.262,25.0,290.314,25.5004,62.482,223.318,631.2,6.059,0.0,0.113795,0.149604,0.108103,0.128103,40.14,-111.87,whole-lake,whole-lake,stream_images/pond-03-step-072.jpg,pond_497,LOW_TEMP;HIGH_PH,fishpond_visual_condition_v2_fixture,synthetic_condition_matched_mapping
2026-09-12T10:12:00+05:30,73,pond-01,stable,0.08809,synthetic_gradual_stream,ASU,KA32,12.008333,25.0,53.2651,0.4692,3.1133,8.1214,26.3137,28.7104,24.5137,48118.56,8.4017,109.222,32.0,420.072,28.5137,69.534,323.132,499.1,3.793,0.0,0.096166,0.164715,0.116917,0.136917,40.15,-111.86,whole-lake,whole-lake,stream_images/pond-01-step-073.jpg,pond_1020,OPTIMUM,fishpond_visual_condition_v2_fixture,synthetic_condition_matched_mapping
2026-09-12T10:12:00+05:30,73,pond-02,heat_low_oxygen_watch,0.30104,synthetic_gradual_stream,CP,LRB-AZ-1201,12.008333,22.0,33.8616,0.3946,2.1979,8.4865,29.7093,32.106,27.9093,49341.87,6.4239,83.51,35.0,467.145,31.9093,63.571,359.343,669.3,5.709,0.0,0.111073,0.151938,0.109464,0.129464,40.16,-111.85,whole-lake,whole-lake,stream_images/pond-02-step-073.jpg,pond_021,HIGH_PH,fishpond_visual_condition_v2_fixture,synthetic_condition_matched_mapping
2026-09-12T10:12:00+05:30,73,pond-03,nutrient_light_limited_watch,0.3456,synthetic_gradual_stream,FA,C046,12.008333,28.0,25.3856,0.379,1.7533,8.3456,23.272,25.6687,21.472,46622.08,7.0088,91.114,25.0,288.433,25.472,62.323,221.872,635.2,6.11,0.0,0.114192,0.149264,0.107904,0.127904,40.14,-111.87,whole-lake,whole-lake,stream_images/pond-03-step-073.jpg,pond_498,LOW_TEMP;HIGH_PH,fishpond_visual_condition_v2_fixture,synthetic_condition_matched_mapping
2026-09-12T10:12:10+05:30,74,pond-01,stable,0.08739,synthetic_gradual_stream,ASU,KA32,12.008449,25.0,53.241,0.4694,3.112,8.1231,26.3185,28.7244,24.5185,48117.3,8.397,109.161,32.0,423.207,28.5185,69.553,325.544,499.5,3.787,0.0,0.096117,0.164757,0.116941,0.136941,40.15,-111.86,whole-lake,whole-lake,stream_images/pond-01-step-074.jpg,pond_1021,OPTIMUM,fishpond_visual_condition_v2_fixture,synthetic_condition_matched_mapping
2026-09-12T10:12:10+05:30,74,pond-02,heat_low_oxygen_watch,0.30637,synthetic_gradual_stream,CP,LRB-AZ-1201,12.008449,22.0,33.6644,0.3928,2.1873,8.4942,29.7573,32.1633,27.9573,49351.46,6.3924,83.102,35.0,469.432,31.9573,63.422,361.102,673.6,5.757,0.0,0.111446,0.151618,0.109277,0.129277,40.16,-111.85,whole-lake,whole-lake,stream_images/pond-02-step-074.jpg,pond_022,HIGH_PH,fishpond_visual_condition_v2_fixture,synthetic_condition_matched_mapping
2026-09-12T10:12:10+05:30,74,pond-03,nutrient_light_limited_watch,0.35131,synthetic_gradual_stream,FA,C046,12.008449,28.0,25.1773,0.377,1.7393,8.3513,23.2435,25.6494,21.4435,46632.35,6.9974,90.966,25.0,286.542,25.4435,62.163,220.417,639.3,6.162,0.0,0.114591,0.148922,0.107704,0.127704,40.14,-111.87,whole-lake,whole-lake,stream_images/pond-03-step-074.jpg,pond_499,LOW_TEMP;HIGH_PH,fishpond_visual_condition_v2_fixture,synthetic_condition_matched_mapping
2026-09-12T10:12:20+05:30,75,pond-01,stable,0.08668,synthetic_gradual_stream,ASU,KA32,12.008565,25.0,53.2169,0.4697,3.1108,8.1247,26.3238,28.7391,24.5238,48116.03,8.3924,109.101,32.0,426.354,28.5238,69.573,327.964,499.9,3.78,0.0,0.096068,0.164799,0.116966,0.136966,40.15,-111.86,whole-lake,whole-lake,stream_images/pond-01-step-075.jpg,pond_1022,OPTIMUM,fishpond_visual_condition_v2_fixture,synthetic_condition_matched_mapping
2026-09-12T10:12:20+05:30,75,pond-02,heat_low_oxygen_watch,0.31174,synthetic_gradual_stream,CP,LRB-AZ-1201,12.008565,22.0,33.4657,0.3909,2.1765,8.502,29.8056,32.2209,28.0056,49361.13,6.3608,82.69,35.0,471.735,32.0056,63.271,362.873,677.9,5.806,0.0,0.111822,0.151296,0.109089,0.129089,40.16,-111.85,whole-lake,whole-lake,stream_images/pond-02-step-075.jpg,pond_023,HIGH_PH,fishpond_visual_condition_v2_fixture,synthetic_condition_matched_mapping
2026-09-12T10:12:20+05:30,75,pond-03,nutrient_light_limited_watch,0.35704,synthetic_gradual_stream,FA,C046,12.008565,28.0,24.9679,0.375,1.7252,8.357,23.2148,25.63,21.4148,46642.68,6.9859,90.817,25.0,284.64,25.4148,62.003,218.954,643.4,6.213,0.0,0.114993,0.148577,0.107504,0.127504,40.14,-111.87,whole-lake,whole-lake,stream_images/pond-03-step-075.jpg,pond_500,LOW_TEMP;HIGH_PH,fishpond_visual_condition_v2_fixture,synthetic_condition_matched_mapping
2026-09-12T10:12:30+05:30,76,pond-01,stable,0.08596,synthetic_gradual_stream,ASU,KA32,12.008681,25.0,53.1928,0.4699,3.1096,8.1264,26.3298,28.7544,24.5298,48114.74,8.3877,109.04,32.0,429.511,28.5298,69.593,330.393,500.4,3.774,0.0,0.096017,0.164842,0.116991,0.136991,40.15,-111.86,whole-lake,whole-lake,stream_images/pond-01-step-076.jpg,pond_1023,OPTIMUM,fishpond_visual_condition_v2_fixture,synthetic_condition_matched_mapping
2026-09-12T10:12:30+05:30,76,pond-02,heat_low_oxygen_watch,0.31714,synthetic_gradual_stream,CP,LRB-AZ-1201,12.008681,22.0,33.2657,0.389,2.1657,8.5099,29.8543,32.2789,28.0543,49370.86,6.3289,82.275,35.0,474.054,32.0543,63.12,364.657,682.3,5.854,0.0,0.1122,0.150971,0.1089,0.1289,40.16,-111.85,whole-lake,whole-lake,stream_images/pond-02-step-076.jpg,pond_024,HIGH_PH,fishpond_visual_condition_v2_fixture,synthetic_condition_matched_mapping
2026-09-12T10:12:30+05:30,76,pond-03,nutrient_light_limited_watch,0.36281,synthetic_gradual_stream,FA,C046,12.008681,28.0,24.7575,0.373,1.7111,8.3628,23.186,25.6106,21.386,46653.05,6.9744,90.667,25.0,282.729,25.386,61.841,217.484,647.5,6.265,0.0,0.115397,0.148232,0.107302,0.127302,40.14,-111.87,whole-lake,whole-lake,stream_images/pond-03-step-076.jpg,pond_501,LOW_TEMP;HIGH_PH,fishpond_visual_condition_v2_fixture,synthetic_condition_matched_mapping
2026-09-12T10:12:40+05:30,77,pond-01,stable,0.08524,synthetic_gradual_stream,ASU,KA32,12.008796,25.0,53.1687,0.4702,3.1084,8.1281,26.3363,28.7703,24.5363,48113.43,8.383,108.979,32.0,432.677,28.5363,69.613,332.828,500.8,3.767,0.0,0.095967,0.164886,0.117017,0.137017,40.15,-111.86,whole-lake,whole-lake,stream_images/pond-01-step-077.jpg,pond_105,OPTIMUM,fishpond_visual_condition_v2_fixture,synthetic_condition_matched_mapping
2026-09-12T10:12:40+05:30,77,pond-02,heat_low_oxygen_watch,0.32259,synthetic_gradual_stream,CP,LRB-AZ-1201,12.008796,22.0,33.0643,0.3871,2.1548,8.5177,29.9033,32.3372,28.1033,49380.65,6.2967,81.858,35.0,476.389,32.1033,62.968,366.453,686.7,5.903,0.0,0.112581,0.150645,0.10871,0.12871,40.16,-111.85,whole-lake,whole-lake,stream_images/pond-02-step-077.jpg,pond_025,HIGH_PH,fishpond_visual_condition_v2_fixture,synthetic_condition_matched_mapping
2026-09-12T10:12:40+05:30,77,pond-03,nutrient_light_limited_watch,0.3686,synthetic_gradual_stream,FA,C046,12.008796,28.0,24.5461,0.371,1.6969,8.3686,23.157,25.591,21.357,46663.48,6.9628,90.516,25.0,280.809,25.357,61.679,216.007,651.6,6.317,0.0,0.115802,0.147884,0.107099,0.127099,40.14,-111.87,whole-lake,whole-lake,stream_images/pond-03-step-077.jpg,pond_502,LOW_TEMP;HIGH_PH,fishpond_visual_condition_v2_fixture,synthetic_condition_matched_mapping
2026-09-12T10:12:50+05:30,78,pond-01,stable,0.0845,synthetic_gradual_stream,ASU,KA32,12.008912,25.0,53.1446,0.4704,3.1072,8.1298,26.3435,28.7869,24.5435,48112.11,8.3783,108.918,32.0,435.851,28.5435,69.634,335.27,501.2,3.761,0.0,0.095915,0.16493,0.117042,0.137042,40.15,-111.86,whole-lake,whole-lake,stream_images/pond-01-step-078.jpg,pond_106,OPTIMUM,fishpond_visual_condition_v2_fixture,synthetic_condition_matched_mapping
2026-09-12T10:12:50+05:30,78,pond-02,heat_low_oxygen_watch,0.32806,synthetic_gradual_stream,CP,LRB-AZ-1201,12.008912,22.0,32.8617,0.3852,2.1439,8.5257,29.9526,32.3959,28.1526,49390.51,6.2644,81.438,35.0,478.739,32.1526,62.814,368.261,691.1,5.953,0.0,0.112964,0.150316,0.108518,0.128518,40.16,-111.85,whole-lake,whole-lake,stream_images/pond-02-step-078.jpg,pond_026,HIGH_PH,fishpond_visual_condition_v2_fixture,synthetic_condition_matched_mapping
2026-09-12T10:12:50+05:30,78,pond-03,nutrient_light_limited_watch,0.37442,synthetic_gradual_stream,FA,C046,12.008912,28.0,24.3337,0.369,1.6827,8.3744,23.1279,25.5712,21.3279,46673.96,6.9512,90.365,25.0,278.88,25.3279,61.516,214.523,655.7,6.37,0.0,0.116209,0.147535,0.106895,0.126895,40.14,-111.87,whole-lake,whole-lake,stream_images/pond-03-step-078.jpg,pond_503,LOW_TEMP;HIGH_PH,fishpond_visual_condition_v2_fixture,synthetic_condition_matched_mapping
2026-09-12T10:13:00+05:30,79,pond-01,stable,0.08376,synthetic_gradual_stream,ASU,KA32,12.009028,25.0,53.1205,0.4707,3.106,8.1315,26.3513,28.8041,24.5513,48110.77,8.3736,108.857,32.0,439.032,28.5513,69.655,337.717,501.6,3.754,0.0,0.095863,0.164974,0.117068,0.137068,40.15,-111.86,whole-lake,whole-lake,stream_images/pond-01-step-079.jpg,pond_109,OPTIMUM,fishpond_visual_condition_v2_fixture,synthetic_condition_matched_mapping
2026-09-12T10:13:00+05:30,79,pond-02,heat_low_oxygen_watch,0.33358,synthetic_gradual_stream,CP,LRB-AZ-1201,12.009028,22.0,32.6577,0.3832,2.1328,8.5337,30.0022,32.4549,28.2022,49400.44,6.2319,81.015,35.0,481.104,32.2022,62.66,370.08,695.5,6.002,0.0,0.11335,0.149985,0.108325,0.128325,40.16,-111.85,whole-lake,whole-lake,stream_images/pond-02-step-079.jpg,pond_027,HIGH_PH,fishpond_visual_condition_v2_fixture,synthetic_condition_matched_mapping
2026-09-12T10:13:00+05:30,79,pond-03,nutrient_light_limited_watch,0.38026,synthetic_gradual_stream,FA,C046,12.009028,28.0,24.1203,0.3669,1.6684,8.3803,23.0987,25.5514,21.2987,46684.48,6.9395,90.213,25.0,276.942,25.2987,61.353,213.032,659.9,6.422,0.0,0.116619,0.147184,0.106691,0.126691,40.14,-111.87,whole-lake,whole-lake,stream_images/pond-03-step-079.jpg,pond_504,LOW_TEMP;HIGH_PH,fishpond_visual_condition_v2_fixture,synthetic_condition_matched_mapping
2026-09-12T10:13:10+05:30,80,pond-01,stable,0.08302,synthetic_gradual_stream,ASU,KA32,12.009144,25.0,53.0964,0.4709,3.1048,8.1332,26.3598,28.8219,24.5598,48109.43,8.3689,108.796,32.0,442.219,28.5598,69.676,340.168,502.0,3.747,0.0,0.095811,0.165019,0.117094,0.137094,40.15,-111.86,whole-lake,whole-lake,stream_images/pond-01-step-080.jpg,pond_110,OPTIMUM,fishpond_visual_condition_v2_fixture,synthetic_condition_matched_mapping
2026-09-12T10:13:10+05:30,80,pond-02,heat_low_oxygen_watch,0.33912,synthetic_gradual_stream,CP,LRB-AZ-1201,12.009144,22.0,32.4525,0.3813,2.1218,8.5417,30.0521,32.5143,28.2521,49410.42,6.1992,80.589,35.0,483.483,32.2521,62.505,371.91,700.0,6.052,0.0,0.113738,0.149653,0.108131,0.128131,40.16,-111.85,whole-lake,whole-lake,stream_images/pond-02-step-080.jpg,pond_028,HIGH_PH,fishpond_visual_condition_v2_fixture,synthetic_condition_matched_mapping
2026-09-12T10:13:10+05:30,80,pond-03,nutrient_light_limited_watch,0.38613,synthetic_gradual_stream,FA,C046,12.009144,28.0,23.9061,0.3649,1.654,8.3861,23.0693,25.5315,21.2693,46695.04,6.9277,90.061,25.0,274.997,25.2693,61.188,211.536,664.0,6.475,0.0,0.117029,0.146832,0.106485,0.126485,40.14,-111.87,whole-lake,whole-lake,stream_images/pond-03-step-080.jpg,pond_505,LOW_TEMP;HIGH_PH,fishpond_visual_condition_v2_fixture,synthetic_condition_matched_mapping
2026-09-12T10:13:20+05:30,81,pond-01,stable,0.08227,synthetic_gradual_stream,ASU,KA32,12.009259,25.0,53.0723,0.4712,3.1036,8.1349,26.3688,28.8405,24.5688,48108.08,8.3642,108.734,32.0,445.41,28.5688,69.697,342.623,502.4,3.74,0.0,0.095759,0.165064,0.117121,0.137121,40.15,-111.86,whole-lake,whole-lake,stream_images/pond-01-step-081.jpg,pond_111,OPTIMUM,fishpond_visual_condition_v2_fixture,synthetic_condition_matched_mapping
2026-09-12T10:13:20+05:30,81,pond-02,heat_low_oxygen_watch,0.3447,synthetic_gradual_stream,CP,LRB-AZ-1201,12.009259,22.0,32.2461,0.3794,2.1106,8.5498,30.1023,32.5739,28.3023,49420.46,6.1663,80.162,35.0,485.876,32.3023,62.348,373.751,704.5,6.102,0.0,0.114129,0.149318,0.107936,0.127936,40.16,-111.85,whole-lake,whole-lake,stream_images/pond-02-step-081.jpg,pond_029,HIGH_PH,fishpond_visual_condition_v2_fixture,synthetic_condition_matched_mapping
2026-09-12T10:13:20+05:30,81,pond-03,nutrient_light_limited_watch,0.39202,synthetic_gradual_stream,FA,C046,12.009259,28.0,23.6911,0.3628,1.6395,8.392,23.0399,25.5115,21.2399,46705.64,6.916,89.907,25.0,273.044,25.2399,61.023,210.034,668.2,6.528,0.0,0.117442,0.146479,0.106279,0.126279,40.14,-111.87,whole-lake,whole-lake,stream_images/pond-03-step-081.jpg,pond_506,LOW_TEMP;HIGH_PH,fishpond_visual_condition_v2_fixture,synthetic_condition_matched_mapping
2026-09-12T10:13:30+05:30,82,pond-01,stable,0.08151,synthetic_gradual_stream,ASU,KA32,12.009375,25.0,53.0482,0.4715,3.1024,8.1366,26.3786,28.8597,24.5786,48106.72,8.3595,108.673,32.0,448.605,28.5786,69.718,345.081,502.8,3.734,0.0,0.095706,0.165109,0.117147,0.137147,40.15,-111.86,whole-lake,whole-lake,stream_images/pond-01-step-082.jpg,pond_112,OPTIMUM,fishpond_visual_condition_v2_fixture,synthetic_condition_matched_mapping
2026-09-12T10:13:30+05:30,82,pond-02,heat_low_oxygen_watch,0.35031,synthetic_gradual_stream,CP,LRB-AZ-1201,12.009375,22.0,32.0386,0.3774,2.0994,8.5579,30.1528,32.6339,28.3528,49430.56,6.1332,79.731,35.0,488.282,32.3528,62.191,375.602,709.0,6.153,0.0,0.114522,0.148981,0.107739,0.127739,40.16,-111.85,whole-lake,whole-lake,stream_images/pond-02-step-082.jpg,pond_030,HIGH_PH,fishpond_visual_condition_v2_fixture,synthetic_condition_matched_mapping
2026-09-12T10:13:30+05:30,82,pond-03,nutrient_light_limited_watch,0.39794,synthetic_gradual_stream,FA,C046,12.009375,28.0,23.4753,0.3607,1.6251,8.3979,23.0103,25.4914,21.2103,46716.29,6.9041,89.754,25.0,271.084,25.2103,60.858,208.526,672.4,6.581,0.0,0.117856,0.146124,0.106072,0.126072,40.14,-111.87,whole-lake,whole-lake,stream_images/pond-03-step-082.jpg,pond_507,LOW_TEMP;HIGH_PH,fishpond_visual_condition_v2_fixture,synthetic_condition_matched_mapping
2026-09-12T10:13:40+05:30,83,pond-01,stable,0.08076,synthetic_gradual_stream,ASU,KA32,12.009491,25.0,53.0241,0.4717,3.1012,8.1383,26.389,28.8795,24.589,48105.36,8.3547,108.612,32.0,451.802,28.589,69.739,347.54,503.3,3.727,0.0,0.095653,0.165155,0.117174,0.137174,40.15,-111.86,whole-lake,whole-lake,stream_images/pond-01-step-083.jpg,pond_113,OPTIMUM,fishpond_visual_condition_v2_fixture,synthetic_condition_matched_mapping
2026-09-12T10:13:40+05:30,83,pond-02,heat_low_oxygen_watch,0.35595,synthetic_gradual_stream,CP,LRB-AZ-1201,12.009491,22.0,31.8299,0.3754,2.0881,8.5661,30.2035,32.6941,28.4035,49440.71,6.0999,79.299,35.0,490.702,32.4035,62.033,377.463,713.6,6.204,0.0,0.114916,0.148643,0.107542,0.127542,40.16,-111.85,whole-lake,whole-lake,stream_images/pond-02-step-083.jpg,pond_031,HIGH_PH,fishpond_visual_condition_v2_fixture,synthetic_condition_matched_mapping
2026-09-12T10:13:40+05:30,83,pond-03,nutrient_light_limited_watch,0.40387,synthetic_gradual_stream,FA,C046,12.009491,28.0,23.2587,0.3586,1.6105,8.4039,22.9806,25.4712,21.1806,46726.97,6.8923,89.599,25.0,269.117,25.1806,60.692,207.013,676.6,6.635,0.0,0.118271,0.145768,0.105865,0.125865,40.14,-111.87,whole-lake,whole-lake,stream_images/pond-03-step-083.jpg,pond_508,LOW_TEMP;HIGH_PH,fishpond_visual_condition_v2_fixture,synthetic_condition_matched_mapping
2026-09-12T10:13:50+05:30,84,pond-01,stable,0.08,synthetic_gradual_stream,ASU,KA32,12.009606,25.0,53.0,0.472,3.1,8.14,26.4,28.9,24.6,48104.0,8.35,108.55,32.0,455.0,28.6,69.76,350.0,503.7,3.72,0.0,0.0956,0.1652,0.1172,0.1372,40.15,-111.86,whole-lake,whole-lake,stream_images/pond-01-step-084.jpg,pond_114,OPTIMUM,fishpond_visual_condition_v2_fixture,synthetic_condition_matched_mapping
2026-09-12T10:13:50+05:30,84,pond-02,heat_low_oxygen_watch,0.36162,synthetic_gradual_stream,CP,LRB-AZ-1201,12.009606,22.0,31.6201,0.3734,2.0768,8.5743,30.2546,32.7546,28.4546,49450.91,6.0664,78.864,35.0,493.135,32.4546,61.875,379.334,718.1,6.255,0.0,0.115313,0.148303,0.107343,0.127343,40.16,-111.85,whole-lake,whole-lake,stream_images/pond-02-step-084.jpg,pond_032,HIGH_PH,fishpond_visual_condition_v2_fixture,synthetic_condition_matched_mapping
2026-09-12T10:13:50+05:30,84,pond-03,nutrient_light_limited_watch,0.40982,synthetic_gradual_stream,FA,C046,12.009606,28.0,23.0415,0.3566,1.5959,8.4098,22.9509,25.4509,21.1509,46737.68,6.8804,89.445,25.0,267.144,25.1509,60.525,205.495,680.8,6.688,0.0,0.118688,0.145411,0.105656,0.125656,40.14,-111.87,whole-lake,whole-lake,stream_images/pond-03-step-084.jpg,pond_509,LOW_TEMP;HIGH_PH,fishpond_visual_condition_v2_fixture,synthetic_condition_matched_mapping
2026-09-12T10:14:00+05:30,85,pond-01,stable,0.07924,synthetic_gradual_stream,ASU,KA32,12.009722,25.0,52.9759,0.4723,3.0988,8.1417,26.4117,28.9211,24.6117,48102.64,8.3453,108.488,32.0,458.198,28.6117,69.781,352.46,504.1,3.713,0.0113,0.095547,0.165245,0.117226,0.137226,40.15,-111.86,whole-lake,whole-lake,stream_images/pond-01-step-085.jpg,pond_115,OPTIMUM,fishpond_visual_condition_v2_fixture,synthetic_condition_matched_mapping
2026-09-12T10:14:00+05:30,85,pond-02,heat_low_oxygen_watch,0.36732,synthetic_gradual_stream,CP,LRB-AZ-1201,12.009722,22.0,31.4093,0.3714,2.0654,8.5826,30.3059,32.8153,28.5059,49461.17,6.0328,78.427,35.0,495.579,32.5059,61.715,381.215,722.7,6.306,0.0113,0.115712,0.147961,0.107144,0.127144,40.16,-111.85,whole-lake,whole-lake,stream_images/pond-02-step-085.jpg,pond_033,HIGH_PH,fishpond_visual_condition_v2_fixture,synthetic_condition_matched_mapping
2026-09-12T10:14:00+05:30,85,pond-03,nutrient_light_limited_watch,0.41579,synthetic_gradual_stream,FA,C046,12.009722,28.0,22.8236,0.3545,1.5813,8.4158,22.921,25.4305,21.121,46748.42,6.8684,89.289,25.0,265.165,25.121,60.358,203.973,685.0,6.742,0.0113,0.119105,0.145053,0.105447,0.125447,40.14,-111.87,whole-lake,whole-lake,stream_images/pond-03-step-085.jpg,pond_510,LOW_TEMP;HIGH_PH,fishpond_visual_condition_v2_fixture,synthetic_condition_matched_mapping
2026-09-12T10:14:10+05:30,86,pond-01,stable,0.07849,synthetic_gradual_stream,ASU,KA32,12.009838,25.0,52.9518,0.4725,3.0976,8.1434,26.424,28.9429,24.624,48101.28,8.3405,108.427,32.0,461.395,28.624,69.802,354.919,504.5,3.706,0.0226,0.095494,0.165291,0.117253,0.137253,40.15,-111.86,whole-lake,whole-lake,stream_images/pond-01-step-086.jpg,pond_116,OPTIMUM,fishpond_visual_condition_v2_fixture,synthetic_condition_matched_mapping
2026-09-12T10:14:10+05:30,86,pond-02,heat_low_oxygen_watch,0.37304,synthetic_gradual_stream,CP,LRB-AZ-1201,12.009838,22.0,31.1974,0.3694,2.0539,8.5909,30.3574,32.8763,28.5574,49471.48,5.999,77.988,35.0,498.036,32.5574,61.555,383.104,727.3,6.357,0.0226,0.116113,0.147617,0.106943,0.126943,40.16,-111.85,whole-lake,whole-lake,stream_images/pond-02-step-086.jpg,pond_034,HIGH_PH,fishpond_visual_condition_v2_fixture,synthetic_condition_matched_mapping
2026-09-12T10:14:10+05:30,86,pond-03,nutrient_light_limited_watch,0.42178,synthetic_gradual_stream,FA,C046,12.009838,28.0,22.6052,0.3524,1.5666,8.4218,22.8911,25.41,21.0911,46759.2,6.8564,89.134,25.0,263.181,25.0911,60.19,202.447,689.3,6.796,0.0226,0.119524,0.144693,0.105238,0.125238,40.14,-111.87,whole-lake,whole-lake,stream_images/pond-03-step-086.jpg,pond_511,LOW_TEMP;HIGH_PH,fishpond_visual_condition_v2_fixture,synthetic_condition_matched_mapping
2026-09-12T10:14:20+05:30,87,pond-01,stable,0.07773,synthetic_gradual_stream,ASU,KA32,12.009954,25.0,52.9277,0.4728,3.0964,8.1451,26.4369,28.9653,24.6369,48099.92,8.3358,108.366,32.0,464.59,28.6369,69.823,357.377,504.9,3.7,0.0338,0.095441,0.165336,0.117279,0.137279,40.15,-111.86,whole-lake,whole-lake,stream_images/pond-01-step-087.jpg,pond_117,OPTIMUM,fishpond_visual_condition_v2_fixture,synthetic_condition_matched_mapping
2026-09-12T10:14:20+05:30,87,pond-02,heat_low_oxygen_watch,0.3788,synthetic_gradual_stream,CP,LRB-AZ-1201,12.009954,22.0,30.9845,0.3674,2.0424,8.5993,30.4092,32.9375,28.6092,49481.83,5.9651,77.546,35.0,500.504,32.6092,61.394,385.003,731.9,6.409,0.0338,0.116516,0.147272,0.106742,0.126742,40.16,-111.85,whole-lake,whole-lake,stream_images/pond-02-step-087.jpg,pond_035,HIGH_PH,fishpond_visual_condition_v2_fixture,synthetic_condition_matched_mapping
2026-09-12T10:14:20+05:30,87,pond-03,nutrient_light_limited_watch,0.42778,synthetic_gradual_stream,FA,C046,12.009954,28.0,22.3862,0.3503,1.5519,8.4278,22.8611,25.3895,21.0611,46770.0,6.8444,88.978,25.0,261.192,25.0611,60.022,200.917,693.5,6.85,0.0338,0.119944,0.144333,0.105028,0.125028,40.14,-111.87,whole-lake,whole-lake,stream_images/pond-03-step-087.jpg,pond_512,LOW_TEMP;HIGH_PH,fishpond_visual_condition_v2_fixture,synthetic_condition_matched_mapping
2026-09-12T10:14:30+05:30,88,pond-01,stable,0.07698,synthetic_gradual_stream,ASU,KA32,12.010069,25.0,52.9036,0.4731,3.0952,8.1468,26.4505,28.9883,24.6505,48098.57,8.3311,108.304,32.0,467.781,28.6505,69.844,359.832,505.3,3.693,0.0447,0.095389,0.165381,0.117306,0.137306,40.15,-111.86,whole-lake,whole-lake,stream_images/pond-01-step-088.jpg,pond_118,OPTIMUM,fishpond_visual_condition_v2_fixture,synthetic_condition_matched_mapping
2026-09-12T10:14:30+05:30,88,pond-02,heat_low_oxygen_watch,0.38458,synthetic_gradual_stream,CP,LRB-AZ-1201,12.010069,22.0,30.7707,0.3654,2.0308,8.6076,30.4612,32.999,28.6612,49492.24,5.931,77.103,35.0,502.983,32.6612,61.232,386.91,736.5,6.461,0.0447,0.11692,0.146925,0.10654,0.12654,40.16,-111.85,whole-lake,whole-lake,stream_images/pond-02-step-088.jpg,pond_036,HIGH_PH,fishpond_visual_condition_v2_fixture,synthetic_condition_matched_mapping
2026-09-12T10:14:30+05:30,88,pond-03,nutrient_light_limited_watch,0.43379,synthetic_gradual_stream,FA,C046,12.010069,28.0,22.1667,0.3482,1.5372,8.4338,22.8311,25.3689,21.0311,46780.82,6.8324,88.821,25.0,259.199,25.0311,59.854,199.384,697.8,6.904,0.0447,0.120365,0.143973,0.104817,0.124817,40.14,-111.87,whole-lake,whole-lake,stream_images/pond-03-step-088.jpg,pond_513,LOW_TEMP;HIGH_PH,fishpond_visual_condition_v2_fixture,synthetic_condition_matched_mapping
2026-09-12T10:14:40+05:30,89,pond-01,stable,0.07624,synthetic_gradual_stream,ASU,KA32,12.010185,25.0,52.8795,0.4733,3.094,8.1485,26.4647,29.0119,24.6647,48097.23,8.3264,108.243,32.0,470.968,28.6647,69.865,362.283,505.7,3.686,0.0554,0.095337,0.165426,0.117332,0.137332,40.15,-111.86,whole-lake,whole-lake,stream_images/pond-01-step-089.jpg,pond_119,OPTIMUM,fishpond_visual_condition_v2_fixture,synthetic_condition_matched_mapping
2026-09-12T10:14:40+05:30,89,pond-02,heat_low_oxygen_watch,0.39038,synthetic_gradual_stream,CP,LRB-AZ-1201,12.010185,22.0,30.556,0.3634,2.0192,8.616,30.5134,33.0607,28.7134,49502.68,5.8968,76.658,35.0,505.473,32.7134,61.069,388.825,741.2,6.513,0.0554,0.117327,0.146577,0.106337,0.126337,40.16,-111.85,whole-lake,whole-lake,stream_images/pond-02-step-089.jpg,pond_037,HIGH_PH,fishpond_visual_condition_v2_fixture,synthetic_condition_matched_mapping
2026-09-12T10:14:40+05:30,89,pond-03,nutrient_light_limited_watch,0.43981,synthetic_gradual_stream,FA,C046,12.010185,28.0,21.9468,0.3461,1.5225,8.4398,22.8009,25.3482,21.0009,46791.67,6.8204,88.665,25.0,257.201,25.0009,59.685,197.847,702.0,6.958,0.0554,0.120787,0.143611,0.104606,0.124606,40.14,-111.87,whole-lake,whole-lake,stream_images/pond-03-step-089.jpg,pond_514,LOW_TEMP;HIGH_PH,fishpond_visual_condition_v2_fixture,synthetic_condition_matched_mapping
2026-09-12T10:14:50+05:30,90,pond-01,stable,0.0755,synthetic_gradual_stream,ASU,KA32,12.010301,25.0,52.8554,0.4736,3.0928,8.1502,26.4795,29.0361,24.6795,48095.89,8.3217,108.182,32.0,474.149,28.6795,69.886,364.73,506.1,3.679,0.0658,0.095285,0.16547,0.117358,0.137358,40.15,-111.86,whole-lake,whole-lake,stream_images/pond-01-step-090.jpg,pond_120,OPTIMUM,fishpond_visual_condition_v2_fixture,synthetic_condition_matched_mapping
2026-09-12T10:14:50+05:30,90,pond-02,heat_low_oxygen_watch,0.39621,synthetic_gradual_stream,CP,LRB-AZ-1201,12.010301,22.0,30.3404,0.3613,2.0076,8.6245,30.5659,33.1225,28.7659,49513.17,5.8624,76.211,35.0,507.973,32.7659,60.906,390.748,745.8,6.566,0.0658,0.117734,0.146228,0.106133,0.126133,40.16,-111.85,whole-lake,whole-lake,stream_images/pond-02-step-090.jpg,pond_038,HIGH_PH,fishpond_visual_condition_v2_fixture,synthetic_condition_matched_mapping
2026-09-12T10:14:50+05:30,90,pond-03,nutrient_light_limited_watch,0.44585,synthetic_gradual_stream,FA,C046,12.010301,28.0,21.7264,0.344,1.5077,8.4459,22.7707,25.3274,20.9707,46802.53,6.8083,88.508,25.0,255.2,24.9707,59.516,196.308,706.3,7.013,0.0658,0.12121,0.143249,0.104395,0.124395,40.14,-111.87,whole-lake,whole-lake,stream_images/pond-03-step-090.jpg,pond_515,LOW_TEMP;HIGH_PH,fishpond_visual_condition_v2_fixture,synthetic_condition_matched_mapping
2026-09-12T10:15:00+05:30,91,pond-01,stable,0.07476,synthetic_gradual_stream,ASU,KA32,12.010417,25.0,52.8313,0.4738,3.0916,8.1519,26.4948,29.0609,24.6948,48094.57,8.317,108.121,32.0,477.323,28.6948,69.907,367.172,506.5,3.673,0.0758,0.095233,0.165514,0.117383,0.137383,40.15,-111.86,whole-lake,whole-lake,stream_images/pond-01-step-091.jpg,pond_121,OPTIMUM,fishpond_visual_condition_v2_fixture,synthetic_condition_matched_mapping
2026-09-12T10:15:00+05:30,91,pond-02,heat_low_oxygen_watch,0.40206,synthetic_gradual_stream,CP,LRB-AZ-1201,12.010417,22.0,30.1239,0.3593,1.9959,8.633,30.6185,33.1846,28.8185,49523.7,5.8279,75.762,35.0,510.482,32.8185,60.742,392.679,750.5,6.619,0.0758,0.118144,0.145877,0.105928,0.125928,40.16,-111.85,whole-lake,whole-lake,stream_images/pond-02-step-091.jpg,pond_039,HIGH_PH,fishpond_visual_condition_v2_fixture,synthetic_condition_matched_mapping
2026-09-12T10:15:00+05:30,91,pond-03,nutrient_light_limited_stressed,0.4519,synthetic_gradual_stream,FA,C046,12.010417,28.0,21.5058,0.3418,1.4929,8.4519,22.7405,25.3066,20.9405,46813.41,6.7962,88.351,25.0,253.196,24.9405,59.347,194.766,710.6,7.067,0.0758,0.121633,0.142886,0.104184,0.124184,40.14,-111.87,whole-lake,whole-lake,stream_images/pond-03-step-091.jpg,pond_516,LOW_TEMP;HIGH_PH,fishpond_visual_condition_v2_fixture,synthetic_condition_matched_mapping
2026-09-12T10:15:10+05:30,92,pond-01,stable,0.07404,synthetic_gradual_stream,ASU,KA32,12.010532,25.0,52.8072,0.4741,3.0904,8.1536,26.5108,29.0862,24.7108,48093.26,8.3123,108.06,32.0,480.489,28.7108,69.927,369.607,507.0,3.666,0.0854,0.095183,0.165558,0.117409,0.137409,40.15,-111.86,whole-lake,whole-lake,stream_images/pond-01-step-092.jpg,pond_122,OPTIMUM,fishpond_visual_condition_v2_fixture,synthetic_condition_matched_mapping
2026-09-12T10:15:10+05:30,92,pond-02,heat_low_oxygen_watch,0.40793,synthetic_gradual_stream,CP,LRB-AZ-1201,12.010532,22.0,29.9066,0.3572,1.9841,8.6415,30.6714,33.2468,28.8714,49534.27,5.7932,75.312,35.0,513.002,32.8714,60.578,394.617,755.2,6.671,0.0854,0.118555,0.145524,0.105722,0.125722,40.16,-111.85,whole-lake,whole-lake,stream_images/pond-02-step-092.jpg,pond_040,HIGH_PH,fishpond_visual_condition_v2_fixture,synthetic_condition_matched_mapping
2026-09-12T10:15:10+05:30,92,pond-03,nutrient_light_limited_stressed,0.45795,synthetic_gradual_stream,FA,C046,12.010532,28.0,21.2848,0.3397,1.478,8.458,22.7102,25.2857,20.9102,46824.31,6.7841,88.193,25.0,251.189,24.9102,59.177,193.223,714.8,7.122,0.0854,0.122057,0.142523,0.103972,0.123972,40.14,-111.87,whole-lake,whole-lake,stream_images/pond-03-step-092.jpg,pond_517,LOW_TEMP;HIGH_PH,fishpond_visual_condition_v2_fixture,synthetic_condition_matched_mapping
2026-09-12T10:15:20+05:30,93,pond-01,stable,0.07332,synthetic_gradual_stream,ASU,KA32,12.010648,25.0,52.7831,0.4743,3.0892,8.1553,26.5273,29.112,24.7273,48091.97,8.3076,107.999,32.0,483.646,28.7273,69.947,372.036,507.4,3.66,0.0945,0.095132,0.165601,0.117434,0.137434,40.15,-111.86,whole-lake,whole-lake,stream_images/pond-01-step-093.jpg,pond_125,OPTIMUM,fishpond_visual_condition_v2_fixture,synthetic_condition_matched_mapping
2026-09-12T10:15:20+05:30,93,pond-02,heat_low_oxygen_watch,0.41382,synthetic_gradual_stream,CP,LRB-AZ-1201,12.010648,22.0,29.6886,0.3552,1.9724,8.65,30.7244,33.3092,28.9244,49544.88,5.7584,74.86,35.0,515.53,32.9244,60.413,396.562,759.9,6.724,0.0945,0.118968,0.145171,0.105516,0.125516,40.16,-111.85,whole-lake,whole-lake,stream_images/pond-02-step-093.jpg,pond_041,HIGH_PH,fishpond_visual_condition_v2_fixture,synthetic_condition_matched_mapping
2026-09-12T10:15:20+05:30,93,pond-03,nutrient_light_limited_stressed,0.46401,synthetic_gradual_stream,FA,C046,12.010648,28.0,21.0636,0.3376,1.4632,8.464,22.6799,25.2647,20.8799,46835.22,6.772,88.036,25.0,249.18,24.8799,59.008,191.677,719.1,7.176,0.0945,0.122481,0.142159,0.10376,0.12376,40.14,-111.87,whole-lake,whole-lake,stream_images/pond-03-step-093.jpg,pond_518,LOW_TEMP;HIGH_PH,fishpond_visual_condition_v2_fixture,synthetic_condition_matched_mapping
2026-09-12T10:15:30+05:30,94,pond-01,stable,0.07261,synthetic_gradual_stream,ASU,KA32,12.010764,25.0,52.759,0.4746,3.088,8.1569,26.5443,29.1383,24.7443,48090.7,8.303,107.939,32.0,486.793,28.7443,69.967,374.456,507.8,3.653,0.103,0.095083,0.165643,0.117459,0.137459,40.15,-111.86,whole-lake,whole-lake,stream_images/pond-01-step-094.jpg,pond_126,OPTIMUM,fishpond_visual_condition_v2_fixture,synthetic_condition_matched_mapping
2026-09-12T10:15:30+05:30,94,pond-02,heat_low_oxygen_watch,0.41974,synthetic_gradual_stream,CP,LRB-AZ-1201,12.010764,22.0,29.4698,0.3531,1.9605,8.6586,30.7776,33.3717,28.9776,49555.53,5.7236,74.406,35.0,518.067,32.9776,60.247,398.513,764.7,6.778,0.103,0.119382,0.144816,0.105309,0.125309,40.16,-111.85,whole-lake,whole-lake,stream_images/pond-02-step-094.jpg,pond_042,HIGH_PH,fishpond_visual_condition_v2_fixture,synthetic_condition_matched_mapping
2026-09-12T10:15:30+05:30,94,pond-03,nutrient_light_limited_stressed,0.47008,synthetic_gradual_stream,FA,C046,12.010764,28.0,20.8421,0.3355,1.4483,8.4701,22.6496,25.2437,20.8496,46846.14,6.7598,87.878,25.0,247.169,24.8496,58.838,190.13,723.4,7.231,0.103,0.122905,0.141795,0.103547,0.123547,40.14,-111.87,whole-lake,whole-lake,stream_images/pond-03-step-094.jpg,pond_519,LOW_TEMP;HIGH_PH,fishpond_visual_condition_v2_fixture,synthetic_condition_matched_mapping
2026-09-12T10:15:40+05:30,95,pond-01,stable,0.07191,synthetic_gradual_stream,ASU,KA32,12.01088,25.0,52.7349,0.4748,3.0867,8.1586,26.5618,29.1651,24.7618,48089.44,8.2983,107.878,32.0,489.928,28.7618,69.986,376.868,508.3,3.647,0.111,0.095034,0.165685,0.117483,0.137483,40.15,-111.86,whole-lake,whole-lake,stream_images/pond-01-step-095.jpg,pond_128,OPTIMUM,fishpond_visual_condition_v2_fixture,synthetic_condition_matched_mapping
2026-09-12T10:15:40+05:30,95,pond-02,heat_low_oxygen_watch,0.42567,synthetic_gradual_stream,CP,LRB-AZ-1201,12.01088,22.0,29.2503,0.351,1.9487,8.6672,30.831,33.4344,29.031,49566.2,5.6886,73.951,35.0,520.612,33.031,60.081,400.471,769.4,6.831,0.111,0.119797,0.14446,0.105102,0.125102,40.16,-111.85,whole-lake,whole-lake,stream_images/pond-02-step-095.jpg,pond_043,HIGH_PH,fishpond_visual_condition_v2_fixture,synthetic_condition_matched_mapping
2026-09-12T10:15:40+05:30,95,pond-03,nutrient_light_limited_stressed,0.47615,synthetic_gradual_stream,FA,C046,12.01088,28.0,20.6206,0.3333,1.4334,8.4761,22.6193,25.2226,20.8193,46857.07,6.7477,87.72,25.0,245.157,24.8193,58.668,188.582,727.7,7.285,0.111,0.12333,0.141431,0.103335,0.123335,40.14,-111.87,whole-lake,whole-lake,stream_images/pond-03-step-095.jpg,pond_520,LOW_TEMP;HIGH_PH,fishpond_visual_condition_v2_fixture,synthetic_condition_matched_mapping
2026-09-12T10:15:50+05:30,96,pond-01,stable,0.07123,synthetic_gradual_stream,ASU,KA32,12.010995,25.0,52.7108,0.4751,3.0855,8.1603,26.5797,29.1923,24.7797,48088.21,8.2937,107.818,32.0,493.051,28.7797,70.006,379.27,496.2,3.641,0.1183,0.094986,0.165726,0.117507,0.137507,40.15,-111.86,whole-lake,whole-lake,stream_images/pond-01-step-096.jpg,pond_129,OPTIMUM,fishpond_visual_condition_v2_fixture,synthetic_condition_matched_mapping
2026-09-12T10:15:50+05:30,96,pond-02,heat_low_oxygen_watch,0.43162,synthetic_gradual_stream,CP,LRB-AZ-1201,12.010995,22.0,29.0301,0.3489,1.9368,8.6758,30.8846,33.4972,29.0846,49576.91,5.6534,73.495,35.0,523.165,33.0846,59.915,402.434,761.6,6.885,0.1183,0.120213,0.144103,0.104893,0.124893,40.16,-111.85,whole-lake,whole-lake,stream_images/pond-02-step-096.jpg,pond_044,HIGH_PH,fishpond_visual_condition_v2_fixture,synthetic_condition_matched_mapping
2026-09-12T10:15:50+05:30,96,pond-03,nutrient_light_limited_stressed,0.48222,synthetic_gradual_stream,FA,C046,12.010995,28.0,20.3989,0.3312,1.4186,8.4822,22.5889,25.2015,20.7889,46868.0,6.7356,87.562,25.0,243.143,24.7889,58.498,187.033,719.4,7.34,0.1183,0.123756,0.141067,0.103122,0.123122,40.14,-111.87,whole-lake,whole-lake,stream_images/pond-03-step-096.jpg,pond_521,LOW_TEMP;HIGH_PH,fishpond_visual_condition_v2_fixture,synthetic_condition_matched_mapping
2026-09-12T10:16:00+05:30,97,pond-01,stable,0.07055,synthetic_gradual_stream,ASU,KA32,12.011111,25.0,52.6867,0.4753,3.0843,8.1619,26.5982,29.22,24.7982,48086.99,8.2891,107.758,32.0,496.161,28.7982,70.025,381.662,496.6,3.635,0.1249,0.094939,0.165767,0.117531,0.137531,40.15,-111.86,whole-lake,whole-lake,stream_images/pond-01-step-097.jpg,pond_130,OPTIMUM,fishpond_visual_condition_v2_fixture,synthetic_condition_matched_mapping
2026-09-12T10:16:00+05:30,97,pond-02,heat_low_oxygen_watch,0.43759,synthetic_gradual_stream,CP,LRB-AZ-1201,12.011111,22.0,28.8093,0.3468,1.9248,8.6845,30.9383,33.5601,29.1383,49587.66,5.6182,73.037,35.0,525.725,33.1383,59.748,404.404,766.4,6.938,0.1249,0.120631,0.143745,0.104684,0.124684,40.16,-111.85,whole-lake,whole-lake,stream_images/pond-02-step-097.jpg,pond_045,HIGH_PH,fishpond_visual_condition_v2_fixture,synthetic_condition_matched_mapping
2026-09-12T10:16:00+05:30,97,pond-03,nutrient_light_limited_stressed,0.4883,synthetic_gradual_stream,FA,C046,12.011111,28.0,20.1771,0.3291,1.4037,8.4883,22.5585,25.1803,20.7585,46878.94,6.7234,87.404,25.0,241.129,24.7585,58.328,185.484,723.7,7.395,0.1249,0.124181,0.140702,0.10291,0.12291,40.14,-111.87,whole-lake,whole-lake,stream_images/pond-03-step-097.jpg,pond_522,LOW_TEMP;HIGH_PH,fishpond_visual_condition_v2_fixture,synthetic_condition_matched_mapping
2026-09-12T10:16:10+05:30,98,pond-01,stable,0.06989,synthetic_gradual_stream,ASU,KA32,12.011227,25.0,52.6627,0.4755,3.0831,8.1636,26.617,29.248,24.817,48085.8,8.2845,107.699,32.0,499.255,28.817,70.043,384.042,497.1,3.629,0.1308,0.094892,0.165807,0.117554,0.137554,40.15,-111.86,whole-lake,whole-lake,stream_images/pond-01-step-098.jpg,pond_133,OPTIMUM,fishpond_visual_condition_v2_fixture,synthetic_condition_matched_mapping
2026-09-12T10:16:10+05:30,98,pond-02,heat_low_oxygen_watch,0.44357,synthetic_gradual_stream,CP,LRB-AZ-1201,12.011227,22.0,28.5879,0.3448,1.9129,8.6932,30.9921,33.6231,29.1921,49598.43,5.5829,72.578,35.0,528.292,33.1921,59.58,406.378,771.2,6.992,0.1308,0.12105,0.143386,0.104475,0.124475,40.16,-111.85,whole-lake,whole-lake,stream_images/pond-02-step-098.jpg,pond_046,HIGH_PH,fishpond_visual_condition_v2_fixture,synthetic_condition_matched_mapping
2026-09-12T10:16:10+05:30,98,pond-03,nutrient_light_limited_stressed,0.49437,synthetic_gradual_stream,FA,C046,12.011227,28.0,19.9553,0.327,1.3888,8.4944,22.5281,25.1591,20.7281,46889.87,6.7113,87.246,25.0,239.115,24.7281,58.158,183.934,728.0,7.449,0.1308,0.124606,0.140338,0.102697,0.122697,40.14,-111.87,whole-lake,whole-lake,stream_images/pond-03-step-098.jpg,pond_523,LOW_TEMP;HIGH_PH,fishpond_visual_condition_v2_fixture,synthetic_condition_matched_mapping
2026-09-12T10:16:20+05:30,99,pond-01,stable,0.06925,synthetic_gradual_stream,ASU,KA32,12.011343,25.0,52.6386,0.4758,3.0819,8.1652,26.6363,29.2763,24.8363,48084.64,8.28,107.64,32.0,502.334,28.8363,70.061,386.411,497.6,3.623,0.136,0.094847,0.165845,0.117576,0.137576,40.15,-111.86,whole-lake,whole-lake,stream_images/pond-01-step-099.jpg,pond_134,OPTIMUM,fishpond_visual_condition_v2_fixture,synthetic_condition_matched_mapping
2026-09-12T10:16:20+05:30,99,pond-02,heat_low_oxygen_watch,0.44957,synthetic_gradual_stream,CP,LRB-AZ-1201,12.011343,22.0,28.3659,0.3427,1.9009,8.7019,31.0461,33.6862,29.2461,49609.23,5.5475,72.118,35.0,530.866,33.2461,59.412,408.358,776.0,7.046,0.136,0.12147,0.143026,0.104265,0.124265,40.16,-111.85,whole-lake,whole-lake,stream_images/pond-02-step-099.jpg,pond_047,HIGH_PH,fishpond_visual_condition_v2_fixture,synthetic_condition_matched_mapping
2026-09-12T10:16:20+05:30,99,pond-03,nutrient_light_limited_stressed,0.50045,synthetic_gradual_stream,FA,C046,12.011343,28.0,19.7336,0.3248,1.3739,8.5004,22.4978,25.1378,20.6978,46900.81,6.6991,87.088,25.0,237.101,24.6978,57.987,182.385,732.3,7.504,0.136,0.125031,0.139973,0.102484,0.122484,40.14,-111.87,whole-lake,whole-lake,stream_images/pond-03-step-099.jpg,pond_524,LOW_TEMP;HIGH_PH,fishpond_visual_condition_v2_fixture,synthetic_condition_matched_mapping
2026-09-12T10:16:30+05:30,100,pond-01,stable,0.06861,synthetic_gradual_stream,ASU,KA32,12.011458,25.0,52.6145,0.476,3.0807,8.1668,26.6559,29.305,24.8559,48083.51,8.2755,107.581,32.0,505.395,28.8559,70.079,388.766,498.0,3.618,0.1404,0.094803,0.165883,0.117598,0.137598,40.15,-111.86,whole-lake,whole-lake,stream_images/pond-01-step-100.jpg,pond_135,OPTIMUM,fishpond_visual_condition_v2_fixture,synthetic_condition_matched_mapping
2026-09-12T10:16:30+05:30,100,pond-02,heat_low_oxygen_stressed,0.45558,synthetic_gradual_stream,CP,LRB-AZ-1201,12.011458,22.0,28.1434,0.3405,1.8888,8.7106,31.1003,33.7494,29.3003,49620.05,5.5121,71.657,35.0,533.445,33.3003,59.244,410.343,780.8,7.1,0.1404,0.121891,0.142665,0.104055,0.124055,40.16,-111.85,whole-lake,whole-lake,stream_images/pond-02-step-100.jpg,pond_048,HIGH_PH,fishpond_visual_condition_v2_fixture,synthetic_condition_matched_mapping
2026-09-12T10:16:30+05:30,100,pond-03,nutrient_light_limited_stressed,0.50652,synthetic_gradual_stream,FA,C046,12.011458,28.0,19.5119,0.3227,1.359,8.5065,22.4674,25.1165,20.6674,46911.74,6.687,86.93,25.0,235.088,24.6674,57.817,180.837,736.6,7.559,0.1404,0.125457,0.139609,0.102272,0.122272,40.14,-111.87,whole-lake,whole-lake,stream_images/pond-03-step-100.jpg,pond_525,LOW_TEMP;HIGH_PH,fishpond_visual_condition_v2_fixture,synthetic_condition_matched_mapping
2026-09-12T10:16:40+05:30,101,pond-01,stable,0.068,synthetic_gradual_stream,ASU,KA32,12.011574,25.0,52.5904,0.4762,3.0795,8.1685,26.6759,29.334,24.8759,48082.4,8.2709,107.522,32.0,508.439,28.8759,70.096,391.107,498.5,3.612,0.144,0.09476,0.16592,0.11762,0.13762,40.15,-111.86,whole-lake,whole-lake,stream_images/pond-01-step-101.jpg,pond_144,OPTIMUM,fishpond_visual_condition_v2_fixture,synthetic_condition_matched_mapping
2026-09-12T10:16:40+05:30,101,pond-02,heat_low_oxygen_stressed,0.46161,synthetic_gradual_stream,CP,LRB-AZ-1201,12.011574,22.0,27.9204,0.3384,1.8768,8.7193,31.1545,33.8126,29.3545,49630.9,5.4765,71.194,35.0,536.031,33.3545,59.075,412.331,785.6,7.154,0.144,0.122313,0.142303,0.103844,0.123844,40.16,-111.85,whole-lake,whole-lake,stream_images/pond-02-step-101.jpg,pond_049,HIGH_PH,fishpond_visual_condition_v2_fixture,synthetic_condition_matched_mapping
2026-09-12T10:16:40+05:30,101,pond-03,nutrient_light_limited_stressed,0.51259,synthetic_gradual_stream,FA,C046,12.011574,28.0,19.2904,0.3206,1.3442,8.5126,22.437,25.0951,20.637,46922.66,6.6748,86.773,25.0,233.076,24.637,57.647,179.289,740.9,7.613,0.144,0.125881,0.139245,0.102059,0.122059,40.14,-111.87,whole-lake,whole-lake,stream_images/pond-03-step-101.jpg,pond_526,LOW_TEMP;HIGH_PH,fishpond_visual_condition_v2_fixture,synthetic_condition_matched_mapping
2026-09-12T10:16:50+05:30,102,pond-01,stable,0.0674,synthetic_gradual_stream,ASU,KA32,12.01169,25.0,52.5663,0.4764,3.0783,8.1701,26.6961,29.3632,24.8961,48081.33,8.2665,107.464,32.0,511.464,28.8961,70.113,393.434,499.0,3.607,0.1468,0.094718,0.165956,0.117641,0.137641,40.15,-111.86,whole-lake,whole-lake,stream_images/pond-01-step-102.jpg,pond_145,OPTIMUM,fishpond_visual_condition_v2_fixture,synthetic_condition_matched_mapping
2026-09-12T10:16:50+05:30,102,pond-02,heat_low_oxygen_stressed,0.46765,synthetic_gradual_stream,CP,LRB-AZ-1201,12.01169,22.0,27.697,0.3363,1.8647,8.7281,31.2088,33.8759,29.4088,49641.77,5.4409,70.731,35.0,538.622,33.4088,58.906,414.324,790.4,7.209,0.1468,0.122735,0.141941,0.103632,0.123632,40.16,-111.85,whole-lake,whole-lake,stream_images/pond-02-step-102.jpg,pond_050,HIGH_PH,fishpond_visual_condition_v2_fixture,synthetic_condition_matched_mapping
2026-09-12T10:16:50+05:30,102,pond-03,nutrient_light_limited_stressed,0.51866,synthetic_gradual_stream,FA,C046,12.01169,28.0,19.0691,0.3185,1.3293,8.5187,22.4067,25.0738,20.6067,46933.58,6.6627,86.615,25.0,231.066,24.6067,57.478,177.743,745.2,7.668,0.1468,0.126306,0.138881,0.101847,0.121847,40.14,-111.87,whole-lake,whole-lake,stream_images/pond-03-step-102.jpg,pond_527,LOW_TEMP;HIGH_PH,fishpond_visual_condition_v2_fixture,synthetic_condition_matched_mapping
2026-09-12T10:17:00+05:30,103,pond-01,stable,0.06682,synthetic_gradual_stream,ASU,KA32,12.011806,25.0,52.5422,0.4766,3.0771,8.1717,26.7166,29.3926,24.9166,48080.28,8.262,107.406,32.0,514.468,28.9166,70.129,395.745,499.5,3.601,0.1487,0.094678,0.165991,0.117661,0.137661,40.15,-111.86,whole-lake,whole-lake,stream_images/pond-01-step-103.jpg,pond_171,OPTIMUM,fishpond_visual_condition_v2_fixture,synthetic_condition_matched_mapping
2026-09-12T10:17:00+05:30,103,pond-02,heat_low_oxygen_stressed,0.4737,synthetic_gradual_stream,CP,LRB-AZ-1201,12.011806,22.0,27.4731,0.3342,1.8526,8.7369,31.2633,33.9392,29.4633,49652.66,5.4052,70.267,35.0,541.217,33.4633,58.736,416.321,795.2,7.263,0.1487,0.123159,0.141578,0.103421,0.123421,40.16,-111.85,whole-lake,whole-lake,stream_images/pond-02-step-103.jpg,pond_051,HIGH_PH,fishpond_visual_condition_v2_fixture,synthetic_condition_matched_mapping
2026-09-12T10:17:00+05:30,103,pond-03,nutrient_light_limited_stressed,0.52471,synthetic_gradual_stream,FA,C046,12.011806,28.0,18.8479,0.3164,1.3145,8.5247,22.3764,25.0524,20.5764,46944.49,6.6506,86.457,25.0,229.057,24.5764,57.308,176.198,749.4,7.722,0.1487,0.12673,0.138517,0.101635,0.121635,40.14,-111.87,whole-lake,whole-lake,stream_images/pond-03-step-103.jpg,pond_528,LOW_TEMP;HIGH_PH,fishpond_visual_condition_v2_fixture,synthetic_condition_matched_mapping
2026-09-12T10:17:10+05:30,104,pond-01,stable,0.06626,synthetic_gradual_stream,ASU,KA32,12.011921,25.0,52.5181,0.4768,3.0759,8.1733,26.7374,29.4222,24.9374,48079.28,8.2576,107.349,32.0,517.451,28.9374,70.145,398.039,500.0,3.596,0.1498,0.094639,0.166024,0.117681,0.137681,40.15,-111.86,whole-lake,whole-lake,stream_images/pond-01-step-104.jpg,pond_177,OPTIMUM,fishpond_visual_condition_v2_fixture,synthetic_condition_matched_mapping
2026-09-12T10:17:10+05:30,104,pond-02,heat_low_oxygen_stressed,0.47976,synthetic_gradual_stream,CP,LRB-AZ-1201,12.011921,22.0,27.2488,0.3321,1.8405,8.7457,31.3178,34.0026,29.5178,49663.57,5.3694,69.802,35.0,543.817,33.5178,58.567,418.321,800.1,7.318,0.1498,0.123583,0.141214,0.103208,0.123208,40.16,-111.85,whole-lake,whole-lake,stream_images/pond-02-step-104.jpg,pond_052,HIGH_PH,fishpond_visual_condition_v2_fixture,synthetic_condition_matched_mapping
2026-09-12T10:17:10+05:30,104,pond-03,nutrient_light_limited_stressed,0.53076,synthetic_gradual_stream,FA,C046,12.011921,28.0,18.6271,0.3142,1.2996,8.5308,22.3462,25.0309,20.5462,46955.38,6.6385,86.3,25.0,227.052,24.5462,57.139,174.655,753.7,7.777,0.1498,0.127154,0.138154,0.101423,0.121423,40.14,-111.87,whole-lake,whole-lake,stream_images/pond-03-step-104.jpg,pond_529,LOW_TEMP;HIGH_PH,fishpond_visual_condition_v2_fixture,synthetic_condition_matched_mapping
2026-09-12T10:17:20+05:30,105,pond-01,stable,0.06572,synthetic_gradual_stream,ASU,KA32,12.012037,25.0,52.494,0.477,3.0747,8.1748,26.7583,29.4518,24.9583,48078.3,8.2532,107.292,32.0,520.412,28.9583,70.16,400.317,500.5,3.592,0.15,0.094601,0.166057,0.1177,0.1377,40.15,-111.86,whole-lake,whole-lake,stream_images/pond-01-step-105.jpg,pond_181,OPTIMUM,fishpond_visual_condition_v2_fixture,synthetic_condition_matched_mapping
2026-09-12T10:17:20+05:30,105,pond-02,heat_low_oxygen_stressed,0.48583,synthetic_gradual_stream,CP,LRB-AZ-1201,12.012037,22.0,27.0242,0.33,1.8283,8.7545,31.3725,34.066,29.5725,49674.5,5.3336,69.337,35.0,546.422,33.5725,58.397,420.324,804.9,7.372,0.15,0.124008,0.14085,0.102996,0.122996,40.16,-111.85,whole-lake,whole-lake,stream_images/pond-02-step-105.jpg,pond_053,HIGH_PH,fishpond_visual_condition_v2_fixture,synthetic_condition_matched_mapping
2026-09-12T10:17:20+05:30,105,pond-03,nutrient_light_limited_stressed,0.53681,synthetic_gradual_stream,FA,C046,12.012037,28.0,18.4066,0.3121,1.2848,8.5368,22.316,25.0095,20.516,46966.25,6.6264,86.143,25.0,225.049,24.516,56.969,173.114,758.0,7.831,0.15,0.127576,0.137792,0.101212,0.121212,40.14,-111.87,whole-lake,whole-lake,stream_images/pond-03-step-105.jpg,pond_530,LOW_TEMP;HIGH_PH,fishpond_visual_condition_v2_fixture,synthetic_condition_matched_mapping
2026-09-12T10:17:30+05:30,106,pond-01,stable,0.0652,synthetic_gradual_stream,ASU,KA32,12.012153,25.0,52.4699,0.4772,3.0735,8.1764,26.7794,29.4816,24.9794,48077.37,8.2489,107.236,32.0,523.349,28.9794,70.174,402.576,501.1,3.587,0.1493,0.094564,0.166088,0.117718,0.137718,40.15,-111.86,whole-lake,whole-lake,stream_images/pond-01-step-106.jpg,pond_184,OPTIMUM,fishpond_visual_condition_v2_fixture,synthetic_condition_matched_mapping
2026-09-12T10:17:30+05:30,106,pond-02,heat_low_oxygen_stressed,0.49191,synthetic_gradual_stream,CP,LRB-AZ-1201,12.012153,22.0,26.7993,0.3278,1.8162,8.7633,31.4272,34.1294,29.6272,49685.44,5.2977,68.87,35.0,549.03,33.6272,58.227,422.33,809.8,7.427,0.1493,0.124434,0.140485,0.102783,0.122783,40.16,-111.85,whole-lake,whole-lake,stream_images/pond-02-step-106.jpg,pond_054,HIGH_PH,fishpond_visual_condition_v2_fixture,synthetic_condition_matched_mapping
2026-09-12T10:17:30+05:30,106,pond-03,nutrient_light_limited_stressed,0.54284,synthetic_gradual_stream,FA,C046,12.012153,28.0,18.1864,0.31,1.27,8.5428,22.2858,24.988,20.4858,46977.11,6.6143,85.986,25.0,223.049,24.4858,56.801,171.576,762.3,7.886,0.1493,0.127999,0.13743,0.101001,0.121001,40.14,-111.87,whole-lake,whole-lake,stream_images/pond-03-step-106.jpg,pond_531,LOW_TEMP;HIGH_PH,fishpond_visual_condition_v2_fixture,synthetic_condition_matched_mapping
2026-09-12T10:17:40+05:30,107,pond-01,stable,0.06471,synthetic_gradual_stream,ASU,KA32,12.012269,25.0,52.4458,0.4774,3.0723,8.1779,26.8006,29.5115,25.0006,48076.47,8.2446,107.18,32.0,526.261,29.0006,70.188,404.816,501.6,3.582,0.1478,0.094529,0.166118,0.117735,0.137735,40.15,-111.86,whole-lake,whole-lake,stream_images/pond-01-step-107.jpg,pond_189,OPTIMUM,fishpond_visual_condition_v2_fixture,synthetic_condition_matched_mapping
2026-09-12T10:17:40+05:30,107,pond-02,heat_low_oxygen_stressed,0.498,synthetic_gradual_stream,CP,LRB-AZ-1201,12.012269,22.0,26.5741,0.3257,1.804,8.7721,31.482,34.1928,29.682,49696.39,5.2618,68.404,35.0,551.641,33.682,58.056,424.339,814.6,7.482,0.1478,0.12486,0.14012,0.10257,0.12257,40.16,-111.85,whole-lake,whole-lake,stream_images/pond-02-step-107.jpg,pond_055,HIGH_PH,fishpond_visual_condition_v2_fixture,synthetic_condition_matched_mapping
2026-09-12T10:17:40+05:30,107,pond-03,nutrient_light_limited_stressed,0.54886,synthetic_gradual_stream,FA,C046,12.012269,28.0,17.9667,0.3079,1.2553,8.5489,22.2557,24.9665,20.4557,46987.95,6.6023,85.83,25.0,221.053,24.4557,56.632,170.041,766.5,7.94,0.1478,0.12842,0.137068,0.10079,0.12079,40.14,-111.87,whole-lake,whole-lake,stream_images/pond-03-step-107.jpg,pond_532,LOW_TEMP;HIGH_PH,fishpond_visual_condition_v2_fixture,synthetic_condition_matched_mapping
2026-09-12T10:17:50+05:30,108,pond-01,stable,0.06423,synthetic_gradual_stream,ASU,KA32,12.012384,25.0,52.4217,0.4775,3.0711,8.1795,26.8219,29.5413,25.0219,48075.61,8.2403,107.124,32.0,529.149,29.0219,70.202,407.037,502.2,3.578,0.1455,0.094496,0.166146,0.117752,0.137752,40.15,-111.86,whole-lake,whole-lake,stream_images/pond-01-step-108.jpg,pond_190,OPTIMUM,fishpond_visual_condition_v2_fixture,synthetic_condition_matched_mapping
2026-09-12T10:17:50+05:30,108,pond-02,heat_low_oxygen_stressed,0.50409,synthetic_gradual_stream,CP,LRB-AZ-1201,12.012384,22.0,26.3487,0.3236,1.7918,8.7809,31.5368,34.2562,29.7368,49707.36,5.2259,67.936,35.0,554.255,33.7368,57.885,426.35,819.5,7.537,0.1455,0.125286,0.139755,0.102357,0.122357,40.16,-111.85,whole-lake,whole-lake,stream_images/pond-02-step-108.jpg,pond_056,HIGH_PH,fishpond_visual_condition_v2_fixture,synthetic_condition_matched_mapping
2026-09-12T10:17:50+05:30,108,pond-03,nutrient_light_limited_stressed,0.55487,synthetic_gradual_stream,FA,C046,12.012384,28.0,17.7474,0.3058,1.2406,8.5549,22.2257,24.945,20.4257,46998.76,6.5903,85.673,25.0,219.062,24.4257,56.464,168.509,770.8,7.994,0.1455,0.128841,0.136708,0.10058,0.12058,40.14,-111.87,whole-lake,whole-lake,stream_images/pond-03-step-108.jpg,pond_533,LOW_TEMP;HIGH_PH,fishpond_visual_condition_v2_fixture,synthetic_condition_matched_mapping
2026-09-12T10:18:00+05:30,109,pond-01,stable,0.06378,synthetic_gradual_stream,ASU,KA32,12.0125,25.0,52.3976,0.4777,3.0699,8.181,26.8432,29.5711,25.0432,48074.8,8.2361,107.069,32.0,532.009,29.0432,70.214,409.238,502.7,3.574,0.1423,0.094464,0.166173,0.117768,0.137768,40.15,-111.86,whole-lake,whole-lake,stream_images/pond-01-step-109.jpg,pond_191,OPTIMUM,fishpond_visual_condition_v2_fixture,synthetic_condition_matched_mapping
2026-09-12T10:18:00+05:30,109,pond-02,heat_low_oxygen_stressed,0.51019,synthetic_gradual_stream,CP,LRB-AZ-1201,12.0125,22.0,26.123,0.3214,1.7796,8.7898,31.5917,34.3195,29.7917,49718.34,5.1899,67.469,35.0,556.871,33.7917,57.715,428.362,824.3,7.592,0.1423,0.125713,0.139389,0.102143,0.122143,40.16,-111.85,whole-lake,whole-lake,stream_images/pond-02-step-109.jpg,pond_057,HIGH_PH,fishpond_visual_condition_v2_fixture,synthetic_condition_matched_mapping
2026-09-12T10:18:00+05:30,109,pond-03,nutrient_light_limited_stressed,0.56086,synthetic_gradual_stream,FA,C046,12.0125,28.0,17.5286,0.3037,1.2259,8.5609,22.1957,24.9235,20.3957,47009.55,6.5783,85.518,25.0,217.075,24.3957,56.296,166.981,775.0,8.048,0.1423,0.12926,0.136348,0.10037,0.12037,40.14,-111.87,whole-lake,whole-lake,stream_images/pond-03-step-109.jpg,pond_534,LOW_TEMP;HIGH_PH,fishpond_visual_condition_v2_fixture,synthetic_condition_matched_mapping
2026-09-12T10:18:10+05:30,110,pond-01,stable,0.06334,synthetic_gradual_stream,ASU,KA32,12.012616,25.0,52.3735,0.4778,3.0687,8.1825,26.8646,29.6008,25.0646,48074.02,8.2319,107.015,32.0,534.842,29.0646,70.226,411.417,503.3,3.57,0.1383,0.094434,0.166199,0.117783,0.137783,40.15,-111.86,whole-lake,whole-lake,stream_images/pond-01-step-110.jpg,pond_200,OPTIMUM,fishpond_visual_condition_v2_fixture,synthetic_condition_matched_mapping
2026-09-12T10:18:10+05:30,110,pond-02,heat_low_oxygen_stressed,0.51629,synthetic_gradual_stream,CP,LRB-AZ-1201,12.012616,22.0,25.8972,0.3193,1.7674,8.7986,31.6466,34.3828,29.8466,49729.33,5.1539,67.0,35.0,559.489,33.8466,57.544,430.376,829.2,7.647,0.1383,0.12614,0.139022,0.10193,0.12193,40.16,-111.85,whole-lake,whole-lake,stream_images/pond-02-step-110.jpg,pond_058,HIGH_PH,fishpond_visual_condition_v2_fixture,synthetic_condition_matched_mapping
2026-09-12T10:18:10+05:30,110,pond-03,nutrient_light_limited_stressed,0.56684,synthetic_gradual_stream,FA,C046,12.012616,28.0,17.3104,0.3016,1.2112,8.5668,22.1658,24.902,20.3658,47020.31,6.5663,85.362,25.0,215.093,24.3658,56.129,165.456,779.2,8.102,0.1383,0.129679,0.13599,0.100161,0.120161,40.14,-111.87,whole-lake,whole-lake,stream_images/pond-03-step-110.jpg,pond_535,LOW_TEMP;HIGH_PH,fishpond_visual_condition_v2_fixture,synthetic_condition_matched_mapping
2026-09-12T10:18:20+05:30,111,pond-01,stable,0.06294,synthetic_gradual_stream,ASU,KA32,12.012731,25.0,52.3494,0.478,3.0675,8.184,26.8859,29.6304,25.0859,48073.29,8.2277,106.961,32.0,537.647,29.0859,70.238,413.574,503.9,3.566,0.1335,0.094406,0.166224,0.117797,0.137797,40.15,-111.86,whole-lake,whole-lake,stream_images/pond-01-step-111.jpg,pond_211,OPTIMUM,fishpond_visual_condition_v2_fixture,synthetic_condition_matched_mapping
2026-09-12T10:18:20+05:30,111,pond-02,heat_low_oxygen_stressed,0.5224,synthetic_gradual_stream,CP,LRB-AZ-1201,12.012731,22.0,25.6712,0.3172,1.7552,8.8075,31.7016,34.4461,29.9016,49740.32,5.1178,66.532,35.0,562.109,33.9016,57.373,432.392,834.1,7.702,0.1335,0.126568,0.138656,0.101716,0.121716,40.16,-111.85,whole-lake,whole-lake,stream_images/pond-02-step-111.jpg,pond_059,HIGH_PH,fishpond_visual_condition_v2_fixture,synthetic_condition_matched_mapping
2026-09-12T10:18:20+05:30,111,pond-03,nutrient_light_limited_stressed,0.5728,synthetic_gradual_stream,FA,C046,12.012731,28.0,17.0928,0.2995,1.1966,8.5728,22.136,24.8805,20.336,47031.04,6.5544,85.207,25.0,213.117,24.336,55.962,163.936,783.4,8.155,0.1335,0.130096,0.135632,0.099952,0.119952,40.14,-111.87,whole-lake,whole-lake,stream_images/pond-03-step-111.jpg,pond_536,LOW_TEMP;HIGH_PH,fishpond_visual_condition_v2_fixture,synthetic_condition_matched_mapping
2026-09-12T10:18:30+05:30,112,pond-01,stable,0.06255,synthetic_gradual_stream,ASU,KA32,12.012847,25.0,52.3253,0.4781,3.0663,8.1855,26.9071,29.6598,25.1071,48072.6,8.2236,106.907,32.0,540.422,29.1071,70.248,415.709,504.5,3.563,0.128,0.094379,0.166247,0.117811,0.137811,40.15,-111.86,whole-lake,whole-lake,stream_images/pond-01-step-112.jpg,pond_212,OPTIMUM,fishpond_visual_condition_v2_fixture,synthetic_condition_matched_mapping
2026-09-12T10:18:30+05:30,112,pond-02,heat_low_oxygen_stressed,0.52851,synthetic_gradual_stream,CP,LRB-AZ-1201,12.012847,22.0,25.4452,0.315,1.743,8.8163,31.7566,34.5093,29.9566,49751.32,5.0818,66.063,35.0,564.73,33.9566,57.202,434.408,838.9,7.757,0.128,0.126996,0.138289,0.101502,0.121502,40.16,-111.85,whole-lake,whole-lake,stream_images/pond-02-step-112.jpg,pond_060,HIGH_PH,fishpond_visual_condition_v2_fixture,synthetic_condition_matched_mapping
2026-09-12T10:18:30+05:30,112,pond-03,nutrient_light_limited_stressed,0.57874,synthetic_gradual_stream,FA,C046,12.012847,28.0,16.8759,0.2974,1.1821,8.5787,22.1063,24.859,20.3063,47041.74,6.5425,85.053,25.0,211.147,24.3063,55.795,162.421,787.7,8.209,0.128,0.130512,0.135275,0.099744,0.119744,40.14,-111.87,whole-lake,whole-lake,stream_images/pond-03-step-112.jpg,pond_537,LOW_TEMP;HIGH_PH,fishpond_visual_condition_v2_fixture,synthetic_condition_matched_mapping
2026-09-12T10:18:40+05:30,113,pond-01,stable,0.0622,synthetic_gradual_stream,ASU,KA32,12.012963,25.0,52.3012,0.4782,3.0651,8.187,26.9281,29.689,25.1281,48071.95,8.2196,106.855,32.0,543.166,29.1281,70.258,417.82,505.1,3.56,0.1217,0.094354,0.166268,0.117823,0.137823,40.15,-111.86,whole-lake,whole-lake,stream_images/pond-01-step-113.jpg,pond_213,OPTIMUM,fishpond_visual_condition_v2_fixture,synthetic_condition_matched_mapping
2026-09-12T10:18:40+05:30,113,pond-02,heat_low_oxygen_stressed,0.53462,synthetic_gradual_stream,CP,LRB-AZ-1201,12.012963,22.0,25.219,0.3129,1.7308,8.8252,31.8116,34.5724,30.0116,49762.32,5.0457,65.595,35.0,567.352,34.0116,57.031,436.425,843.8,7.812,0.1217,0.127423,0.137923,0.101288,0.121288,40.16,-111.85,whole-lake,whole-lake,stream_images/pond-02-step-113.jpg,pond_066,HIGH_PH,fishpond_visual_condition_v2_fixture,synthetic_condition_matched_mapping
2026-09-12T10:18:40+05:30,113,pond-03,nutrient_light_limited_stressed,0.58467,synthetic_gradual_stream,FA,C046,12.012963,28.0,16.6597,0.2954,1.1676,8.5847,22.0767,24.8375,20.2767,47052.4,6.5307,84.899,25.0,209.183,24.2767,55.629,160.91,791.9,8.262,0.1217,0.130927,0.13492,0.099537,0.119537,40.14,-111.87,whole-lake,whole-lake,stream_images/pond-03-step-113.jpg,pond_538,LOW_TEMP;HIGH_PH,fishpond_visual_condition_v2_fixture,synthetic_condition_matched_mapping
2026-09-12T10:18:50+05:30,114,pond-01,stable,0.06186,synthetic_gradual_stream,ASU,KA32,12.013079,25.0,52.2771,0.4783,3.0639,8.1884,26.9491,29.7179,25.1491,48071.36,8.2156,106.802,32.0,545.879,29.1491,70.268,419.907,505.7,3.557,0.1147,0.094331,0.166288,0.117835,0.137835,40.15,-111.86,whole-lake,whole-lake,stream_images/pond-01-step-114.jpg,pond_214,OPTIMUM,fishpond_visual_condition_v2_fixture,synthetic_condition_matched_mapping
2026-09-12T10:18:50+05:30,114,pond-02,heat_low_oxygen_stressed,0.54073,synthetic_gradual_stream,CP,LRB-AZ-1201,12.013079,22.0,24.9929,0.3107,1.7185,8.8341,31.8666,34.6355,30.0666,49773.32,5.0097,65.126,35.0,569.975,34.0666,56.859,438.442,848.7,7.867,0.1147,0.127851,0.137556,0.101074,0.121074,40.16,-111.85,whole-lake,whole-lake,stream_images/pond-02-step-114.jpg,pond_067,HIGH_PH,fishpond_visual_condition_v2_fixture,synthetic_condition_matched_mapping
2026-09-12T10:18:50+05:30,114,pond-03,nutrient_light_limited_stressed,0.59057,synthetic_gradual_stream,FA,C046,12.013079,28.0,16.4442,0.2933,1.1531,8.5906,22.0472,24.816,20.2472,47063.03,6.5189,84.745,25.0,207.226,24.2472,55.464,159.405,796.0,8.315,0.1147,0.13134,0.134566,0.09933,0.11933,40.14,-111.87,whole-lake,whole-lake,stream_images/pond-03-step-114.jpg,pond_539,LOW_TEMP;HIGH_PH,fishpond_visual_condition_v2_fixture,synthetic_condition_matched_mapping
2026-09-12T10:19:00+05:30,115,pond-01,stable,0.06156,synthetic_gradual_stream,ASU,KA32,12.013194,25.0,52.253,0.4785,3.0627,8.1898,26.9698,29.7466,25.1698,48070.81,8.2116,106.751,32.0,548.559,29.1698,70.276,421.968,506.4,3.554,0.1071,0.094309,0.166306,0.117845,0.137845,40.15,-111.86,whole-lake,whole-lake,stream_images/pond-01-step-115.jpg,pond_215,OPTIMUM,fishpond_visual_condition_v2_fixture,synthetic_condition_matched_mapping
2026-09-12T10:19:00+05:30,115,pond-02,heat_low_oxygen_stressed,0.54685,synthetic_gradual_stream,CP,LRB-AZ-1201,12.013194,22.0,24.7667,0.3086,1.7063,8.8429,31.9216,34.6984,30.1216,49784.32,4.9736,64.657,35.0,572.597,34.1216,56.688,440.459,853.5,7.922,0.1071,0.128279,0.137189,0.10086,0.12086,40.16,-111.85,whole-lake,whole-lake,stream_images/pond-02-step-115.jpg,pond_068,HIGH_PH,fishpond_visual_condition_v2_fixture,synthetic_condition_matched_mapping
2026-09-12T10:19:00+05:30,115,pond-03,nutrient_light_limited_stressed,0.59645,synthetic_gradual_stream,FA,C046,12.013194,28.0,16.2295,0.2912,1.1387,8.5965,22.0177,24.7945,20.2177,47073.61,6.5071,84.592,25.0,205.276,24.2177,55.299,157.905,800.2,8.368,0.1071,0.131752,0.134213,0.099124,0.119124,40.14,-111.87,whole-lake,whole-lake,stream_images/pond-03-step-115.jpg,pond_540,LOW_TEMP;HIGH_PH,fishpond_visual_condition_v2_fixture,synthetic_condition_matched_mapping
2026-09-12T10:19:10+05:30,116,pond-01,stable,0.06128,synthetic_gradual_stream,ASU,KA32,12.01331,25.0,52.2289,0.4786,3.0614,8.1912,26.9903,29.7749,25.1903,48070.3,8.2077,106.7,32.0,551.205,29.1903,70.284,424.004,507.0,3.552,0.0988,0.09429,0.166323,0.117855,0.137855,40.15,-111.86,whole-lake,whole-lake,stream_images/pond-01-step-116.jpg,pond_216,OPTIMUM,fishpond_visual_condition_v2_fixture,synthetic_condition_matched_mapping
2026-09-12T10:19:10+05:30,116,pond-02,heat_low_oxygen_stressed,0.55296,synthetic_gradual_stream,CP,LRB-AZ-1201,12.01331,22.0,24.5406,0.3065,1.6941,8.8518,31.9766,34.7612,30.1766,49795.32,4.9376,64.188,35.0,575.219,34.1766,56.517,442.476,858.4,7.977,0.0988,0.128707,0.136823,0.100646,0.120646,40.16,-111.85,whole-lake,whole-lake,stream_images/pond-02-step-116.jpg,pond_069,HIGH_PH,fishpond_visual_condition_v2_fixture,synthetic_condition_matched_mapping
2026-09-12T10:19:10+05:30,116,pond-03,nutrient_light_limited_stressed,0.60231,synthetic_gradual_stream,FA,C046,12.01331,28.0,16.0157,0.2892,1.1243,8.6023,21.9885,24.7731,20.1885,47084.16,6.4954,84.44,25.0,203.334,24.1885,55.135,156.411,804.4,8.421,0.0988,0.132162,0.133861,0.098919,0.118919,40.14,-111.87,whole-lake,whole-lake,stream_images/pond-03-step-116.jpg,pond_541,LOW_TEMP;HIGH_PH,fishpond_visual_condition_v2_fixture,synthetic_condition_matched_mapping
2026-09-12T10:19:20+05:30,117,pond-01,stable,0.06103,synthetic_gradual_stream,ASU,KA32,12.013426,25.0,52.2048,0.4786,3.0602,8.1926,27.0105,29.8028,25.2105,48069.85,8.2038,106.65,32.0,553.817,29.2105,70.291,426.013,507.7,3.549,0.09,0.094272,0.166338,0.117864,0.137864,40.15,-111.86,whole-lake,whole-lake,stream_images/pond-01-step-117.jpg,pond_217,OPTIMUM,fishpond_visual_condition_v2_fixture,synthetic_condition_matched_mapping
2026-09-12T10:19:20+05:30,117,pond-02,heat_low_oxygen_stressed,0.55907,synthetic_gradual_stream,CP,LRB-AZ-1201,12.013426,22.0,24.3145,0.3043,1.6819,8.8606,32.0316,34.824,30.2316,49806.32,4.9015,63.72,35.0,577.84,34.2316,56.346,444.492,863.3,8.032,0.09,0.129135,0.136456,0.100433,0.120433,40.16,-111.85,whole-lake,whole-lake,stream_images/pond-02-step-117.jpg,pond_070,HIGH_PH,fishpond_visual_condition_v2_fixture,synthetic_condition_matched_mapping
2026-09-12T10:19:20+05:30,117,pond-03,nutrient_light_limited_stressed,0.60814,synthetic_gradual_stream,FA,C046,12.013426,28.0,15.8028,0.2871,1.11,8.6081,21.9593,24.7516,20.1593,47094.66,6.4837,84.288,25.0,201.4,24.1593,54.972,154.923,808.5,8.473,0.09,0.13257,0.133511,0.098715,0.118715,40.14,-111.87,whole-lake,whole-lake,stream_images/pond-03-step-117.jpg,pond_542,LOW_TEMP;HIGH_PH,fishpond_visual_condition_v2_fixture,synthetic_condition_matched_mapping
2026-09-12T10:19:30+05:30,118,pond-01,stable,0.0608,synthetic_gradual_stream,ASU,KA32,12.013542,25.0,52.1807,0.4787,3.059,8.194,27.0304,29.8303,25.2304,48069.44,8.2,106.6,32.0,556.394,29.2304,70.298,427.996,508.4,3.547,0.0807,0.094256,0.166352,0.117872,0.137872,40.15,-111.86,whole-lake,whole-lake,stream_images/pond-01-step-118.jpg,pond_218,OPTIMUM,fishpond_visual_condition_v2_fixture,synthetic_condition_matched_mapping
2026-09-12T10:19:30+05:30,118,pond-02,heat_low_oxygen_stressed,0.56517,synthetic_gradual_stream,CP,LRB-AZ-1201,12.013542,22.0,24.0886,0.3022,1.6697,8.8695,32.0866,34.8865,30.2866,49817.31,4.8655,63.251,35.0,580.459,34.2866,56.175,446.507,868.1,8.087,0.0807,0.129562,0.13609,0.100219,0.120219,40.16,-111.85,whole-lake,whole-lake,stream_images/pond-02-step-118.jpg,pond_072,HIGH_PH,fishpond_visual_condition_v2_fixture,synthetic_condition_matched_mapping
2026-09-12T10:19:30+05:30,118,pond-03,nutrient_light_limited_stressed,0.61395,synthetic_gradual_stream,FA,C046,12.013542,28.0,15.5908,0.2851,1.0958,8.614,21.9302,24.7302,20.1302,47105.11,6.4721,84.137,25.0,199.475,24.1302,54.809,153.442,812.6,8.526,0.0807,0.132977,0.133163,0.098512,0.118512,40.14,-111.87,whole-lake,whole-lake,stream_images/pond-03-step-118.jpg,pond_543,LOW_TEMP;HIGH_PH,fishpond_visual_condition_v2_fixture,synthetic_condition_matched_mapping
2026-09-12T10:19:40+05:30,119,pond-01,stable,0.0606,synthetic_gradual_stream,ASU,KA32,12.013657,25.0,52.1566,0.4788,3.0578,8.1953,27.0499,29.8574,25.2499,48069.08,8.1963,106.551,32.0,558.935,29.2499,70.303,429.95,509.1,3.545,0.0709,0.094242,0.166364,0.117879,0.137879,40.15,-111.86,whole-lake,whole-lake,stream_images/pond-01-step-119.jpg,pond_219,OPTIMUM,fishpond_visual_condition_v2_fixture,synthetic_condition_matched_mapping
2026-09-12T10:19:40+05:30,119,pond-02,heat_low_oxygen_stressed,0.57128,synthetic_gradual_stream,CP,LRB-AZ-1201,12.013657,22.0,23.8628,0.3001,1.6574,8.8783,32.1415,34.949,30.3415,49828.3,4.8295,62.783,35.0,583.077,34.3415,56.004,448.521,873.0,8.141,0.0709,0.129989,0.135723,0.100005,0.120005,40.16,-111.85,whole-lake,whole-lake,stream_images/pond-02-step-119.jpg,pond_073,HIGH_PH,fishpond_visual_condition_v2_fixture,synthetic_condition_matched_mapping
2026-09-12T10:19:40+05:30,119,pond-03,nutrient_light_limited_stressed,0.61973,synthetic_gradual_stream,FA,C046,12.013657,28.0,15.3798,0.2831,1.0817,8.6197,21.9013,24.7088,20.1013,47115.52,6.4605,83.987,25.0,197.559,24.1013,54.647,151.968,816.7,8.578,0.0709,0.133381,0.132816,0.098309,0.118309,40.14,-111.87,whole-lake,whole-lake,stream_images/pond-03-step-119.jpg,pond_544,LOW_TEMP;HIGH_PH,fishpond_visual_condition_v2_fixture,synthetic_condition_matched_mapping
2026-09-12T10:19:50+05:30,120,pond-01,stable,0.06043,synthetic_gradual_stream,ASU,KA32,12.013773,25.0,52.1325,0.4788,3.0566,8.1967,27.069,29.8839,25.269,48068.78,8.1925,106.503,32.0,561.438,29.269,70.308,431.875,497.3,3.544,0.0607,0.09423,0.166374,0.117885,0.137885,40.15,-111.86,whole-lake,whole-lake,stream_images/pond-01-step-120.jpg,pond_220,OPTIMUM,fishpond_visual_condition_v2_fixture,synthetic_condition_matched_mapping
2026-09-12T10:19:50+05:30,120,pond-02,heat_low_oxygen_stressed,0.57737,synthetic_gradual_stream,CP,LRB-AZ-1201,12.013773,22.0,23.6372,0.2979,1.6453,8.8872,32.1964,35.0113,30.3964,49839.27,4.7935,62.315,35.0,585.693,34.3964,55.834,450.533,865.3,8.196,0.0607,0.130416,0.135358,0.099792,0.119792,40.16,-111.85,whole-lake,whole-lake,stream_images/pond-02-step-120.jpg,pond_074,HIGH_PH,fishpond_visual_condition_v2_fixture,synthetic_condition_matched_mapping
2026-09-12T10:19:50+05:30,120,pond-03,nutrient_light_limited_stressed,0.62548,synthetic_gradual_stream,FA,C046,12.013773,28.0,15.1698,0.2811,1.0676,8.6255,21.8726,24.6875,20.0726,47125.87,6.449,83.837,25.0,195.652,24.0726,54.486,150.501,808.3,8.629,0.0607,0.133784,0.132471,0.098108,0.118108,40.14,-111.87,whole-lake,whole-lake,stream_images/pond-03-step-120.jpg,pond_545,LOW_TEMP;HIGH_PH,fishpond_visual_condition_v2_fixture,synthetic_condition_matched_mapping
2026-09-12T10:20:00+05:30,121,pond-01,stable,0.06029,synthetic_gradual_stream,ASU,KA32,12.013889,25.0,52.1084,0.4789,3.0554,8.198,27.0877,29.9099,25.2877,48068.52,8.1889,106.456,32.0,563.903,29.2877,70.312,433.772,498.0,3.543,0.0501,0.09422,0.166383,0.11789,0.13789,40.15,-111.86,whole-lake,whole-lake,stream_images/pond-01-step-121.jpg,pond_221,OPTIMUM,fishpond_visual_condition_v2_fixture,synthetic_condition_matched_mapping
2026-09-12T10:20:00+05:30,121,pond-02,heat_low_oxygen_stressed,0.58346,synthetic_gradual_stream,CP,LRB-AZ-1201,12.013889,22.0,23.4118,0.2958,1.6331,8.896,32.2512,35.0734,30.4512,49850.24,4.7576,61.848,35.0,588.306,34.4512,55.663,452.543,870.2,8.251,0.0501,0.130843,0.134992,0.099579,0.119579,40.16,-111.85,whole-lake,whole-lake,stream_images/pond-02-step-121.jpg,pond_075,HIGH_PH,fishpond_visual_condition_v2_fixture,synthetic_condition_matched_mapping
2026-09-12T10:20:00+05:30,121,pond-03,nutrient_light_limited_stressed,0.63121,synthetic_gradual_stream,FA,C046,12.013889,28.0,14.9609,0.2791,1.0535,8.6312,21.844,24.6662,20.044,47136.17,6.4376,83.689,25.0,193.755,24.044,54.326,149.042,812.4,8.681,0.0501,0.134185,0.132128,0.097908,0.117908,40.14,-111.87,whole-lake,whole-lake,stream_images/pond-03-step-121.jpg,pond_546,LOW_TEMP;HIGH_PH,fishpond_visual_condition_v2_fixture,synthetic_condition_matched_mapping
2026-09-12T10:20:10+05:30,122,pond-01,stable,0.06018,synthetic_gradual_stream,ASU,KA32,12.014005,25.0,52.0843,0.4789,3.0542,8.1993,27.106,29.9353,25.306,48068.32,8.1853,106.409,32.0,566.329,29.306,70.315,435.638,498.7,3.542,0.0393,0.094212,0.166389,0.117894,0.137894,40.15,-111.86,whole-lake,whole-lake,stream_images/pond-01-step-122.jpg,pond_222,OPTIMUM,fishpond_visual_condition_v2_fixture,synthetic_condition_matched_mapping
2026-09-12T10:20:10+05:30,122,pond-02,heat_low_oxygen_stressed,0.58955,synthetic_gradual_stream,CP,LRB-AZ-1201,12.014005,22.0,23.1867,0.2937,1.6209,8.9048,32.3059,35.1353,30.5059,49861.19,4.7217,61.382,35.0,590.917,34.5059,55.493,454.551,875.1,8.306,0.0393,0.131268,0.134627,0.099366,0.119366,40.16,-111.85,whole-lake,whole-lake,stream_images/pond-02-step-122.jpg,pond_076,HIGH_PH,fishpond_visual_condition_v2_fixture,synthetic_condition_matched_mapping
2026-09-12T10:20:10+05:30,122,pond-03,nutrient_light_limited_stressed,0.6369,synthetic_gradual_stream,FA,C046,12.014005,28.0,14.7532,0.2771,1.0396,8.6369,21.8155,24.6449,20.0155,47146.42,6.4262,83.541,25.0,191.868,24.0155,54.167,147.591,816.4,8.732,0.0393,0.134583,0.131786,0.097709,0.117709,40.14,-111.87,whole-lake,whole-lake,stream_images/pond-03-step-122.jpg,pond_547,LOW_TEMP;HIGH_PH,fishpond_visual_condition_v2_fixture,synthetic_condition_matched_mapping
2026-09-12T10:20:20+05:30,123,pond-01,stable,0.06009,synthetic_gradual_stream,ASU,KA32,12.01412,25.0,52.0602,0.479,3.053,8.2006,27.1237,29.9602,25.3237,48068.16,8.1818,106.363,32.0,568.715,29.3237,70.317,437.473,499.5,3.541,0.0282,0.094206,0.166395,0.117897,0.137897,40.15,-111.86,whole-lake,whole-lake,stream_images/pond-01-step-123.jpg,pond_223,OPTIMUM,fishpond_visual_condition_v2_fixture,synthetic_condition_matched_mapping
2026-09-12T10:20:20+05:30,123,pond-02,heat_low_oxygen_stressed,0.59563,synthetic_gradual_stream,CP,LRB-AZ-1201,12.01412,22.0,22.9618,0.2915,1.6087,8.9137,32.3606,35.1971,30.5606,49872.13,4.6858,60.915,35.0,593.524,34.5606,55.322,456.557,879.9,8.361,0.0282,0.131694,0.134262,0.099153,0.119153,40.16,-111.85,whole-lake,whole-lake,stream_images/pond-02-step-123.jpg,pond_077,HIGH_PH,fishpond_visual_condition_v2_fixture,synthetic_condition_matched_mapping
2026-09-12T10:20:20+05:30,123,pond-03,nutrient_light_limited_stressed,0.64256,synthetic_gradual_stream,FA,C046,12.01412,28.0,14.5466,0.2751,1.0257,8.6426,21.7872,24.6236,19.9872,47156.6,6.4149,83.393,25.0,189.992,23.9872,54.008,146.148,820.5,8.783,0.0282,0.134979,0.131447,0.09751,0.11751,40.14,-111.87,whole-lake,whole-lake,stream_images/pond-03-step-123.jpg,pond_548,LOW_TEMP;HIGH_PH,fishpond_visual_condition_v2_fixture,synthetic_condition_matched_mapping
2026-09-12T10:20:30+05:30,124,pond-01,stable,0.06003,synthetic_gradual_stream,ASU,KA32,12.014236,25.0,52.0361,0.479,3.0518,8.2018,27.1409,29.9843,25.3409,48068.06,8.1783,106.318,32.0,571.061,29.3409,70.319,439.278,500.2,3.54,0.017,0.094202,0.166398,0.117899,0.137899,40.15,-111.86,whole-lake,whole-lake,stream_images/pond-01-step-124.jpg,pond_224,OPTIMUM,fishpond_visual_condition_v2_fixture,synthetic_condition_matched_mapping
2026-09-12T10:20:30+05:30,124,pond-02,heat_low_oxygen_stressed,0.60169,synthetic_gradual_stream,CP,LRB-AZ-1201,12.014236,22.0,22.7373,0.2894,1.5966,8.9225,32.4153,35.2586,30.6153,49883.05,4.65,60.45,35.0,596.127,34.6153,55.153,458.559,884.7,8.415,0.017,0.132119,0.133898,0.098941,0.118941,40.16,-111.85,whole-lake,whole-lake,stream_images/pond-02-step-124.jpg,pond_078,HIGH_PH,fishpond_visual_condition_v2_fixture,synthetic_condition_matched_mapping
2026-09-12T10:20:30+05:30,124,pond-03,nutrient_light_limited_stressed,0.64818,synthetic_gradual_stream,FA,C046,12.014236,28.0,14.3413,0.2731,1.012,8.6482,21.7591,24.6025,19.9591,47166.73,6.4036,83.247,25.0,188.127,23.9591,53.851,144.713,824.5,8.834,0.017,0.135373,0.131109,0.097314,0.117314,40.14,-111.87,whole-lake,whole-lake,stream_images/pond-03-step-124.jpg,pond_549,LOW_TEMP;HIGH_PH,fishpond_visual_condition_v2_fixture,synthetic_condition_matched_mapping
2026-09-12T10:20:40+05:30,125,pond-01,stable,0.06,synthetic_gradual_stream,ASU,KA32,12.014352,25.0,52.012,0.479,3.0506,8.203,27.1576,30.0078,25.3576,48068.01,8.1749,106.274,32.0,573.365,29.3576,70.32,441.05,501.0,3.54,0.0057,0.0942,0.1664,0.1179,0.1379,40.15,-111.86,whole-lake,whole-lake,stream_images/pond-01-step-125.jpg,pond_225,OPTIMUM,fishpond_visual_condition_v2_fixture,synthetic_condition_matched_mapping
2026-09-12T10:20:40+05:30,125,pond-02,heat_low_oxygen_stressed,0.60775,synthetic_gradual_stream,CP,LRB-AZ-1201,12.014352,22.0,22.5131,0.2873,1.5845,8.9312,32.4698,35.32,30.6698,49893.96,4.6143,59.985,35.0,598.726,34.6698,54.983,460.559,889.6,8.47,0.0057,0.132543,0.133535,0.098729,0.118729,40.16,-111.85,whole-lake,whole-lake,stream_images/pond-02-step-125.jpg,pond_079,HIGH_PH,fishpond_visual_condition_v2_fixture,synthetic_condition_matched_mapping
2026-09-12T10:20:40+05:30,125,pond-03,nutrient_light_limited_stressed,0.65377,synthetic_gradual_stream,FA,C046,12.014352,28.0,14.1373,0.2712,0.9983,8.6538,21.7311,24.5813,19.9311,47176.79,6.3925,83.102,25.0,186.274,23.9311,53.694,143.288,828.4,8.884,0.0057,0.135764,0.130774,0.097118,0.117118,40.14,-111.87,whole-lake,whole-lake,stream_images/pond-03-step-125.jpg,pond_550,LOW_TEMP;HIGH_PH,fishpond_visual_condition_v2_fixture,synthetic_condition_matched_mapping
2026-09-12T10:20:50+05:30,126,pond-01,stable,0.06,synthetic_gradual_stream,ASU,KA32,12.014468,25.0,51.988,0.479,3.0494,8.2042,27.1736,30.0305,25.3736,48068.01,8.1716,106.23,32.0,575.626,29.3736,70.32,442.79,501.8,3.54,0.0,0.0942,0.1664,0.1179,0.1379,40.15,-111.86,whole-lake,whole-lake,stream_images/pond-01-step-126.jpg,pond_226,OPTIMUM,fishpond_visual_condition_v2_fixture,synthetic_condition_matched_mapping
2026-09-12T10:20:50+05:30,126,pond-02,heat_low_oxygen_stressed,0.6138,synthetic_gradual_stream,CP,LRB-AZ-1201,12.014468,22.0,22.2894,0.2852,1.5724,8.94,32.5242,35.3811,30.7242,49904.84,4.5786,59.521,35.0,601.321,34.7242,54.814,462.554,894.4,8.524,0.0,0.132966,0.133172,0.098517,0.118517,40.16,-111.85,whole-lake,whole-lake,stream_images/pond-02-step-126.jpg,pond_081,HIGH_PH,fishpond_visual_condition_v2_fixture,synthetic_condition_matched_mapping
2026-09-12T10:20:50+05:30,126,pond-03,nutrient_light_limited_stressed,0.65933,synthetic_gradual_stream,FA,C046,12.014468,28.0,13.9345,0.2692,0.9846,8.6593,21.7034,24.5602,19.9034,47186.79,6.3813,82.957,25.0,184.433,23.9034,53.539,141.871,832.4,8.934,0.0,0.136153,0.13044,0.096924,0.116924,40.14,-111.87,whole-lake,whole-lake,stream_images/pond-03-step-126.jpg,pond_551,LOW_TEMP;HIGH_PH,fishpond_visual_condition_v2_fixture,synthetic_condition_matched_mapping
2026-09-12T10:21:00+05:30,127,pond-01,stable,0.06003,synthetic_gradual_stream,ASU,KA32,12.014583,25.0,51.9639,0.479,3.0482,8.2054,27.1891,30.0525,25.3891,48068.06,8.1683,106.188,32.0,577.845,29.3891,70.319,444.496,502.6,3.54,0.0,0.094202,0.166398,0.117899,0.137899,40.15,-111.86,whole-lake,whole-lake,stream_images/pond-01-step-127.jpg,pond_227,OPTIMUM,fishpond_visual_condition_v2_fixture,synthetic_condition_matched_mapping
2026-09-12T10:21:00+05:30,127,pond-02,heat_low_oxygen_stressed,0.61984,synthetic_gradual_stream,CP,LRB-AZ-1201,12.014583,22.0,22.066,0.2831,1.5603,8.9488,32.5785,35.442,30.7785,49915.71,4.543,59.058,35.0,603.91,34.7785,54.645,464.546,899.2,8.579,0.0,0.133389,0.13281,0.098306,0.118306,40.16,-111.85,whole-lake,whole-lake,stream_images/pond-02-step-127.jpg,pond_082,HIGH_PH,fishpond_visual_condition_v2_fixture,synthetic_condition_matched_mapping
2026-09-12T10:21:00+05:30,127,pond-03,nutrient_light_limited_stressed,0.66484,synthetic_gradual_stream,FA,C046,12.014583,28.0,13.7332,0.2673,0.9711,8.6648,21.6758,24.5392,19.8758,47196.72,6.3703,82.814,25.0,182.604,23.8758,53.384,140.465,836.4,8.984,0.0,0.136539,0.130109,0.09673,0.11673,40.14,-111.87,whole-lake,whole-lake,stream_images/pond-03-step-127.jpg,pond_552,LOW_TEMP;HIGH_PH,fishpond_visual_condition_v2_fixture,synthetic_condition_matched_mapping
2026-09-12T10:21:10+05:30,128,pond-01,stable,0.06009,synthetic_gradual_stream,ASU,KA32,12.014699,25.0,51.9398,0.479,3.047,8.2066,27.2039,30.0737,25.4039,48068.16,8.1651,106.146,32.0,580.019,29.4039,70.317,446.169,503.4,3.541,0.0,0.094206,0.166395,0.117897,0.137897,40.15,-111.86,whole-lake,whole-lake,stream_images/pond-01-step-128.jpg,pond_228,OPTIMUM,fishpond_visual_condition_v2_fixture,synthetic_condition_matched_mapping
2026-09-12T10:21:10+05:30,128,pond-02,heat_low_oxygen_stressed,0.62586,synthetic_gradual_stream,CP,LRB-AZ-1201,12.014699,22.0,21.8431,0.2809,1.5483,8.9575,32.6327,35.5026,30.8327,49926.55,4.5074,58.596,35.0,606.494,34.8327,54.476,466.534,904.0,8.633,0.0,0.13381,0.132448,0.098095,0.118095,40.16,-111.85,whole-lake,whole-lake,stream_images/pond-02-step-128.jpg,pond_061,HIGH_PH; HIGH_TEMP,fishpond_visual_condition_v2_fixture,synthetic_condition_matched_mapping
2026-09-12T10:21:10+05:30,128,pond-03,nutrient_light_limited_stressed,0.67032,synthetic_gradual_stream,FA,C046,12.014699,28.0,13.5333,0.2654,0.9577,8.6703,21.6484,24.5183,19.8484,47206.58,6.3594,82.672,25.0,180.788,23.8484,53.231,139.068,840.3,9.033,0.0,0.136922,0.129781,0.096539,0.116539,40.14,-111.87,whole-lake,whole-lake,stream_images/pond-03-step-128.jpg,pond_553,LOW_TEMP;HIGH_PH,fishpond_visual_condition_v2_fixture,synthetic_condition_matched_mapping
2026-09-12T10:21:20+05:30,129,pond-01,stable,0.06018,synthetic_gradual_stream,ASU,KA32,12.014815,25.0,51.9157,0.4789,3.0458,8.2077,27.218,30.0942,25.418,48068.32,8.1619,106.105,32.0,582.149,29.418,70.315,447.807,504.3,3.542,0.0,0.094212,0.166389,0.117894,0.137894,40.15,-111.86,whole-lake,whole-lake,stream_images/pond-01-step-129.jpg,pond_229,OPTIMUM,fishpond_visual_condition_v2_fixture,synthetic_condition_matched_mapping
2026-09-12T10:21:20+05:30,129,pond-02,heat_low_oxygen_stressed,0.63187,synthetic_gradual_stream,CP,LRB-AZ-1201,12.014815,22.0,21.6208,0.2788,1.5363,8.9662,32.6868,35.563,30.8868,49937.37,4.472,58.135,35.0,609.073,34.8868,54.308,468.517,908.8,8.687,0.0,0.134231,0.132088,0.097885,0.117885,40.16,-111.85,whole-lake,whole-lake,stream_images/pond-02-step-129.jpg,pond_062,HIGH_PH; HIGH_TEMP,fishpond_visual_condition_v2_fixture,synthetic_condition_matched_mapping
2026-09-12T10:21:20+05:30,129,pond-03,nutrient_light_limited_stressed,0.67576,synthetic_gradual_stream,FA,C046,12.014815,28.0,13.3348,0.2635,0.9444,8.6758,21.6212,24.4974,19.8212,47216.37,6.3485,82.53,25.0,178.986,23.8212,53.079,137.682,844.2,9.082,0.0,0.137303,0.129454,0.096348,0.116348,40.14,-111.87,whole-lake,whole-lake,stream_images/pond-03-step-129.jpg,pond_554,LOW_TEMP;HIGH_PH,fishpond_visual_condition_v2_fixture,synthetic_condition_matched_mapping
2026-09-12T10:21:30+05:30,130,pond-01,stable,0.06029,synthetic_gradual_stream,ASU,KA32,12.014931,25.0,51.8916,0.4789,3.0446,8.2088,27.2314,30.1137,25.4314,48068.52,8.1588,106.065,32.0,584.233,29.4314,70.312,449.41,505.1,3.543,0.0,0.09422,0.166383,0.11789,0.13789,40.15,-111.86,whole-lake,whole-lake,stream_images/pond-01-step-130.jpg,pond_230,OPTIMUM,fishpond_visual_condition_v2_fixture,synthetic_condition_matched_mapping
2026-09-12T10:21:30+05:30,130,pond-02,heat_low_oxygen_stressed,0.63787,synthetic_gradual_stream,CP,LRB-AZ-1201,12.014931,22.0,21.3989,0.2767,1.5243,8.9749,32.7408,35.6231,30.9408,49948.16,4.4366,57.676,35.0,611.645,34.9408,54.14,470.496,913.6,8.741,0.0,0.134651,0.131728,0.097675,0.117675,40.16,-111.85,whole-lake,whole-lake,stream_images/pond-02-step-130.jpg,pond_063,HIGH_PH; HIGH_TEMP,fishpond_visual_condition_v2_fixture,synthetic_condition_matched_mapping
2026-09-12T10:21:30+05:30,130,pond-03,nutrient_light_limited_stressed,0.68115,synthetic_gradual_stream,FA,C046,12.014931,28.0,13.1379,0.2616,0.9312,8.6812,21.5942,24.4766,19.7942,47226.08,6.3377,82.39,25.0,177.197,23.7942,52.928,136.306,848.0,9.13,0.0,0.137681,0.129131,0.09616,0.11616,40.14,-111.87,whole-lake,whole-lake,stream_images/pond-03-step-130.jpg,pond_555,LOW_TEMP;HIGH_PH,fishpond_visual_condition_v2_fixture,synthetic_condition_matched_mapping
2026-09-12T10:21:40+05:30,131,pond-01,stable,0.06043,synthetic_gradual_stream,ASU,KA32,12.015046,25.0,51.8675,0.4788,3.0434,8.2099,27.2441,30.1325,25.4441,48068.78,8.1558,106.026,32.0,586.271,29.4441,70.308,450.977,506.0,3.544,0.0,0.09423,0.166374,0.117885,0.137885,40.15,-111.86,whole-lake,whole-lake,stream_images/pond-01-step-131.jpg,pond_231,OPTIMUM,fishpond_visual_condition_v2_fixture,synthetic_condition_matched_mapping
2026-09-12T10:21:40+05:30,131,pond-02,heat_low_oxygen_stressed,0.64385,synthetic_gradual_stream,CP,LRB-AZ-1201,12.015046,22.0,21.1777,0.2747,1.5123,8.9836,32.7946,35.683,30.9946,49958.92,4.4013,57.217,35.0,614.21,34.9946,53.972,472.469,918.4,8.795,0.0,0.135069,0.131369,0.097465,0.117465,40.16,-111.85,whole-lake,whole-lake,stream_images/pond-02-step-131.jpg,pond_064,HIGH_PH; HIGH_TEMP,fishpond_visual_condition_v2_fixture,synthetic_condition_matched_mapping
2026-09-12T10:21:40+05:30,131,pond-03,nutrient_light_limited_stressed,0.68651,synthetic_gradual_stream,FA,C046,12.015046,28.0,12.9425,0.2597,0.9181,8.6865,21.5675,24.4558,19.7675,47235.71,6.327,82.251,25.0,175.423,23.7675,52.778,134.941,851.9,9.179,0.0,0.138055,0.12881,0.095972,0.115972,40.14,-111.87,whole-lake,whole-lake,stream_images/pond-03-step-131.jpg,pond_664,LOW_TEMP;HIGH_PH,fishpond_visual_condition_v2_fixture,synthetic_condition_matched_mapping
2026-09-12T10:21:50+05:30,132,pond-01,stable,0.0606,synthetic_gradual_stream,ASU,KA32,12.015162,25.0,51.8434,0.4788,3.0422,8.211,27.256,30.1503,25.456,48069.08,8.1529,105.987,32.0,588.261,29.456,70.303,452.509,506.8,3.545,0.0,0.094242,0.166364,0.117879,0.137879,40.15,-111.86,whole-lake,whole-lake,stream_images/pond-01-step-132.jpg,pond_232,OPTIMUM,fishpond_visual_condition_v2_fixture,synthetic_condition_matched_mapping
2026-09-12T10:21:50+05:30,132,pond-02,heat_low_oxygen_stressed,0.64981,synthetic_gradual_stream,CP,LRB-AZ-1201,12.015162,22.0,20.957,0.2726,1.5004,8.9922,32.8483,35.7426,31.0483,49969.66,4.3661,56.76,35.0,616.769,35.0483,53.805,474.437,923.1,8.848,0.0,0.135487,0.131011,0.097257,0.117257,40.16,-111.85,whole-lake,whole-lake,stream_images/pond-02-step-132.jpg,pond_065,HIGH_PH; HIGH_TEMP,fishpond_visual_condition_v2_fixture,synthetic_condition_matched_mapping
2026-09-12T10:21:50+05:30,132,pond-03,nutrient_light_limited_stressed,0.69182,synthetic_gradual_stream,FA,C046,12.015162,28.0,12.7487,0.2579,0.9051,8.6918,21.5409,24.4352,19.7409,47245.27,6.3164,82.113,25.0,173.663,23.7409,52.629,133.587,855.7,9.226,0.0,0.138427,0.128491,0.095786,0.115786,40.14,-111.87,whole-lake,whole-lake,stream_images/pond-03-step-132.jpg,pond_665,LOW_TEMP;HIGH_PH,fishpond_visual_condition_v2_fixture,synthetic_condition_matched_mapping
2026-09-12T10:22:00+05:30,133,pond-01,stable,0.0608,synthetic_gradual_stream,ASU,KA32,12.015278,25.0,51.8193,0.4787,3.041,8.212,27.2672,30.1672,25.4672,48069.44,8.15,105.95,32.0,590.204,29.4672,70.298,454.003,507.7,3.547,0.0,0.094256,0.166352,0.117872,0.137872,40.15,-111.86,whole-lake,whole-lake,stream_images/pond-01-step-133.jpg,pond_233,OPTIMUM,fishpond_visual_condition_v2_fixture,synthetic_condition_matched_mapping
2026-09-12T10:22:00+05:30,133,pond-02,heat_low_oxygen_stressed,0.65576,synthetic_gradual_stream,CP,LRB-AZ-1201,12.015278,22.0,20.737,0.2705,1.4885,9.0008,32.9018,35.8018,31.1018,49980.36,4.331,56.303,35.0,619.32,35.1018,53.639,476.4,927.9,8.902,0.0,0.135903,0.130655,0.097049,0.117049,40.16,-111.85,whole-lake,whole-lake,stream_images/pond-02-step-133.jpg,pond_071,HIGH_PH; HIGH_TEMP,fishpond_visual_condition_v2_fixture,synthetic_condition_matched_mapping
2026-09-12T10:22:00+05:30,133,pond-03,nutrient_light_limited_stressed,0.69708,synthetic_gradual_stream,FA,C046,12.015278,28.0,12.5567,0.256,0.8922,8.6971,21.5146,24.4146,19.7146,47254.74,6.3058,81.976,25.0,171.919,23.7146,52.482,132.245,859.5,9.274,0.0,0.138795,0.128175,0.095602,0.115602,40.14,-111.87,whole-lake,whole-lake,stream_images/pond-03-step-133.jpg,pond_666,LOW_TEMP;HIGH_PH,fishpond_visual_condition_v2_fixture,synthetic_condition_matched_mapping
2026-09-12T10:22:10+05:30,134,pond-01,stable,0.06103,synthetic_gradual_stream,ASU,KA32,12.015394,25.0,51.7952,0.4786,3.0398,8.213,27.2776,30.1833,25.4776,48069.85,8.1472,105.913,32.0,592.099,29.4776,70.291,455.461,508.6,3.549,0.0,0.094272,0.166338,0.117864,0.137864,40.15,-111.86,whole-lake,whole-lake,stream_images/pond-01-step-134.jpg,pond_234,OPTIMUM,fishpond_visual_condition_v2_fixture,synthetic_condition_matched_mapping
2026-09-12T10:22:10+05:30,134,pond-02,heat_low_oxygen_stressed,0.66168,synthetic_gradual_stream,CP,LRB-AZ-1201,12.015394,22.0,20.5177,0.2684,1.4766,9.0094,32.9552,35.8608,31.1552,49991.03,4.2961,55.849,35.0,621.863,35.1552,53.473,478.356,932.6,8.955,0.0,0.136318,0.130299,0.096841,0.116841,40.16,-111.85,whole-lake,whole-lake,stream_images/pond-02-step-134.jpg,pond_080,HIGH_PH; HIGH_TEMP,fishpond_visual_condition_v2_fixture,synthetic_condition_matched_mapping
2026-09-12T10:22:10+05:30,134,pond-03,nutrient_light_limited_stressed,0.70229,synthetic_gradual_stream,FA,C046,12.015394,28.0,12.3663,0.2542,0.8794,8.7023,21.4885,24.3941,19.6885,47264.13,6.2954,81.84,25.0,170.19,23.6885,52.336,130.915,863.2,9.321,0.0,0.139161,0.127862,0.09542,0.11542,40.14,-111.87,whole-lake,whole-lake,stream_images/pond-03-step-134.jpg,pond_667,LOW_TEMP;HIGH_PH,fishpond_visual_condition_v2_fixture,synthetic_condition_matched_mapping
2026-09-12T10:22:20+05:30,135,pond-01,stable,0.06128,synthetic_gradual_stream,ASU,KA32,12.015509,25.0,51.7711,0.4786,3.0386,8.214,27.2873,30.1983,25.4873,48070.3,8.1445,105.878,32.0,593.944,29.4873,70.284,456.88,509.5,3.552,0.0,0.09429,0.166323,0.117855,0.137855,40.15,-111.86,whole-lake,whole-lake,stream_images/pond-01-step-135.jpg,pond_235,OPTIMUM,fishpond_visual_condition_v2_fixture,synthetic_condition_matched_mapping
2026-09-12T10:22:20+05:30,135,pond-02,heat_low_oxygen_stressed,0.66759,synthetic_gradual_stream,CP,LRB-AZ-1201,12.015509,22.0,20.299,0.2663,1.4648,9.018,33.0083,35.9194,31.2083,50001.67,4.2612,55.396,35.0,624.398,35.2083,53.307,480.306,937.4,9.008,0.0,0.136732,0.129944,0.096634,0.116634,40.16,-111.85,whole-lake,whole-lake,stream_images/pond-02-step-135.jpg,pond_086,HIGH_PH; HIGH_TEMP,fishpond_visual_condition_v2_fixture,synthetic_condition_matched_mapping
2026-09-12T10:22:20+05:30,135,pond-03,nutrient_light_limited_stressed,0.70746,synthetic_gradual_stream,FA,C046,12.015509,28.0,12.1776,0.2524,0.8667,8.7075,21.4627,24.3738,19.6627,47273.43,6.2851,81.706,25.0,168.476,23.6627,52.191,129.597,867.0,9.367,0.0,0.139522,0.127552,0.095239,0.115239,40.14,-111.87,whole-lake,whole-lake,stream_images/pond-03-step-135.jpg,pond_668,LOW_TEMP;HIGH_PH,fishpond_visual_condition_v2_fixture,synthetic_condition_matched_mapping
2026-09-12T10:22:30+05:30,136,pond-01,stable,0.06156,synthetic_gradual_stream,ASU,KA32,12.015625,25.0,51.747,0.4785,3.0373,8.215,27.2961,30.2125,25.4961,48070.81,8.1418,105.843,32.0,595.74,29.4961,70.276,458.262,510.5,3.554,0.0,0.094309,0.166306,0.117845,0.137845,40.15,-111.86,whole-lake,whole-lake,stream_images/pond-01-step-136.jpg,pond_236,OPTIMUM,fishpond_visual_condition_v2_fixture,synthetic_condition_matched_mapping
2026-09-12T10:22:30+05:30,136,pond-02,heat_low_oxygen_stressed,0.67348,synthetic_gradual_stream,CP,LRB-AZ-1201,12.015625,22.0,20.0812,0.2643,1.453,9.0265,33.0613,35.9777,31.2613,50012.27,4.2265,54.944,35.0,626.924,35.2613,53.143,482.249,942.1,9.061,0.0,0.137144,0.129591,0.096428,0.116428,40.16,-111.85,whole-lake,whole-lake,stream_images/pond-02-step-136.jpg,pond_087,HIGH_PH; HIGH_TEMP,fishpond_visual_condition_v2_fixture,synthetic_condition_matched_mapping
2026-09-12T10:22:30+05:30,136,pond-03,nutrient_light_limited_stressed,0.71258,synthetic_gradual_stream,FA,C046,12.015625,28.0,11.9908,0.2506,0.8542,8.7126,21.4371,24.3535,19.6371,47282.64,6.2748,81.573,25.0,166.78,23.6371,52.048,128.292,870.7,9.413,0.0,0.139881,0.127245,0.09506,0.11506,40.14,-111.87,whole-lake,whole-lake,stream_images/pond-03-step-136.jpg,pond_669,LOW_TEMP;HIGH_PH,fishpond_visual_condition_v2_fixture,synthetic_condition_matched_mapping
2026-09-12T10:22:40+05:30,137,pond-01,stable,0.06186,synthetic_gradual_stream,ASU,KA32,12.015741,25.0,51.7229,0.4783,3.0361,8.2159,27.3041,30.2257,25.5041,48071.36,8.1392,105.81,32.0,597.485,29.5041,70.268,459.604,511.4,3.557,0.0,0.094331,0.166288,0.117835,0.137835,40.15,-111.86,whole-lake,whole-lake,stream_images/pond-01-step-137.jpg,pond_237,OPTIMUM,fishpond_visual_condition_v2_fixture,synthetic_condition_matched_mapping
2026-09-12T10:22:40+05:30,137,pond-02,heat_low_oxygen_stressed,0.67935,synthetic_gradual_stream,CP,LRB-AZ-1201,12.015741,22.0,19.8641,0.2622,1.4413,9.0351,33.1141,36.0357,31.3141,50022.83,4.1918,54.494,35.0,629.441,35.3141,52.978,484.185,946.8,9.114,0.0,0.137554,0.129239,0.096223,0.116223,40.16,-111.85,whole-lake,whole-lake,stream_images/pond-02-step-137.jpg,pond_088,HIGH_PH; HIGH_TEMP,fishpond_visual_condition_v2_fixture,synthetic_condition_matched_mapping
2026-09-12T10:22:40+05:30,137,pond-03,nutrient_light_limited_stressed,0.71765,synthetic_gradual_stream,FA,C046,12.015741,28.0,11.8058,0.2488,0.8418,8.7176,21.4118,24.3333,19.6118,47291.77,6.2647,81.441,25.0,165.1,23.6118,51.906,127.0,874.3,9.459,0.0,0.140235,0.126941,0.094882,0.114882,40.14,-111.87,whole-lake,whole-lake,stream_images/pond-03-step-137.jpg,pond_670,LOW_TEMP;HIGH_PH,fishpond_visual_condition_v2_fixture,synthetic_condition_matched_mapping
2026-09-12T10:22:50+05:30,138,pond-01,stable,0.0622,synthetic_gradual_stream,ASU,KA32,12.015856,25.0,51.6988,0.4782,3.0349,8.2168,27.3113,30.2379,25.5113,48071.95,8.1367,105.777,32.0,599.18,29.5113,70.258,460.907,512.3,3.56,0.0,0.094354,0.166268,0.117823,0.137823,40.15,-111.86,whole-lake,whole-lake,stream_images/pond-01-step-138.jpg,pond_238,OPTIMUM,fishpond_visual_condition_v2_fixture,synthetic_condition_matched_mapping
2026-09-12T10:22:50+05:30,138,pond-02,heat_low_oxygen_stressed,0.68519,synthetic_gradual_stream,CP,LRB-AZ-1201,12.015856,22.0,19.6478,0.2602,1.4296,9.0435,33.1667,36.0933,31.3667,50033.35,4.1574,54.046,35.0,631.948,35.3667,52.815,486.114,951.5,9.167,0.0,0.137964,0.128888,0.096018,0.116018,40.16,-111.85,whole-lake,whole-lake,stream_images/pond-02-step-138.jpg,pond_089,HIGH_PH; HIGH_TEMP,fishpond_visual_condition_v2_fixture,synthetic_condition_matched_mapping
2026-09-12T10:22:50+05:30,138,pond-03,nutrient_light_limited_stressed,0.72266,synthetic_gradual_stream,FA,C046,12.015856,28.0,11.6228,0.2471,0.8295,8.7227,21.3867,24.3132,19.5867,47300.8,6.2547,81.311,25.0,163.437,23.5867,51.765,125.721,878.0,9.504,0.0,0.140586,0.12664,0.094707,0.114707,40.14,-111.87,whole-lake,whole-lake,stream_images/pond-03-step-138.jpg,pond_671,LOW_TEMP;HIGH_PH,fishpond_visual_condition_v2_fixture,synthetic_condition_matched_mapping
2026-09-12T10:23:00+05:30,139,pond-01,stable,0.06255,synthetic_gradual_stream,ASU,KA32,12.015972,25.0,51.6747,0.4781,3.0337,8.2177,27.3177,30.2491,25.5177,48072.6,8.1343,105.746,32.0,600.822,29.5177,70.248,462.171,513.3,3.563,0.0,0.094379,0.166247,0.117811,0.137811,40.15,-111.86,whole-lake,whole-lake,stream_images/pond-01-step-139.jpg,pond_239,OPTIMUM,fishpond_visual_condition_v2_fixture,synthetic_condition_matched_mapping
2026-09-12T10:23:00+05:30,139,pond-02,heat_low_oxygen_stressed,0.69102,synthetic_gradual_stream,CP,LRB-AZ-1201,12.015972,22.0,19.4324,0.2581,1.418,9.052,33.2191,36.1506,31.4191,50043.83,4.123,53.599,35.0,634.446,35.4191,52.652,488.035,956.1,9.219,0.0,0.138371,0.128539,0.095814,0.115814,40.16,-111.85,whole-lake,whole-lake,stream_images/pond-02-step-139.jpg,pond_090,HIGH_PH; HIGH_TEMP,fishpond_visual_condition_v2_fixture,synthetic_condition_matched_mapping
2026-09-12T10:23:00+05:30,139,pond-03,nutrient_light_limited_stressed,0.72763,synthetic_gradual_stream,FA,C046,12.015972,28.0,11.4416,0.2453,0.8173,8.7276,21.3619,24.2933,19.5619,47309.73,6.2447,81.182,25.0,161.792,23.5619,51.626,124.455,881.6,9.549,0.0,0.140934,0.126342,0.094533,0.114533,40.14,-111.87,whole-lake,whole-lake,stream_images/pond-03-step-139.jpg,pond_672,LOW_TEMP;HIGH_PH,fishpond_visual_condition_v2_fixture,synthetic_condition_matched_mapping
2026-09-12T10:23:10+05:30,140,pond-01,stable,0.06294,synthetic_gradual_stream,ASU,KA32,12.016088,25.0,51.6506,0.478,3.0325,8.2185,27.3232,30.2593,25.5232,48073.29,8.1319,105.715,32.0,602.413,29.5232,70.238,463.394,514.3,3.566,0.0,0.094406,0.166224,0.117797,0.137797,40.15,-111.86,whole-lake,whole-lake,stream_images/pond-01-step-140.jpg,pond_240,OPTIMUM,fishpond_visual_condition_v2_fixture,synthetic_condition_matched_mapping
2026-09-12T10:23:10+05:30,140,pond-02,heat_low_oxygen_stressed,0.69681,synthetic_gradual_stream,CP,LRB-AZ-1201,12.016088,22.0,19.2179,0.2561,1.4064,9.0604,33.2713,36.2075,31.4713,50054.26,4.0888,53.154,35.0,636.933,35.4713,52.489,489.949,960.8,9.271,0.0,0.138777,0.128191,0.095612,0.115612,40.16,-111.85,whole-lake,whole-lake,stream_images/pond-02-step-140.jpg,pond_095,HIGH_PH; HIGH_TEMP,fishpond_visual_condition_v2_fixture,synthetic_condition_matched_mapping
2026-09-12T10:23:10+05:30,140,pond-03,nutrient_light_limited_stressed,0.73253,synthetic_gradual_stream,FA,C046,12.016088,28.0,11.2625,0.2436,0.8053,8.7325,21.3373,24.2735,19.5373,47318.56,6.2349,81.054,25.0,160.165,23.5373,51.489,123.204,885.1,9.593,0.0,0.141277,0.126048,0.094361,0.114361,40.14,-111.87,whole-lake,whole-lake,stream_images/pond-03-step-140.jpg,pond_673,LOW_TEMP;HIGH_PH,fishpond_visual_condition_v2_fixture,synthetic_condition_matched_mapping
2026-09-12T10:23:20+05:30,141,pond-01,stable,0.06334,synthetic_gradual_stream,ASU,KA32,12.016204,25.0,51.6265,0.4778,3.0313,8.2193,27.3279,30.2686,25.5279,48074.02,8.1297,105.686,32.0,603.95,29.5279,70.226,464.577,515.2,3.57,0.0,0.094434,0.166199,0.117783,0.137783,40.15,-111.86,whole-lake,whole-lake,stream_images/pond-01-step-141.jpg,pond_241,OPTIMUM,fishpond_visual_condition_v2_fixture,synthetic_condition_matched_mapping
2026-09-12T10:23:20+05:30,141,pond-02,heat_low_oxygen_stressed,0.70259,synthetic_gradual_stream,CP,LRB-AZ-1201,12.016204,22.0,19.0043,0.2541,1.3948,9.0688,33.3233,36.264,31.5233,50064.66,4.0547,52.712,35.0,639.41,35.5233,52.328,491.854,965.4,9.323,0.0,0.139181,0.127845,0.095409,0.115409,40.16,-111.85,whole-lake,whole-lake,stream_images/pond-02-step-141.jpg,pond_096,HIGH_PH; HIGH_TEMP,fishpond_visual_condition_v2_fixture,synthetic_condition_matched_mapping
2026-09-12T10:23:20+05:30,141,pond-03,nutrient_light_limited_stressed,0.73739,synthetic_gradual_stream,FA,C046,12.016204,28.0,11.0854,0.2419,0.7934,8.7374,21.3131,24.2538,19.5131,47327.29,6.2252,80.928,25.0,158.557,23.5131,51.353,121.967,888.7,9.636,0.0,0.141617,0.125757,0.094192,0.114192,40.14,-111.87,whole-lake,whole-lake,stream_images/pond-03-step-141.jpg,pond_674,LOW_TEMP;HIGH_PH,fishpond_visual_condition_v2_fixture,synthetic_condition_matched_mapping
2026-09-12T10:23:30+05:30,142,pond-01,stable,0.06378,synthetic_gradual_stream,ASU,KA32,12.016319,25.0,51.6024,0.4777,3.0301,8.2201,27.3318,30.2769,25.5318,48074.8,8.1275,105.657,32.0,605.435,29.5318,70.214,465.719,516.2,3.574,0.0,0.094464,0.166173,0.117768,0.137768,40.15,-111.86,whole-lake,whole-lake,stream_images/pond-01-step-142.jpg,pond_242,OPTIMUM,fishpond_visual_condition_v2_fixture,synthetic_condition_matched_mapping
2026-09-12T10:23:30+05:30,142,pond-02,heat_low_oxygen_stressed,0.70833,synthetic_gradual_stream,CP,LRB-AZ-1201,12.016319,22.0,18.7917,0.2521,1.3833,9.0771,33.375,36.3201,31.575,50075.0,4.0208,52.271,35.0,641.875,35.575,52.167,493.75,970.0,9.375,0.0,0.139583,0.1275,0.095208,0.115208,40.16,-111.85,whole-lake,whole-lake,stream_images/pond-02-step-142.jpg,pond_097,HIGH_PH; HIGH_TEMP,fishpond_visual_condition_v2_fixture,synthetic_condition_matched_mapping
2026-09-12T10:23:30+05:30,142,pond-03,nutrient_light_limited_stressed,0.74218,synthetic_gradual_stream,FA,C046,12.016319,28.0,10.9104,0.2402,0.7817,8.7422,21.2891,24.2342,19.4891,47335.92,6.2156,80.803,25.0,156.967,23.4891,51.219,120.744,892.2,9.68,0.0,0.141953,0.125469,0.094024,0.114024,40.14,-111.87,whole-lake,whole-lake,stream_images/pond-03-step-142.jpg,pond_675,LOW_TEMP;HIGH_PH,fishpond_visual_condition_v2_fixture,synthetic_condition_matched_mapping
2026-09-12T10:23:40+05:30,143,pond-01,stable,0.06423,synthetic_gradual_stream,ASU,KA32,12.016435,25.0,51.5783,0.4775,3.0289,8.2209,27.3348,30.2842,25.5348,48075.61,8.1253,105.63,32.0,606.865,29.5348,70.202,466.819,517.2,3.578,0.0,0.094496,0.166146,0.117752,0.137752,40.15,-111.86,whole-lake,whole-lake,stream_images/pond-01-step-143.jpg,pond_243,OPTIMUM,fishpond_visual_condition_v2_fixture,synthetic_condition_matched_mapping
2026-09-12T10:23:40+05:30,143,pond-02,heat_low_oxygen_stressed,0.71405,synthetic_gradual_stream,CP,LRB-AZ-1201,12.016435,22.0,18.58,0.2501,1.3719,9.0854,33.4265,36.3758,31.6265,50085.29,3.9871,51.832,35.0,644.329,35.6265,52.007,495.637,974.6,9.426,0.0,0.139984,0.127157,0.095008,0.115008,40.16,-111.85,whole-lake,whole-lake,stream_images/pond-02-step-143.jpg,pond_098,HIGH_PH; HIGH_TEMP,fishpond_visual_condition_v2_fixture,synthetic_condition_matched_mapping
2026-09-12T10:23:40+05:30,143,pond-03,nutrient_light_limited_stressed,0.74692,synthetic_gradual_stream,FA,C046,12.016435,28.0,10.7376,0.2386,0.7701,8.7469,21.2654,24.2147,19.4654,47344.45,6.2062,80.68,25.0,155.398,23.4654,51.086,119.537,895.6,9.722,0.0,0.142284,0.125185,0.093858,0.113858,40.14,-111.87,whole-lake,whole-lake,stream_images/pond-03-step-143.jpg,pond_676,LOW_TEMP;HIGH_PH,fishpond_visual_condition_v2_fixture,synthetic_condition_matched_mapping
2026-09-12T10:23:50+05:30,144,pond-01,stable,0.06471,synthetic_gradual_stream,ASU,KA32,12.016551,25.0,51.5542,0.4774,3.0277,8.2216,27.3371,30.2904,25.5371,48076.47,8.1233,105.603,32.0,608.241,29.5371,70.188,467.878,505.7,3.582,0.0,0.094529,0.166118,0.117735,0.137735,40.15,-111.86,whole-lake,whole-lake,stream_images/pond-01-step-144.jpg,pond_244,OPTIMUM,fishpond_visual_condition_v2_fixture,synthetic_condition_matched_mapping
2026-09-12T10:23:50+05:30,144,pond-02,heat_low_oxygen_stressed,0.71974,synthetic_gradual_stream,CP,LRB-AZ-1201,12.016551,22.0,18.3695,0.2481,1.3605,9.0936,33.4777,36.4311,31.6777,50095.54,3.9535,51.396,35.0,646.77,35.6777,51.847,497.516,966.6,9.478,0.0,0.140382,0.126815,0.094809,0.114809,40.16,-111.85,whole-lake,whole-lake,stream_images/pond-02-step-144.jpg,pond_099,HIGH_PH; HIGH_TEMP,fishpond_visual_condition_v2_fixture,synthetic_condition_matched_mapping
2026-09-12T10:23:50+05:30,144,pond-03,nutrient_light_limited_critical,0.75159,synthetic_gradual_stream,FA,C046,12.016551,28.0,10.5669,0.2369,0.7586,8.7516,21.242,24.1954,19.442,47352.86,6.1968,80.559,25.0,153.848,23.442,50.955,118.344,886.5,9.764,0.0,0.142611,0.124905,0.093694,0.113694,40.14,-111.87,whole-lake,whole-lake,stream_images/pond-03-step-144.jpg,pond_677,LOW_TEMP;HIGH_PH,fishpond_visual_condition_v2_fixture,synthetic_condition_matched_mapping
2026-09-12T10:24:00+05:30,145,pond-01,stable,0.0652,synthetic_gradual_stream,ASU,KA32,12.016667,25.0,51.5301,0.4772,3.0265,8.2223,27.3385,30.2958,25.5385,48077.37,8.1214,105.578,32.0,609.562,29.5385,70.174,468.894,506.7,3.587,0.0,0.094564,0.166088,0.117718,0.137718,40.15,-111.86,whole-lake,whole-lake,stream_images/pond-01-step-145.jpg,pond_245,OPTIMUM,fishpond_visual_condition_v2_fixture,synthetic_condition_matched_mapping
2026-09-12T10:24:00+05:30,145,pond-02,heat_low_oxygen_stressed,0.72541,synthetic_gradual_stream,CP,LRB-AZ-1201,12.016667,22.0,18.1599,0.2461,1.3492,9.1018,33.5287,36.486,31.7287,50105.73,3.9201,50.961,35.0,649.2,35.7287,51.689,499.384,971.2,9.529,0.0,0.140779,0.126476,0.094611,0.114611,40.16,-111.85,whole-lake,whole-lake,stream_images/pond-02-step-145.jpg,pond_100,HIGH_PH; HIGH_TEMP,fishpond_visual_condition_v2_fixture,synthetic_condition_matched_mapping
2026-09-12T10:24:00+05:30,145,pond-03,nutrient_light_limited_critical,0.75621,synthetic_gradual_stream,FA,C046,12.016667,28.0,10.3985,0.2353,0.7473,8.7562,21.219,24.1763,19.419,47361.17,6.1876,80.439,25.0,152.318,23.419,50.826,117.168,889.9,9.806,0.0,0.142934,0.124628,0.093533,0.113533,40.14,-111.87,whole-lake,whole-lake,stream_images/pond-03-step-145.jpg,pond_678,LOW_TEMP;HIGH_PH,fishpond_visual_condition_v2_fixture,synthetic_condition_matched_mapping
2026-09-12T10:24:10+05:30,146,pond-01,stable,0.06572,synthetic_gradual_stream,ASU,KA32,12.016782,25.0,51.506,0.477,3.0253,8.223,27.3391,30.3001,25.5391,48078.3,8.1195,105.553,32.0,610.828,29.5391,70.16,469.868,507.7,3.592,0.0,0.094601,0.166057,0.1177,0.1377,40.15,-111.86,whole-lake,whole-lake,stream_images/pond-01-step-146.jpg,pond_246,OPTIMUM,fishpond_visual_condition_v2_fixture,synthetic_condition_matched_mapping
2026-09-12T10:24:10+05:30,146,pond-02,heat_low_oxygen_stressed,0.73104,synthetic_gradual_stream,CP,LRB-AZ-1201,12.016782,22.0,17.9515,0.2441,1.3379,9.11,33.5794,36.5404,31.7794,50115.87,3.8869,50.529,35.0,651.616,35.7794,51.531,501.243,975.7,9.579,0.0,0.141173,0.126138,0.094414,0.114414,40.16,-111.85,whole-lake,whole-lake,stream_images/pond-02-step-146.jpg,pond_141,HIGH_PH; HIGH_TEMP,fishpond_visual_condition_v2_fixture,synthetic_condition_matched_mapping
2026-09-12T10:24:10+05:30,146,pond-03,nutrient_light_limited_critical,0.76076,synthetic_gradual_stream,FA,C046,12.016782,28.0,10.2324,0.2337,0.7361,8.7608,21.1962,24.1572,19.3962,47369.36,6.1785,80.32,25.0,150.809,23.3962,50.699,116.007,893.2,9.847,0.0,0.143253,0.124355,0.093373,0.113373,40.14,-111.87,whole-lake,whole-lake,stream_images/pond-03-step-146.jpg,pond_679,LOW_TEMP;HIGH_PH,fishpond_visual_condition_v2_fixture,synthetic_condition_matched_mapping
2026-09-12T10:24:20+05:30,147,pond-01,stable,0.06626,synthetic_gradual_stream,ASU,KA32,12.016898,25.0,51.4819,0.4768,3.0241,8.2236,27.3389,30.3035,25.5389,48079.28,8.1177,105.53,32.0,612.038,29.5389,70.145,470.798,508.7,3.596,0.0,0.094639,0.166024,0.117681,0.137681,40.15,-111.86,whole-lake,whole-lake,stream_images/pond-01-step-147.jpg,pond_247,OPTIMUM,fishpond_visual_condition_v2_fixture,synthetic_condition_matched_mapping
2026-09-12T10:24:20+05:30,147,pond-02,heat_low_oxygen_stressed,0.73664,synthetic_gradual_stream,CP,LRB-AZ-1201,12.016898,22.0,17.7442,0.2422,1.3267,9.1181,33.6298,36.5944,31.8298,50125.96,3.8538,50.1,35.0,654.02,35.8298,51.374,503.092,980.2,9.63,0.0,0.141565,0.125801,0.094218,0.114218,40.16,-111.85,whole-lake,whole-lake,stream_images/pond-02-step-147.jpg,pond_142,HIGH_PH; HIGH_TEMP,fishpond_visual_condition_v2_fixture,synthetic_condition_matched_mapping
2026-09-12T10:24:20+05:30,147,pond-03,nutrient_light_limited_critical,0.76525,synthetic_gradual_stream,FA,C046,12.016898,28.0,10.0685,0.2322,0.7251,8.7652,21.1738,24.1384,19.3738,47377.44,6.1695,80.204,25.0,149.321,23.3738,50.573,114.862,896.5,9.887,0.0,0.143567,0.124085,0.093216,0.113216,40.14,-111.87,whole-lake,whole-lake,stream_images/pond-03-step-147.jpg,pond_680,LOW_TEMP;HIGH_PH,fishpond_visual_condition_v2_fixture,synthetic_condition_matched_mapping
2026-09-12T10:24:30+05:30,148,pond-01,stable,0.06682,synthetic_gradual_stream,ASU,KA32,12.017014,25.0,51.4578,0.4766,3.0229,8.2242,27.3379,30.3059,25.5379,48080.28,8.116,105.508,32.0,613.192,29.5379,70.129,471.686,509.8,3.601,0.0,0.094678,0.165991,0.117661,0.137661,40.15,-111.86,whole-lake,whole-lake,stream_images/pond-01-step-148.jpg,pond_248,OPTIMUM,fishpond_visual_condition_v2_fixture,synthetic_condition_matched_mapping
2026-09-12T10:24:30+05:30,148,pond-02,heat_low_oxygen_stressed,0.74221,synthetic_gradual_stream,CP,LRB-AZ-1201,12.017014,22.0,17.5381,0.2402,1.3156,9.1262,33.6799,36.6479,31.8799,50135.98,3.8209,49.672,35.0,656.409,35.8799,51.218,504.93,984.7,9.68,0.0,0.141955,0.125467,0.094023,0.114023,40.16,-111.85,whole-lake,whole-lake,stream_images/pond-02-step-148.jpg,pond_151,HIGH_PH; HIGH_TEMP,fishpond_visual_condition_v2_fixture,synthetic_condition_matched_mapping
2026-09-12T10:24:30+05:30,148,pond-03,nutrient_light_limited_critical,0.76967,synthetic_gradual_stream,FA,C046,12.017014,28.0,9.9071,0.2306,0.7143,8.7697,21.1517,24.1197,19.3517,47385.4,6.1607,80.089,25.0,147.855,23.3517,50.449,113.735,899.8,9.927,0.0,0.143877,0.12382,0.093062,0.113062,40.14,-111.87,whole-lake,whole-lake,stream_images/pond-03-step-148.jpg,pond_681,LOW_TEMP;HIGH_PH,fishpond_visual_condition_v2_fixture,synthetic_condition_matched_mapping
2026-09-12T10:24:40+05:30,149,pond-01,stable,0.0674,synthetic_gradual_stream,ASU,KA32,12.01713,25.0,51.4337,0.4764,3.0217,8.2248,27.3361,30.3074,25.5361,48081.33,8.1144,105.487,32.0,614.289,29.5361,70.113,472.53,510.8,3.607,0.0,0.094718,0.165956,0.117641,0.137641,40.15,-111.86,whole-lake,whole-lake,stream_images/pond-01-step-149.jpg,pond_249,OPTIMUM,fishpond_visual_condition_v2_fixture,synthetic_condition_matched_mapping
2026-09-12T10:24:40+05:30,149,pond-02,heat_low_oxygen_stressed,0.74775,synthetic_gradual_stream,CP,LRB-AZ-1201,12.01713,22.0,17.3332,0.2383,1.3045,9.1342,33.7298,36.701,31.9298,50145.95,3.7883,49.248,35.0,658.785,35.9298,51.063,506.758,989.2,9.73,0.0,0.142343,0.125135,0.093829,0.113829,40.16,-111.85,whole-lake,whole-lake,stream_images/pond-02-step-149.jpg,pond_152,HIGH_PH; HIGH_TEMP,fishpond_visual_condition_v2_fixture,synthetic_condition_matched_mapping
2026-09-12T10:24:40+05:30,149,pond-03,nutrient_light_limited_critical,0.77402,synthetic_gradual_stream,FA,C046,12.01713,28.0,9.7481,0.2291,0.7036,8.774,21.1299,24.1011,19.3299,47393.24,6.152,79.975,25.0,146.411,23.3299,50.327,112.624,903.0,9.966,0.0,0.144182,0.123559,0.092909,0.112909,40.14,-111.87,whole-lake,whole-lake,stream_images/pond-03-step-149.jpg,pond_682,LOW_TEMP;HIGH_PH,fishpond_visual_condition_v2_fixture,synthetic_condition_matched_mapping
2026-09-12T10:24:50+05:30,150,pond-01,stable,0.068,synthetic_gradual_stream,ASU,KA32,12.017245,25.0,51.4096,0.4762,3.0205,8.2254,27.3336,30.308,25.5336,48082.4,8.1128,105.467,32.0,615.329,29.5336,70.096,473.33,511.8,3.612,0.0,0.09476,0.16592,0.11762,0.13762,40.15,-111.86,whole-lake,whole-lake,stream_images/pond-01-step-150.jpg,pond_250,OPTIMUM,fishpond_visual_condition_v2_fixture,synthetic_condition_matched_mapping
2026-09-12T10:24:50+05:30,150,pond-02,heat_low_oxygen_critical,0.75325,synthetic_gradual_stream,CP,LRB-AZ-1201,12.017245,22.0,17.1296,0.2364,1.2935,9.1422,33.7793,36.7536,31.9793,50155.86,3.7558,48.825,35.0,661.146,35.9793,50.909,508.574,993.6,9.779,0.0,0.142728,0.124805,0.093636,0.113636,40.16,-111.85,whole-lake,whole-lake,stream_images/pond-02-step-150.jpg,pond_155,HIGH_PH; HIGH_TEMP,fishpond_visual_condition_v2_fixture,synthetic_condition_matched_mapping
2026-09-12T10:24:50+05:30,150,pond-03,nutrient_light_limited_critical,0.77831,synthetic_gradual_stream,FA,C046,12.017245,28.0,9.5916,0.2276,0.6931,8.7783,21.1084,24.0828,19.3084,47400.96,6.1434,79.864,25.0,144.989,23.3084,50.207,111.53,906.2,10.005,0.0,0.144482,0.123301,0.092759,0.112759,40.14,-111.87,whole-lake,whole-lake,stream_images/pond-03-step-150.jpg,pond_683,LOW_TEMP;HIGH_PH,fishpond_visual_condition_v2_fixture,synthetic_condition_matched_mapping
2026-09-12T10:25:00+05:30,151,pond-01,stable,0.06861,synthetic_gradual_stream,ASU,KA32,12.017361,25.0,51.3855,0.476,3.0193,8.2259,27.3304,30.3077,25.5304,48083.51,8.1114,105.448,32.0,616.311,29.5304,70.079,474.086,512.9,3.618,0.0,0.094803,0.165883,0.117598,0.137598,40.15,-111.86,whole-lake,whole-lake,stream_images/pond-01-step-151.jpg,pond_251,OPTIMUM,fishpond_visual_condition_v2_fixture,synthetic_condition_matched_mapping
2026-09-12T10:25:00+05:30,151,pond-02,heat_low_oxygen_critical,0.75872,synthetic_gradual_stream,CP,LRB-AZ-1201,12.017361,22.0,16.9272,0.2344,1.2826,9.1501,33.8285,36.8058,32.0285,50165.7,3.7235,48.406,35.0,663.493,36.0285,50.756,510.379,998.0,9.829,0.0,0.143111,0.124477,0.093445,0.113445,40.16,-111.85,whole-lake,whole-lake,stream_images/pond-02-step-151.jpg,pond_157,HIGH_PH; HIGH_TEMP,fishpond_visual_condition_v2_fixture,synthetic_condition_matched_mapping
2026-09-12T10:25:00+05:30,151,pond-03,nutrient_light_limited_critical,0.78253,synthetic_gradual_stream,FA,C046,12.017361,28.0,9.4376,0.2261,0.6828,8.7825,21.0873,24.0646,19.2873,47408.56,6.1349,79.754,25.0,143.59,23.2873,50.089,110.454,909.4,10.043,0.0,0.144777,0.123048,0.092611,0.112611,40.14,-111.87,whole-lake,whole-lake,stream_images/pond-03-step-151.jpg,pond_684,LOW_TEMP;HIGH_PH,fishpond_visual_condition_v2_fixture,synthetic_condition_matched_mapping
2026-09-12T10:25:10+05:30,152,pond-01,stable,0.06925,synthetic_gradual_stream,ASU,KA32,12.017477,25.0,51.3614,0.4758,3.0181,8.2264,27.3265,30.3064,25.5265,48084.64,8.11,105.43,32.0,617.236,29.5265,70.061,474.797,513.9,3.623,0.0,0.094847,0.165845,0.117576,0.137576,40.15,-111.86,whole-lake,whole-lake,stream_images/pond-01-step-152.jpg,pond_252,OPTIMUM,fishpond_visual_condition_v2_fixture,synthetic_condition_matched_mapping
2026-09-12T10:25:10+05:30,152,pond-02,heat_low_oxygen_critical,0.76416,synthetic_gradual_stream,CP,LRB-AZ-1201,12.017477,22.0,16.7262,0.2325,1.2717,9.158,33.8774,36.8574,32.0774,50175.48,3.6915,47.989,35.0,665.824,36.0774,50.604,512.172,1002.4,9.877,0.0,0.143491,0.124151,0.093254,0.113254,40.16,-111.85,whole-lake,whole-lake,stream_images/pond-02-step-152.jpg,pond_158,HIGH_PH; HIGH_TEMP,fishpond_visual_condition_v2_fixture,synthetic_condition_matched_mapping
2026-09-12T10:25:10+05:30,152,pond-03,nutrient_light_limited_critical,0.78668,synthetic_gradual_stream,FA,C046,12.017477,28.0,9.2861,0.2247,0.6726,8.7867,21.0666,24.0466,19.2666,47416.03,6.1266,79.646,25.0,142.215,23.2666,49.973,109.396,912.4,10.08,0.0,0.145068,0.122799,0.092466,0.112466,40.14,-111.87,whole-lake,whole-lake,stream_images/pond-03-step-152.jpg,pond_685,LOW_TEMP;HIGH_PH,fishpond_visual_condition_v2_fixture,synthetic_condition_matched_mapping
2026-09-12T10:25:20+05:30,153,pond-01,stable,0.06989,synthetic_gradual_stream,ASU,KA32,12.017593,25.0,51.3373,0.4755,3.0169,8.2269,27.3218,30.3044,25.5218,48085.8,8.1087,105.413,32.0,618.103,29.5218,70.043,475.464,515.0,3.629,0.0,0.094892,0.165807,0.117554,0.137554,40.15,-111.86,whole-lake,whole-lake,stream_images/pond-01-step-153.jpg,pond_253,OPTIMUM,fishpond_visual_condition_v2_fixture,synthetic_condition_matched_mapping
2026-09-12T10:25:20+05:30,153,pond-02,heat_low_oxygen_critical,0.76955,synthetic_gradual_stream,CP,LRB-AZ-1201,12.017593,22.0,16.5265,0.2307,1.2609,9.1659,33.926,36.9085,32.126,50185.2,3.6596,47.575,35.0,668.139,36.126,50.452,513.953,1006.8,9.926,0.0,0.143869,0.123827,0.093066,0.113066,40.16,-111.85,whole-lake,whole-lake,stream_images/pond-02-step-153.jpg,pond_160,HIGH_PH; HIGH_TEMP,fishpond_visual_condition_v2_fixture,synthetic_condition_matched_mapping
2026-09-12T10:25:20+05:30,153,pond-03,nutrient_light_limited_critical,0.79076,synthetic_gradual_stream,FA,C046,12.017593,28.0,9.1373,0.2232,0.6626,8.7908,21.0462,24.0288,19.2462,47423.37,6.1185,79.54,25.0,140.863,23.2462,49.859,108.356,915.5,10.117,0.0,0.145353,0.122554,0.092323,0.112323,40.14,-111.87,whole-lake,whole-lake,stream_images/pond-03-step-153.jpg,pond_686,LOW_TEMP;HIGH_PH,fishpond_visual_condition_v2_fixture,synthetic_condition_matched_mapping
2026-09-12T10:25:30+05:30,154,pond-01,stable,0.07055,synthetic_gradual_stream,ASU,KA32,12.017708,25.0,51.3133,0.4753,3.0157,8.2273,27.3165,30.3015,25.5165,48086.99,8.1075,105.398,32.0,618.911,29.5165,70.025,476.085,516.0,3.635,0.0,0.094939,0.165767,0.117531,0.137531,40.15,-111.86,whole-lake,whole-lake,stream_images/pond-01-step-154.jpg,pond_254,OPTIMUM,fishpond_visual_condition_v2_fixture,synthetic_condition_matched_mapping
2026-09-12T10:25:30+05:30,154,pond-02,heat_low_oxygen_critical,0.77491,synthetic_gradual_stream,CP,LRB-AZ-1201,12.017708,22.0,16.3282,0.2288,1.2502,9.1736,33.9742,36.9592,32.1742,50194.85,3.628,47.164,35.0,670.438,36.1742,50.302,515.722,1011.1,9.974,0.0,0.144244,0.123505,0.092878,0.112878,40.16,-111.85,whole-lake,whole-lake,stream_images/pond-02-step-154.jpg,pond_161,HIGH_PH; HIGH_TEMP,fishpond_visual_condition_v2_fixture,synthetic_condition_matched_mapping
2026-09-12T10:25:30+05:30,154,pond-03,nutrient_light_limited_critical,0.79476,synthetic_gradual_stream,FA,C046,12.017708,28.0,8.9911,0.2218,0.6528,8.7948,21.0262,24.0111,19.2262,47430.57,6.1105,79.436,25.0,139.536,23.2262,49.747,107.335,918.5,10.153,0.0,0.145633,0.122314,0.092183,0.112183,40.14,-111.87,whole-lake,whole-lake,stream_images/pond-03-step-154.jpg,pond_687,LOW_TEMP;HIGH_PH,fishpond_visual_condition_v2_fixture,synthetic_condition_matched_mapping
2026-09-12T10:25:40+05:30,155,pond-01,stable,0.07123,synthetic_gradual_stream,ASU,KA32,12.017824,25.0,51.2892,0.4751,3.0145,8.2277,27.3106,30.2977,25.5106,48088.21,8.1064,105.383,32.0,619.661,29.5106,70.006,476.662,517.1,3.641,0.0,0.094986,0.165726,0.117507,0.137507,40.15,-111.86,whole-lake,whole-lake,stream_images/pond-01-step-155.jpg,pond_255,OPTIMUM,fishpond_visual_condition_v2_fixture,synthetic_condition_matched_mapping
2026-09-12T10:25:40+05:30,155,pond-02,heat_low_oxygen_critical,0.78024,synthetic_gradual_stream,CP,LRB-AZ-1201,12.017824,22.0,16.1313,0.2269,1.2395,9.1813,34.0221,37.0093,32.2221,50204.42,3.5966,46.756,35.0,672.721,36.2221,50.153,517.478,1015.4,10.022,0.0,0.144616,0.123186,0.092692,0.112692,40.16,-111.85,whole-lake,whole-lake,stream_images/pond-02-step-155.jpg,pond_162,HIGH_PH; HIGH_TEMP,fishpond_visual_condition_v2_fixture,synthetic_condition_matched_mapping
2026-09-12T10:25:40+05:30,155,pond-03,nutrient_light_limited_critical,0.79869,synthetic_gradual_stream,FA,C046,12.017824,28.0,8.8477,0.2205,0.6432,8.7987,21.0065,23.9937,19.2065,47437.65,6.1026,79.334,25.0,138.233,23.2065,49.637,106.333,921.5,10.188,0.0,0.145909,0.122078,0.092046,0.112046,40.14,-111.87,whole-lake,whole-lake,stream_images/pond-03-step-155.jpg,pond_688,LOW_TEMP;HIGH_PH,fishpond_visual_condition_v2_fixture,synthetic_condition_matched_mapping
2026-09-12T10:25:50+05:30,156,pond-01,stable,0.07191,synthetic_gradual_stream,ASU,KA32,12.01794,25.0,51.2651,0.4748,3.0133,8.2281,27.304,30.2932,25.504,48089.44,8.1054,105.37,32.0,620.351,29.504,69.986,477.193,518.2,3.647,0.0,0.095034,0.165685,0.117483,0.137483,40.15,-111.86,whole-lake,whole-lake,stream_images/pond-01-step-156.jpg,pond_256,OPTIMUM,fishpond_visual_condition_v2_fixture,synthetic_condition_matched_mapping
2026-09-12T10:25:50+05:30,156,pond-02,heat_low_oxygen_critical,0.78552,synthetic_gradual_stream,CP,LRB-AZ-1201,12.01794,22.0,15.9359,0.2251,1.229,9.189,34.0697,37.0589,32.2697,50213.93,3.5654,46.351,35.0,674.987,36.2697,50.006,519.221,1019.7,10.07,0.0,0.144986,0.122869,0.092507,0.112507,40.16,-111.85,whole-lake,whole-lake,stream_images/pond-02-step-156.jpg,pond_163,HIGH_PH; HIGH_TEMP,fishpond_visual_condition_v2_fixture,synthetic_condition_matched_mapping
2026-09-12T10:25:50+05:30,156,pond-03,nutrient_light_limited_critical,0.80255,synthetic_gradual_stream,FA,C046,12.01794,28.0,8.707,0.2191,0.6338,8.8025,20.9873,23.9765,19.1873,47444.59,6.0949,79.234,25.0,136.956,23.1873,49.529,105.35,924.4,10.223,0.0,0.146178,0.121847,0.091911,0.111911,40.14,-111.87,whole-lake,whole-lake,stream_images/pond-03-step-156.jpg,pond_689,LOW_TEMP;HIGH_PH,fishpond_visual_condition_v2_fixture,synthetic_condition_matched_mapping
2026-09-12T10:26:00+05:30,157,pond-01,stable,0.07261,synthetic_gradual_stream,ASU,KA32,12.018056,25.0,51.241,0.4746,3.012,8.2284,27.2968,30.2879,25.4968,48090.7,8.1045,105.358,32.0,620.983,29.4968,69.967,477.679,519.2,3.653,0.0,0.095083,0.165643,0.117459,0.137459,40.15,-111.86,whole-lake,whole-lake,stream_images/pond-01-step-157.jpg,pond_257,OPTIMUM,fishpond_visual_condition_v2_fixture,synthetic_condition_matched_mapping
2026-09-12T10:26:00+05:30,157,pond-02,heat_low_oxygen_critical,0.79076,synthetic_gradual_stream,CP,LRB-AZ-1201,12.018056,22.0,15.7419,0.2232,1.2185,9.1966,34.1168,37.1079,32.3168,50223.36,3.5345,45.949,35.0,677.235,36.3168,49.859,520.95,1024.0,10.117,0.0,0.145353,0.122555,0.092323,0.112323,40.16,-111.85,whole-lake,whole-lake,stream_images/pond-02-step-157.jpg,pond_164,HIGH_PH; HIGH_TEMP,fishpond_visual_condition_v2_fixture,synthetic_condition_matched_mapping
2026-09-12T10:26:00+05:30,157,pond-03,nutrient_light_limited_critical,0.80632,synthetic_gradual_stream,FA,C046,12.018056,28.0,8.5691,0.2178,0.6245,8.8063,20.9684,23.9594,19.1684,47451.38,6.0874,79.136,25.0,135.703,23.1684,49.423,104.387,927.2,10.257,0.0,0.146443,0.121621,0.091779,0.111779,40.14,-111.87,whole-lake,whole-lake,stream_images/pond-03-step-157.jpg,pond_690,LOW_TEMP;HIGH_PH,fishpond_visual_condition_v2_fixture,synthetic_condition_matched_mapping
2026-09-12T10:26:10+05:30,158,pond-01,stable,0.07332,synthetic_gradual_stream,ASU,KA32,12.018171,25.0,51.2169,0.4743,3.0108,8.2287,27.2891,30.2819,25.4891,48091.97,8.1036,105.347,32.0,621.554,29.4891,69.947,478.119,520.3,3.66,0.0,0.095132,0.165601,0.117434,0.137434,40.15,-111.86,whole-lake,whole-lake,stream_images/pond-01-step-158.jpg,pond_258,OPTIMUM,fishpond_visual_condition_v2_fixture,synthetic_condition_matched_mapping
2026-09-12T10:26:10+05:30,158,pond-02,heat_low_oxygen_critical,0.79596,synthetic_gradual_stream,CP,LRB-AZ-1201,12.018171,22.0,15.5495,0.2214,1.2081,9.2041,34.1636,37.1564,32.3636,50232.72,3.5038,45.55,35.0,679.466,36.3636,49.713,522.666,1028.2,10.164,0.0,0.145717,0.122243,0.092141,0.112141,40.16,-111.85,whole-lake,whole-lake,stream_images/pond-02-step-158.jpg,pond_168,HIGH_PH; HIGH_TEMP,fishpond_visual_condition_v2_fixture,synthetic_condition_matched_mapping
2026-09-12T10:26:10+05:30,158,pond-03,nutrient_light_limited_critical,0.81002,synthetic_gradual_stream,FA,C046,12.018171,28.0,8.4341,0.2165,0.6154,8.81,20.9499,23.9426,19.1499,47458.04,6.08,79.039,25.0,134.477,23.1499,49.319,103.444,930.1,10.29,0.0,0.146702,0.121399,0.091649,0.111649,40.14,-111.87,whole-lake,whole-lake,stream_images/pond-03-step-158.jpg,pond_691,LOW_TEMP;HIGH_PH,fishpond_visual_condition_v2_fixture,synthetic_condition_matched_mapping
2026-09-12T10:26:20+05:30,159,pond-01,stable,0.07404,synthetic_gradual_stream,ASU,KA32,12.018287,25.0,51.1928,0.4741,3.0096,8.229,27.2809,30.2752,25.4809,48093.26,8.1029,105.337,32.0,622.067,29.4809,69.927,478.513,521.3,3.666,0.0,0.095183,0.165558,0.117409,0.137409,40.15,-111.86,whole-lake,whole-lake,stream_images/pond-01-step-159.jpg,pond_259,OPTIMUM,fishpond_visual_condition_v2_fixture,synthetic_condition_matched_mapping
2026-09-12T10:26:20+05:30,159,pond-02,heat_low_oxygen_critical,0.80112,synthetic_gradual_stream,CP,LRB-AZ-1201,12.018287,22.0,15.3587,0.2196,1.1978,9.2116,34.21,37.2043,32.41,50242.01,3.4734,45.154,35.0,681.679,36.41,49.569,524.368,1032.4,10.21,0.0,0.146078,0.121933,0.091961,0.111961,40.16,-111.85,whole-lake,whole-lake,stream_images/pond-02-step-159.jpg,pond_169,HIGH_PH; HIGH_TEMP,fishpond_visual_condition_v2_fixture,synthetic_condition_matched_mapping
2026-09-12T10:26:20+05:30,159,pond-03,nutrient_light_limited_critical,0.81364,synthetic_gradual_stream,FA,C046,12.018287,28.0,8.302,0.2152,0.6066,8.8136,20.9318,23.9261,19.1318,47464.56,6.0727,78.945,25.0,133.277,23.1318,49.218,102.521,932.8,10.323,0.0,0.146955,0.121181,0.091522,0.111522,40.14,-111.87,whole-lake,whole-lake,stream_images/pond-03-step-159.jpg,pond_692,LOW_TEMP;HIGH_PH,fishpond_visual_condition_v2_fixture,synthetic_condition_matched_mapping
2026-09-12T10:26:30+05:30,160,pond-01,stable,0.07476,synthetic_gradual_stream,ASU,KA32,12.018403,25.0,51.1687,0.4738,3.0084,8.2292,27.2722,30.2678,25.4722,48094.57,8.1022,105.328,32.0,622.519,29.4722,69.907,478.861,522.4,3.673,0.0,0.095233,0.165514,0.117383,0.137383,40.15,-111.86,whole-lake,whole-lake,stream_images/pond-01-step-160.jpg,pond_260,OPTIMUM,fishpond_visual_condition_v2_fixture,synthetic_condition_matched_mapping
2026-09-12T10:26:30+05:30,160,pond-02,heat_low_oxygen_critical,0.80623,synthetic_gradual_stream,CP,LRB-AZ-1201,12.018403,22.0,15.1695,0.2178,1.1875,9.219,34.2561,37.2517,32.4561,50251.21,3.4432,44.762,35.0,683.873,36.4561,49.426,526.056,1036.5,10.256,0.0,0.146436,0.121626,0.091782,0.111782,40.16,-111.85,whole-lake,whole-lake,stream_images/pond-02-step-160.jpg,pond_170,HIGH_PH; HIGH_TEMP,fishpond_visual_condition_v2_fixture,synthetic_condition_matched_mapping
2026-09-12T10:26:30+05:30,160,pond-03,nutrient_light_limited_critical,0.81718,synthetic_gradual_stream,FA,C046,12.018403,28.0,8.1729,0.214,0.5979,8.8172,20.9141,23.9097,19.1141,47470.93,6.0656,78.853,25.0,132.104,23.1141,49.119,101.619,935.5,10.355,0.0,0.147203,0.120969,0.091399,0.111399,40.14,-111.87,whole-lake,whole-lake,stream_images/pond-03-step-160.jpg,pond_693,LOW_TEMP;HIGH_PH,fishpond_visual_condition_v2_fixture,synthetic_condition_matched_mapping
2026-09-12T10:26:40+05:30,161,pond-01,stable,0.0755,synthetic_gradual_stream,ASU,KA32,12.018519,25.0,51.1446,0.4736,3.0072,8.2294,27.263,30.2597,25.463,48095.89,8.1016,105.321,32.0,622.912,29.463,69.886,479.163,523.4,3.679,0.0,0.095285,0.16547,0.117358,0.137358,40.15,-111.86,whole-lake,whole-lake,stream_images/pond-01-step-161.jpg,pond_261,OPTIMUM,fishpond_visual_condition_v2_fixture,synthetic_condition_matched_mapping
2026-09-12T10:26:40+05:30,161,pond-02,heat_low_oxygen_critical,0.8113,synthetic_gradual_stream,CP,LRB-AZ-1201,12.018519,22.0,14.9819,0.216,1.1774,9.2264,34.3017,37.2985,32.5017,50260.34,3.4133,44.373,35.0,686.048,36.5017,49.284,527.729,1040.7,10.302,0.0,0.146791,0.121322,0.091605,0.111605,40.16,-111.85,whole-lake,whole-lake,stream_images/pond-02-step-161.jpg,pond_172,HIGH_PH; HIGH_TEMP,fishpond_visual_condition_v2_fixture,synthetic_condition_matched_mapping
2026-09-12T10:26:40+05:30,161,pond-03,nutrient_light_limited_critical,0.82064,synthetic_gradual_stream,FA,C046,12.018519,28.0,8.0467,0.2128,0.5894,8.8206,20.8968,23.8936,19.0968,47477.15,6.0587,78.763,25.0,130.959,23.0968,49.022,100.737,938.2,10.386,0.0,0.147445,0.120762,0.091278,0.111278,40.14,-111.87,whole-lake,whole-lake,stream_images/pond-03-step-161.jpg,pond_694,LOW_TEMP;HIGH_PH,fishpond_visual_condition_v2_fixture,synthetic_condition_matched_mapping
2026-09-12T10:26:50+05:30,162,pond-01,stable,0.07624,synthetic_gradual_stream,ASU,KA32,12.018634,25.0,51.1205,0.4733,3.006,8.2296,27.2533,30.2511,25.4533,48097.23,8.1011,105.315,32.0,623.244,29.4533,69.865,479.418,524.5,3.686,0.0,0.095337,0.165426,0.117332,0.137332,40.15,-111.86,whole-lake,whole-lake,stream_images/pond-01-step-162.jpg,pond_262,OPTIMUM,fishpond_visual_condition_v2_fixture,synthetic_condition_matched_mapping
2026-09-12T10:26:50+05:30,162,pond-02,heat_low_oxygen_critical,0.81632,synthetic_gradual_stream,CP,LRB-AZ-1201,12.018634,22.0,14.796,0.2143,1.1674,9.2337,34.3469,37.3447,32.5469,50269.38,3.3837,43.988,35.0,688.203,36.5469,49.143,529.387,1044.7,10.347,0.0,0.147143,0.121021,0.091429,0.111429,40.16,-111.85,whole-lake,whole-lake,stream_images/pond-02-step-162.jpg,pond_176,HIGH_PH; HIGH_TEMP,fishpond_visual_condition_v2_fixture,synthetic_condition_matched_mapping
2026-09-12T10:26:50+05:30,162,pond-03,nutrient_light_limited_critical,0.82401,synthetic_gradual_stream,FA,C046,12.018634,28.0,7.9236,0.2116,0.5812,8.824,20.8799,23.8777,19.0799,47483.22,6.052,78.676,25.0,129.841,23.0799,48.928,99.877,940.8,10.416,0.0,0.147681,0.120559,0.09116,0.11116,40.14,-111.87,whole-lake,whole-lake,stream_images/pond-03-step-162.jpg,pond_695,LOW_TEMP;HIGH_PH,fishpond_visual_condition_v2_fixture,synthetic_condition_matched_mapping
2026-09-12T10:27:00+05:30,163,pond-01,stable,0.07698,synthetic_gradual_stream,ASU,KA32,12.01875,25.0,51.0964,0.4731,3.0048,8.2297,27.2433,30.2419,25.4433,48098.57,8.1007,105.309,32.0,623.516,29.4433,69.844,479.628,525.5,3.693,0.0,0.095389,0.165381,0.117306,0.137306,40.15,-111.86,whole-lake,whole-lake,stream_images/pond-01-step-163.jpg,pond_263,OPTIMUM,fishpond_visual_condition_v2_fixture,synthetic_condition_matched_mapping
2026-09-12T10:27:00+05:30,163,pond-02,heat_low_oxygen_critical,0.8213,synthetic_gradual_stream,CP,LRB-AZ-1201,12.01875,22.0,14.6118,0.2125,1.1574,9.2409,34.3917,37.3903,32.5917,50278.35,3.3543,43.606,35.0,690.339,36.5917,49.004,531.03,1048.8,10.392,0.0,0.147491,0.120722,0.091254,0.111254,40.16,-111.85,whole-lake,whole-lake,stream_images/pond-02-step-163.jpg,pond_183,HIGH_PH; HIGH_TEMP,fishpond_visual_condition_v2_fixture,synthetic_condition_matched_mapping
2026-09-12T10:27:00+05:30,163,pond-03,nutrient_light_limited_critical,0.8273,synthetic_gradual_stream,FA,C046,12.01875,28.0,7.8036,0.2104,0.5731,8.8273,20.8635,23.8621,19.0635,47489.14,6.0454,78.59,25.0,128.751,23.0635,48.836,99.039,943.4,10.446,0.0,0.147911,0.120362,0.091045,0.111045,40.14,-111.87,whole-lake,whole-lake,stream_images/pond-03-step-163.jpg,pond_696,LOW_TEMP;HIGH_PH,fishpond_visual_condition_v2_fixture,synthetic_condition_matched_mapping
2026-09-12T10:27:10+05:30,164,pond-01,stable,0.07773,synthetic_gradual_stream,ASU,KA32,12.018866,25.0,51.0723,0.4728,3.0036,8.2299,27.2329,30.2321,25.4329,48099.92,8.1004,105.305,32.0,623.728,29.4329,69.823,479.791,526.6,3.7,0.0,0.095441,0.165336,0.117279,0.137279,40.15,-111.86,whole-lake,whole-lake,stream_images/pond-01-step-164.jpg,pond_264,OPTIMUM,fishpond_visual_condition_v2_fixture,synthetic_condition_matched_mapping
2026-09-12T10:27:10+05:30,164,pond-02,heat_low_oxygen_critical,0.82623,synthetic_gradual_stream,CP,LRB-AZ-1201,12.018866,22.0,14.4293,0.2108,1.1475,9.248,34.4361,37.4353,32.6361,50287.22,3.3252,43.228,35.0,692.455,36.6361,48.865,532.657,1052.8,10.436,0.0,0.147836,0.120426,0.091082,0.111082,40.16,-111.85,whole-lake,whole-lake,stream_images/pond-02-step-164.jpg,pond_195,HIGH_PH; HIGH_TEMP,fishpond_visual_condition_v2_fixture,synthetic_condition_matched_mapping
2026-09-12T10:27:10+05:30,164,pond-03,nutrient_light_limited_critical,0.8305,synthetic_gradual_stream,FA,C046,12.018866,28.0,7.6867,0.2093,0.5653,8.8305,20.8475,23.8467,19.0475,47494.9,6.039,78.507,25.0,127.689,23.0475,48.746,98.222,945.9,10.475,0.0,0.148135,0.12017,0.090932,0.110932,40.14,-111.87,whole-lake,whole-lake,stream_images/pond-03-step-164.jpg,pond_697,LOW_TEMP;HIGH_PH,fishpond_visual_condition_v2_fixture,synthetic_condition_matched_mapping
2026-09-12T10:27:20+05:30,165,pond-01,stable,0.07849,synthetic_gradual_stream,ASU,KA32,12.018981,25.0,51.0482,0.4725,3.0024,8.2299,27.2222,30.2219,25.4222,48101.28,8.1002,105.302,32.0,623.879,29.4222,69.802,479.907,527.6,3.706,0.0,0.095494,0.165291,0.117253,0.137253,40.15,-111.86,whole-lake,whole-lake,stream_images/pond-01-step-165.jpg,pond_265,OPTIMUM,fishpond_visual_condition_v2_fixture,synthetic_condition_matched_mapping
2026-09-12T10:27:20+05:30,165,pond-02,heat_low_oxygen_critical,0.83112,synthetic_gradual_stream,CP,LRB-AZ-1201,12.018981,22.0,14.2486,0.2091,1.1378,9.2551,34.4801,37.4797,32.6801,50296.01,3.2964,42.853,35.0,694.55,36.6801,48.729,534.269,1056.8,10.48,0.0,0.148178,0.120133,0.090911,0.110911,40.16,-111.85,whole-lake,whole-lake,stream_images/pond-02-step-165.jpg,pond_196,HIGH_PH; HIGH_TEMP,fishpond_visual_condition_v2_fixture,synthetic_condition_matched_mapping
2026-09-12T10:27:20+05:30,165,pond-03,nutrient_light_limited_critical,0.83361,synthetic_gradual_stream,FA,C046,12.018981,28.0,7.5731,0.2082,0.5576,8.8336,20.8319,23.8316,19.0319,47500.51,6.0328,78.426,25.0,126.657,23.0319,48.659,97.428,948.3,10.503,0.0,0.148353,0.119983,0.090823,0.110823,40.14,-111.87,whole-lake,whole-lake,stream_images/pond-03-step-165.jpg,pond_698,LOW_TEMP;HIGH_PH,fishpond_visual_condition_v2_fixture,synthetic_condition_matched_mapping
2026-09-12T10:27:30+05:30,166,pond-01,stable,0.07924,synthetic_gradual_stream,ASU,KA32,12.019097,25.0,51.0241,0.4723,3.0012,8.23,27.2112,30.2112,25.4112,48102.64,8.1,105.301,32.0,623.97,29.4112,69.781,479.977,528.7,3.713,0.0,0.095547,0.165245,0.117226,0.137226,40.15,-111.86,whole-lake,whole-lake,stream_images/pond-01-step-166.jpg,pond_266,OPTIMUM,fishpond_visual_condition_v2_fixture,synthetic_condition_matched_mapping
2026-09-12T10:27:30+05:30,166,pond-02,heat_low_oxygen_critical,0.83595,synthetic_gradual_stream,CP,LRB-AZ-1201,12.019097,22.0,14.0698,0.2074,1.1281,9.2621,34.5236,37.5235,32.7236,50304.71,3.2679,42.482,35.0,696.624,36.7236,48.593,535.864,1060.8,10.524,0.0,0.148517,0.119843,0.090742,0.110742,40.16,-111.85,whole-lake,whole-lake,stream_images/pond-02-step-166.jpg,pond_199,HIGH_PH; HIGH_TEMP,fishpond_visual_condition_v2_fixture,synthetic_condition_matched_mapping
2026-09-12T10:27:30+05:30,166,pond-03,nutrient_light_limited_critical,0.83664,synthetic_gradual_stream,FA,C046,12.019097,28.0,7.4626,0.2072,0.5502,8.8366,20.8168,23.8167,19.0168,47505.95,6.0267,78.347,25.0,125.654,23.0168,48.574,96.657,950.7,10.53,0.0,0.148565,0.119802,0.090718,0.110718,40.14,-111.87,whole-lake,whole-lake,stream_images/pond-03-step-166.jpg,pond_731,LOW_TEMP;HIGH_PH,fishpond_visual_condition_v2_fixture,synthetic_condition_matched_mapping
2026-09-12T10:27:40+05:30,167,pond-01,stable,0.08,synthetic_gradual_stream,ASU,KA32,12.019213,25.0,51.0,0.472,3.0,8.23,27.2,30.2,25.4,48104.0,8.1,105.3,32.0,624.0,29.4,69.76,480.0,529.7,3.72,0.0,0.0956,0.1652,0.1172,0.1372,40.15,-111.86,whole-lake,whole-lake,stream_images/pond-01-step-167.jpg,pond_267,OPTIMUM,fishpond_visual_condition_v2_fixture,synthetic_condition_matched_mapping
2026-09-12T10:27:40+05:30,167,pond-02,heat_low_oxygen_critical,0.84074,synthetic_gradual_stream,CP,LRB-AZ-1201,12.019213,22.0,13.8927,0.2057,1.1185,9.2691,34.5666,37.5666,32.7666,50313.33,3.2397,42.115,35.0,698.676,36.7666,48.459,537.443,1064.7,10.567,0.0,0.148852,0.119556,0.090574,0.110574,40.16,-111.85,whole-lake,whole-lake,stream_images/pond-02-step-167.jpg,pond_427,HIGH_PH; HIGH_TEMP,fishpond_visual_condition_v2_fixture,synthetic_condition_matched_mapping
2026-09-12T10:27:40+05:30,167,pond-03,nutrient_light_limited_critical,0.83958,synthetic_gradual_stream,FA,C046,12.019213,28.0,7.3555,0.2061,0.543,8.8396,20.8021,23.8021,19.0021,47511.24,6.0208,78.271,25.0,124.681,23.0021,48.492,95.908,953.1,10.556,0.0,0.14877,0.119625,0.090615,0.110615,40.14,-111.87,whole-lake,whole-lake,stream_images/pond-03-step-167.jpg,pond_732,LOW_TEMP;HIGH_PH,fishpond_visual_condition_v2_fixture,synthetic_condition_matched_mapping
2026-09-12T10:27:50+05:30,168,pond-01,stable,0.08076,synthetic_gradual_stream,ASU,KA32,12.019329,25.0,50.9759,0.4717,2.9988,8.23,27.1885,30.1885,25.3885,48105.36,8.1,105.301,32.0,623.97,29.3885,69.739,479.977,518.2,3.727,0.0113,0.095653,0.165155,0.117174,0.137174,40.15,-111.86,whole-lake,whole-lake,stream_images/pond-01-step-168.jpg,pond_268,OPTIMUM,fishpond_visual_condition_v2_fixture,synthetic_condition_matched_mapping
2026-09-12T10:27:50+05:30,168,pond-02,heat_low_oxygen_critical,0.84547,synthetic_gradual_stream,CP,LRB-AZ-1201,12.019329,22.0,13.7176,0.2041,1.1091,9.2759,34.6092,37.6091,32.8092,50321.85,3.2117,41.752,35.0,700.707,36.8092,48.327,539.005,1056.1,10.609,0.0113,0.149183,0.119272,0.090409,0.110409,40.16,-111.85,whole-lake,whole-lake,stream_images/pond-02-step-168.jpg,pond_428,HIGH_PH; HIGH_TEMP,fishpond_visual_condition_v2_fixture,synthetic_condition_matched_mapping
2026-09-12T10:27:50+05:30,168,pond-03,nutrient_light_limited_critical,0.84242,synthetic_gradual_stream,FA,C046,12.019329,28.0,7.2517,0.2052,0.5361,8.8424,20.7879,23.7878,18.9879,47516.35,6.0152,78.197,25.0,123.738,22.9879,48.412,95.183,942.8,10.582,0.0113,0.148969,0.119455,0.090515,0.110515,40.14,-111.87,whole-lake,whole-lake,stream_images/pond-03-step-168.jpg,pond_733,LOW_TEMP;HIGH_PH,fishpond_visual_condition_v2_fixture,synthetic_condition_matched_mapping
2026-09-12T10:28:00+05:30,169,pond-01,stable,0.08151,synthetic_gradual_stream,ASU,KA32,12.019444,25.0,50.9518,0.4715,2.9976,8.2299,27.1769,30.1766,25.3769,48106.72,8.1002,105.302,32.0,623.879,29.3769,69.718,479.907,519.2,3.734,0.0226,0.095706,0.165109,0.117147,0.137147,40.15,-111.86,whole-lake,whole-lake,stream_images/pond-01-step-169.jpg,pond_269,OPTIMUM,fishpond_visual_condition_v2_fixture,synthetic_condition_matched_mapping
2026-09-12T10:28:00+05:30,169,pond-02,heat_low_oxygen_critical,0.85015,synthetic_gradual_stream,CP,LRB-AZ-1201,12.019444,22.0,13.5444,0.2024,1.0997,9.2827,34.6514,37.651,32.8514,50330.27,3.1841,41.393,35.0,702.715,36.8514,48.196,540.55,1059.9,10.651,0.0226,0.149511,0.118991,0.090245,0.110245,40.16,-111.85,whole-lake,whole-lake,stream_images/pond-02-step-169.jpg,pond_429,HIGH_PH; HIGH_TEMP,fishpond_visual_condition_v2_fixture,synthetic_condition_matched_mapping
2026-09-12T10:28:00+05:30,169,pond-03,nutrient_light_limited_critical,0.84517,synthetic_gradual_stream,FA,C046,12.019444,28.0,7.1513,0.2042,0.5293,8.8452,20.7741,23.7738,18.9741,47521.31,6.0097,78.126,25.0,122.826,22.9741,48.335,94.482,945.1,10.607,0.0226,0.149162,0.11929,0.090419,0.110419,40.14,-111.87,whole-lake,whole-lake,stream_images/pond-03-step-169.jpg,pond_734,LOW_TEMP;HIGH_PH,fishpond_visual_condition_v2_fixture,synthetic_condition_matched_mapping
2026-09-12T10:28:10+05:30,170,pond-01,stable,0.08227,synthetic_gradual_stream,ASU,KA32,12.01956,25.0,50.9277,0.4712,2.9964,8.2299,27.1651,30.1643,25.3651,48108.08,8.1004,105.305,32.0,623.728,29.3651,69.697,479.791,520.2,3.74,0.0338,0.095759,0.165064,0.117121,0.137121,40.15,-111.86,whole-lake,whole-lake,stream_images/pond-01-step-170.jpg,pond_270,OPTIMUM,fishpond_visual_condition_v2_fixture,synthetic_condition_matched_mapping
2026-09-12T10:28:10+05:30,170,pond-02,heat_low_oxygen_critical,0.85478,synthetic_gradual_stream,CP,LRB-AZ-1201,12.01956,22.0,13.3731,0.2008,1.0904,9.2894,34.693,37.6922,32.893,50338.6,3.1568,41.038,35.0,704.701,36.893,48.066,542.077,1063.8,10.693,0.0338,0.149835,0.118713,0.090083,0.110083,40.16,-111.85,whole-lake,whole-lake,stream_images/pond-02-step-170.jpg,pond_430,HIGH_PH; HIGH_TEMP,fishpond_visual_condition_v2_fixture,synthetic_condition_matched_mapping
2026-09-12T10:28:10+05:30,170,pond-03,nutrient_light_limited_critical,0.84783,synthetic_gradual_stream,FA,C046,12.01956,28.0,7.0543,0.2033,0.5228,8.8478,20.7609,23.7601,18.9609,47526.09,6.0043,78.056,25.0,121.945,22.9609,48.261,93.804,947.2,10.63,0.0338,0.149348,0.11913,0.090326,0.110326,40.14,-111.87,whole-lake,whole-lake,stream_images/pond-03-step-170.jpg,pond_735,LOW_TEMP;HIGH_PH,fishpond_visual_condition_v2_fixture,synthetic_condition_matched_mapping
2026-09-12T10:28:20+05:30,171,pond-01,stable,0.08302,synthetic_gradual_stream,ASU,KA32,12.019676,25.0,50.9036,0.4709,2.9952,8.2297,27.1533,30.1518,25.3533,48109.43,8.1007,105.309,32.0,623.516,29.3533,69.676,479.628,521.2,3.747,0.0447,0.095811,0.165019,0.117094,0.137094,40.15,-111.86,whole-lake,whole-lake,stream_images/pond-01-step-171.jpg,pond_271,OPTIMUM,fishpond_visual_condition_v2_fixture,synthetic_condition_matched_mapping
2026-09-12T10:28:20+05:30,171,pond-02,heat_low_oxygen_critical,0.85935,synthetic_gradual_stream,CP,LRB-AZ-1201,12.019676,22.0,13.2039,0.1992,1.0813,9.2961,34.7342,37.7328,32.9342,50346.84,3.1298,40.687,35.0,706.663,36.9342,47.938,543.587,1067.5,10.734,0.0447,0.150155,0.118439,0.089923,0.109923,40.16,-111.85,whole-lake,whole-lake,stream_images/pond-02-step-171.jpg,pond_061,HIGH_PH; HIGH_TEMP,fishpond_visual_condition_v2_fixture,synthetic_condition_matched_mapping
2026-09-12T10:28:20+05:30,171,pond-03,nutrient_light_limited_critical,0.85039,synthetic_gradual_stream,FA,C046,12.019676,28.0,6.9608,0.2024,0.5165,8.8504,20.7481,23.7466,18.9481,47530.7,5.9992,77.99,25.0,121.096,22.9481,48.189,93.151,949.4,10.654,0.0447,0.149527,0.118977,0.090236,0.110236,40.14,-111.87,whole-lake,whole-lake,stream_images/pond-03-step-171.jpg,pond_736,LOW_TEMP;HIGH_PH,fishpond_visual_condition_v2_fixture,synthetic_condition_matched_mapping
2026-09-12T10:28:30+05:30,172,pond-01,stable,0.08376,synthetic_gradual_stream,ASU,KA32,12.019792,25.0,50.8795,0.4707,2.994,8.2296,27.1413,30.1391,25.3413,48110.77,8.1011,105.315,32.0,623.244,29.3413,69.655,479.418,522.2,3.754,0.0554,0.095863,0.164974,0.117068,0.137068,40.15,-111.86,whole-lake,whole-lake,stream_images/pond-01-step-172.jpg,pond_272,OPTIMUM,fishpond_visual_condition_v2_fixture,synthetic_condition_matched_mapping
2026-09-12T10:28:30+05:30,172,pond-02,heat_low_oxygen_critical,0.86387,synthetic_gradual_stream,CP,LRB-AZ-1201,12.019792,22.0,13.0366,0.1976,1.0723,9.3026,34.7749,37.7726,32.9749,50354.97,3.1031,40.341,35.0,708.602,36.9749,47.812,545.079,1071.3,10.775,0.0554,0.150471,0.118168,0.089764,0.109764,40.16,-111.85,whole-lake,whole-lake,stream_images/pond-02-step-172.jpg,pond_062,HIGH_PH; HIGH_TEMP,fishpond_visual_condition_v2_fixture,synthetic_condition_matched_mapping
2026-09-12T10:28:30+05:30,172,pond-03,nutrient_light_limited_critical,0.85285,synthetic_gradual_stream,FA,C046,12.019792,28.0,6.8708,0.2015,0.5105,8.8529,20.7357,23.7335,18.9357,47535.14,5.9943,77.926,25.0,120.279,22.9357,48.12,92.522,951.4,10.676,0.0554,0.1497,0.118829,0.09015,0.11015,40.14,-111.87,whole-lake,whole-lake,stream_images/pond-03-step-172.jpg,pond_737,LOW_TEMP;HIGH_PH,fishpond_visual_condition_v2_fixture,synthetic_condition_matched_mapping
2026-09-12T10:28:40+05:30,173,pond-01,stable,0.0845,synthetic_gradual_stream,ASU,KA32,12.019907,25.0,50.8554,0.4704,2.9928,8.2294,27.1293,30.1261,25.3293,48112.11,8.1016,105.321,32.0,622.912,29.3293,69.634,479.163,523.1,3.761,0.0658,0.095915,0.16493,0.117042,0.137042,40.15,-111.86,whole-lake,whole-lake,stream_images/pond-01-step-173.jpg,pond_273,OPTIMUM,fishpond_visual_condition_v2_fixture,synthetic_condition_matched_mapping
2026-09-12T10:28:40+05:30,173,pond-02,heat_low_oxygen_critical,0.86834,synthetic_gradual_stream,CP,LRB-AZ-1201,12.019907,22.0,12.8715,0.1961,1.0633,9.3091,34.8151,37.8118,33.0151,50363.01,3.0768,39.998,35.0,710.517,37.0151,47.687,546.552,1075.0,10.815,0.0658,0.150784,0.1179,0.089608,0.109608,40.16,-111.85,whole-lake,whole-lake,stream_images/pond-02-step-173.jpg,pond_063,HIGH_PH; HIGH_TEMP,fishpond_visual_condition_v2_fixture,synthetic_condition_matched_mapping
2026-09-12T10:28:40+05:30,173,pond-03,nutrient_light_limited_critical,0.85522,synthetic_gradual_stream,FA,C046,12.019907,28.0,6.7844,0.2007,0.5047,8.8552,20.7239,23.7207,18.9239,47539.4,5.9896,77.864,25.0,119.494,22.9239,48.054,91.918,953.4,10.697,0.0658,0.149866,0.118687,0.090067,0.110067,40.14,-111.87,whole-lake,whole-lake,stream_images/pond-03-step-173.jpg,pond_738,LOW_TEMP;HIGH_PH,fishpond_visual_condition_v2_fixture,synthetic_condition_matched_mapping
2026-09-12T10:28:50+05:30,174,pond-01,stable,0.08524,synthetic_gradual_stream,ASU,KA32,12.020023,25.0,50.8313,0.4702,2.9916,8.2292,27.1173,30.113,25.3173,48113.43,8.1022,105.328,32.0,622.519,29.3173,69.613,478.861,524.1,3.767,0.0758,0.095967,0.164886,0.117017,0.137017,40.15,-111.86,whole-lake,whole-lake,stream_images/pond-01-step-174.jpg,pond_274,OPTIMUM,fishpond_visual_condition_v2_fixture,synthetic_condition_matched_mapping
2026-09-12T10:28:50+05:30,174,pond-02,heat_low_oxygen_critical,0.87275,synthetic_gradual_stream,CP,LRB-AZ-1201,12.020023,22.0,12.7084,0.1945,1.0545,9.3155,34.8547,37.8503,33.0547,50370.94,3.0508,39.66,35.0,712.408,37.0547,47.563,548.006,1078.6,10.855,0.0758,0.151092,0.117635,0.089454,0.109454,40.16,-111.85,whole-lake,whole-lake,stream_images/pond-02-step-174.jpg,pond_064,HIGH_PH; HIGH_TEMP,fishpond_visual_condition_v2_fixture,synthetic_condition_matched_mapping
2026-09-12T10:28:50+05:30,174,pond-03,nutrient_light_limited_critical,0.85749,synthetic_gradual_stream,FA,C046,12.020023,28.0,6.7016,0.1999,0.4991,8.8575,20.7125,23.7082,18.9125,47543.48,5.985,77.805,25.0,118.742,22.9125,47.99,91.34,955.3,10.717,0.0758,0.150024,0.118551,0.089988,0.109988,40.14,-111.87,whole-lake,whole-lake,stream_images/pond-03-step-174.jpg,pond_739,LOW_TEMP;HIGH_PH,fishpond_visual_condition_v2_fixture,synthetic_condition_matched_mapping
2026-09-12T10:29:00+05:30,175,pond-01,stable,0.08596,synthetic_gradual_stream,ASU,KA32,12.020139,25.0,50.8072,0.4699,2.9904,8.229,27.1054,30.0997,25.3054,48114.74,8.1029,105.337,32.0,622.067,29.3054,69.593,478.513,525.0,3.774,0.0854,0.096017,0.164842,0.116991,0.136991,40.15,-111.86,whole-lake,whole-lake,stream_images/pond-01-step-175.jpg,pond_275,OPTIMUM,fishpond_visual_condition_v2_fixture,synthetic_condition_matched_mapping
2026-09-12T10:29:00+05:30,175,pond-02,heat_low_oxygen_critical,0.8771,synthetic_gradual_stream,CP,LRB-AZ-1201,12.020139,22.0,12.5474,0.193,1.0458,9.3218,34.8939,37.8881,33.0939,50378.77,3.0251,39.327,35.0,714.274,37.0939,47.441,549.442,1082.3,10.894,0.0854,0.151397,0.117374,0.089302,0.109302,40.16,-111.85,whole-lake,whole-lake,stream_images/pond-02-step-175.jpg,pond_065,HIGH_PH; HIGH_TEMP,fishpond_visual_condition_v2_fixture,synthetic_condition_matched_mapping
2026-09-12T10:29:00+05:30,175,pond-03,nutrient_light_limited_critical,0.85966,synthetic_gradual_stream,FA,C046,12.020139,28.0,6.6225,0.1991,0.4938,8.8597,20.7017,23.696,18.9017,47547.38,5.9807,77.749,25.0,118.023,22.9017,47.93,90.787,957.2,10.737,0.0854,0.150176,0.118421,0.089912,0.109912,40.14,-111.87,whole-lake,whole-lake,stream_images/pond-03-step-175.jpg,pond_740,LOW_TEMP;HIGH_PH,fishpond_visual_condition_v2_fixture,synthetic_condition_matched_mapping
2026-09-12T10:29:10+05:30,176,pond-01,stable,0.08668,synthetic_gradual_stream,ASU,KA32,12.020255,25.0,50.7831,0.4697,2.9892,8.2287,27.0935,30.0863,25.2935,48116.03,8.1036,105.347,32.0,621.554,29.2935,69.573,478.119,526.0,3.78,0.0945,0.096068,0.164799,0.116966,0.136966,40.15,-111.86,whole-lake,whole-lake,stream_images/pond-01-step-176.jpg,pond_276,OPTIMUM,fishpond_visual_condition_v2_fixture,synthetic_condition_matched_mapping
2026-09-12T10:29:10+05:30,176,pond-02,heat_low_oxygen_critical,0.88139,synthetic_gradual_stream,CP,LRB-AZ-1201,12.020255,22.0,12.3887,0.1915,1.0372,9.328,34.9325,37.9252,33.1325,50386.5,2.9998,38.998,35.0,716.115,37.1325,47.321,550.858,1085.8,10.932,0.0945,0.151697,0.117117,0.089151,0.109151,40.16,-111.85,whole-lake,whole-lake,stream_images/pond-02-step-176.jpg,pond_071,HIGH_PH; HIGH_TEMP,fishpond_visual_condition_v2_fixture,synthetic_condition_matched_mapping
2026-09-12T10:29:10+05:30,176,pond-03,nutrient_light_limited_critical,0.86172,synthetic_gradual_stream,FA,C046,12.020255,28.0,6.5471,0.1984,0.4888,8.8617,20.6914,23.6841,18.8914,47551.1,5.9766,77.695,25.0,117.339,22.8914,47.872,90.261,959.0,10.756,0.0945,0.150321,0.118297,0.08984,0.10984,40.14,-111.87,whole-lake,whole-lake,stream_images/pond-03-step-176.jpg,pond_741,LOW_TEMP;HIGH_PH,fishpond_visual_condition_v2_fixture,synthetic_condition_matched_mapping
2026-09-12T10:29:20+05:30,177,pond-01,stable,0.08739,synthetic_gradual_stream,ASU,KA32,12.02037,25.0,50.759,0.4694,2.988,8.2284,27.0817,30.0728,25.2817,48117.3,8.1045,105.358,32.0,620.983,29.2817,69.553,477.679,526.9,3.787,0.103,0.096117,0.164757,0.116941,0.136941,40.15,-111.86,whole-lake,whole-lake,stream_images/pond-01-step-177.jpg,pond_277,OPTIMUM,fishpond_visual_condition_v2_fixture,synthetic_condition_matched_mapping
2026-09-12T10:29:20+05:30,177,pond-02,heat_low_oxygen_critical,0.88562,synthetic_gradual_stream,CP,LRB-AZ-1201,12.02037,22.0,12.2321,0.19,1.0288,9.3341,34.9706,37.9616,33.1706,50394.11,2.9748,38.673,35.0,717.93,37.1706,47.203,552.254,1089.4,10.971,0.103,0.151993,0.116863,0.089003,0.109003,40.16,-111.85,whole-lake,whole-lake,stream_images/pond-02-step-177.jpg,pond_080,HIGH_PH; HIGH_TEMP,fishpond_visual_condition_v2_fixture,synthetic_condition_matched_mapping
2026-09-12T10:29:20+05:30,177,pond-03,nutrient_light_limited_critical,0.86369,synthetic_gradual_stream,FA,C046,12.02037,28.0,6.4755,0.1977,0.484,8.8637,20.6816,23.6726,18.8816,47554.63,5.9726,77.644,25.0,116.688,22.8816,47.817,89.76,960.7,10.773,0.103,0.150458,0.118179,0.089771,0.109771,40.14,-111.87,whole-lake,whole-lake,stream_images/pond-03-step-177.jpg,pond_742,LOW_TEMP;HIGH_PH,fishpond_visual_condition_v2_fixture,synthetic_condition_matched_mapping
2026-09-12T10:29:30+05:30,178,pond-01,stable,0.08809,synthetic_gradual_stream,ASU,KA32,12.020486,25.0,50.7349,0.4692,2.9867,8.2281,27.0701,30.0593,25.2701,48118.56,8.1054,105.37,32.0,620.351,29.2701,69.534,477.193,527.8,3.793,0.111,0.096166,0.164715,0.116917,0.136917,40.15,-111.86,whole-lake,whole-lake,stream_images/pond-01-step-178.jpg,pond_278,OPTIMUM,fishpond_visual_condition_v2_fixture,synthetic_condition_matched_mapping
2026-09-12T10:29:30+05:30,178,pond-02,heat_low_oxygen_critical,0.88979,synthetic_gradual_stream,CP,LRB-AZ-1201,12.020486,22.0,12.0778,0.1886,1.0204,9.3402,35.0081,37.9973,33.2081,50401.62,2.9502,38.353,35.0,719.72,37.2081,47.086,553.631,1092.8,11.008,0.111,0.152285,0.116613,0.088857,0.108857,40.16,-111.85,whole-lake,whole-lake,stream_images/pond-02-step-178.jpg,pond_086,HIGH_PH; HIGH_TEMP,fishpond_visual_condition_v2_fixture,synthetic_condition_matched_mapping
2026-09-12T10:29:30+05:30,178,pond-03,nutrient_light_limited_critical,0.86554,synthetic_gradual_stream,FA,C046,12.020486,28.0,6.4077,0.1971,0.4794,8.8655,20.6723,23.6615,18.8723,47557.98,5.9689,77.596,25.0,116.072,22.8723,47.765,89.286,962.4,10.79,0.111,0.150588,0.118067,0.089706,0.109706,40.14,-111.87,whole-lake,whole-lake,stream_images/pond-03-step-178.jpg,pond_743,LOW_TEMP;HIGH_PH,fishpond_visual_condition_v2_fixture,synthetic_condition_matched_mapping
2026-09-12T10:29:40+05:30,179,pond-01,stable,0.08877,synthetic_gradual_stream,ASU,KA32,12.020602,25.0,50.7108,0.4689,2.9855,8.2277,27.0586,30.0458,25.2586,48119.79,8.1064,105.383,32.0,619.661,29.2586,69.514,476.662,528.7,3.799,0.1183,0.096214,0.164674,0.116893,0.136893,40.15,-111.86,whole-lake,whole-lake,stream_images/pond-01-step-179.jpg,pond_279,OPTIMUM,fishpond_visual_condition_v2_fixture,synthetic_condition_matched_mapping
2026-09-12T10:29:40+05:30,179,pond-02,heat_low_oxygen_critical,0.8939,synthetic_gradual_stream,CP,LRB-AZ-1201,12.020602,22.0,11.9257,0.1871,1.0122,9.3462,35.0451,38.0323,33.2451,50409.02,2.926,38.038,35.0,721.483,37.2451,46.971,554.987,1096.3,11.045,0.1183,0.152573,0.116366,0.088714,0.108714,40.16,-111.85,whole-lake,whole-lake,stream_images/pond-02-step-179.jpg,pond_087,HIGH_PH; HIGH_TEMP,fishpond_visual_condition_v2_fixture,synthetic_condition_matched_mapping
2026-09-12T10:29:40+05:30,179,pond-03,nutrient_light_limited_critical,0.8673,synthetic_gradual_stream,FA,C046,12.020602,28.0,6.3437,0.1964,0.4751,8.8673,20.6635,23.6507,18.8635,47561.13,5.9654,77.55,25.0,115.491,22.8635,47.716,88.84,964.0,10.806,0.1183,0.150711,0.117962,0.089645,0.109645,40.14,-111.87,whole-lake,whole-lake,stream_images/pond-03-step-179.jpg,pond_744,LOW_TEMP;HIGH_PH,fishpond_visual_condition_v2_fixture,synthetic_condition_matched_mapping
2026-09-12T10:29:50+05:30,180,pond-01,stable,0.08945,synthetic_gradual_stream,ASU,KA32,12.020718,25.0,50.6867,0.4687,2.9843,8.2273,27.0474,30.0323,25.2474,48121.01,8.1075,105.398,32.0,618.911,29.2474,69.495,476.085,529.6,3.805,0.1249,0.096261,0.164633,0.116869,0.136869,40.15,-111.86,whole-lake,whole-lake,stream_images/pond-01-step-180.jpg,pond_280,OPTIMUM,fishpond_visual_condition_v2_fixture,synthetic_condition_matched_mapping
2026-09-12T10:29:50+05:30,180,pond-02,heat_low_oxygen_critical,0.89795,synthetic_gradual_stream,CP,LRB-AZ-1201,12.020718,22.0,11.776,0.1857,1.0041,9.352,35.0815,38.0665,33.2815,50416.3,2.9021,37.728,35.0,723.219,37.2815,46.858,556.322,1099.7,11.082,0.1249,0.152856,0.116123,0.088572,0.108572,40.16,-111.85,whole-lake,whole-lake,stream_images/pond-02-step-180.jpg,pond_088,HIGH_PH; HIGH_TEMP,fishpond_visual_condition_v2_fixture,synthetic_condition_matched_mapping
2026-09-12T10:29:50+05:30,180,pond-03,nutrient_light_limited_critical,0.86894,synthetic_gradual_stream,FA,C046,12.020718,28.0,6.2837,0.1959,0.4711,8.8689,20.6553,23.6402,18.8553,47564.09,5.9621,77.508,25.0,114.946,22.8553,47.67,88.42,965.6,10.82,0.1249,0.150826,0.117864,0.089587,0.109587,40.14,-111.87,whole-lake,whole-lake,stream_images/pond-03-step-180.jpg,pond_765,LOW_TEMP;HIGH_PH,fishpond_visual_condition_v2_fixture,synthetic_condition_matched_mapping
2026-09-12T10:30:00+05:30,181,pond-01,stable,0.09011,synthetic_gradual_stream,ASU,KA32,12.020833,25.0,50.6627,0.4685,2.9831,8.2269,27.0363,30.0189,25.2363,48122.2,8.1087,105.413,32.0,618.103,29.2363,69.477,475.464,530.4,3.811,0.1308,0.096308,0.164593,0.116846,0.136846,40.15,-111.86,whole-lake,whole-lake,stream_images/pond-01-step-181.jpg,pond_281,OPTIMUM,fishpond_visual_condition_v2_fixture,synthetic_condition_matched_mapping
2026-09-12T10:30:00+05:30,181,pond-02,heat_low_oxygen_critical,0.90193,synthetic_gradual_stream,CP,LRB-AZ-1201,12.020833,22.0,11.6286,0.1843,0.9961,9.3578,35.1174,38.0999,33.3174,50423.47,2.8786,37.422,35.0,724.928,37.3174,46.746,557.637,1103.0,11.117,0.1308,0.153135,0.115884,0.088432,0.108432,40.16,-111.85,whole-lake,whole-lake,stream_images/pond-02-step-181.jpg,pond_089,HIGH_PH; HIGH_TEMP,fishpond_visual_condition_v2_fixture,synthetic_condition_matched_mapping
2026-09-12T10:30:00+05:30,181,pond-03,nutrient_light_limited_critical,0.87048,synthetic_gradual_stream,FA,C046,12.020833,28.0,6.2276,0.1953,0.4673,8.8705,20.6476,23.6302,18.8476,47566.86,5.959,77.468,25.0,114.437,22.8476,47.627,88.028,967.0,10.834,0.1308,0.150933,0.117771,0.089533,0.109533,40.14,-111.87,whole-lake,whole-lake,stream_images/pond-03-step-181.jpg,pond_766,LOW_TEMP;HIGH_PH,fishpond_visual_condition_v2_fixture,synthetic_condition_matched_mapping
2026-09-12T10:30:10+05:30,182,pond-01,stable,0.09075,synthetic_gradual_stream,ASU,KA32,12.020949,25.0,50.6386,0.4682,2.9819,8.2264,27.0255,30.0055,25.2255,48123.36,8.11,105.43,32.0,617.236,29.2255,69.459,474.797,531.3,3.817,0.136,0.096353,0.164555,0.116824,0.136824,40.15,-111.86,whole-lake,whole-lake,stream_images/pond-01-step-182.jpg,pond_282,OPTIMUM,fishpond_visual_condition_v2_fixture,synthetic_condition_matched_mapping
2026-09-12T10:30:10+05:30,182,pond-02,heat_low_oxygen_critical,0.90585,synthetic_gradual_stream,CP,LRB-AZ-1201,12.020949,22.0,11.4836,0.183,0.9883,9.3635,35.1526,38.1326,33.3526,50430.53,2.8555,37.121,35.0,726.609,37.3526,46.636,558.93,1106.4,11.153,0.136,0.153409,0.115649,0.088295,0.108295,40.16,-111.85,whole-lake,whole-lake,stream_images/pond-02-step-182.jpg,pond_090,HIGH_PH; HIGH_TEMP,fishpond_visual_condition_v2_fixture,synthetic_condition_matched_mapping
2026-09-12T10:30:10+05:30,182,pond-03,nutrient_light_limited_critical,0.8719,synthetic_gradual_stream,FA,C046,12.020949,28.0,6.1755,0.1948,0.4638,8.8719,20.6405,23.6205,18.8405,47569.43,5.9562,77.43,25.0,113.964,22.8405,47.587,87.664,968.4,10.847,0.136,0.151033,0.117686,0.089483,0.109483,40.14,-111.87,whole-lake,whole-lake,stream_images/pond-03-step-182.jpg,pond_767,LOW_TEMP;HIGH_PH,fishpond_visual_condition_v2_fixture,synthetic_condition_matched_mapping
2026-09-12T10:30:20+05:30,183,pond-01,stable,0.09139,synthetic_gradual_stream,ASU,KA32,12.021065,25.0,50.6145,0.468,2.9807,8.2259,27.015,29.9922,25.215,48124.49,8.1114,105.448,32.0,616.311,29.215,69.441,474.086,532.1,3.822,0.1404,0.096397,0.164517,0.116802,0.136802,40.15,-111.86,whole-lake,whole-lake,stream_images/pond-01-step-183.jpg,pond_283,OPTIMUM,fishpond_visual_condition_v2_fixture,synthetic_condition_matched_mapping
2026-09-12T10:30:20+05:30,183,pond-02,heat_low_oxygen_critical,0.9097,synthetic_gradual_stream,CP,LRB-AZ-1201,12.021065,22.0,11.341,0.1816,0.9806,9.3691,35.1873,38.1646,33.3873,50437.46,2.8328,36.826,35.0,728.262,37.3873,46.528,560.202,1109.6,11.187,0.1404,0.153679,0.115418,0.08816,0.10816,40.16,-111.85,whole-lake,whole-lake,stream_images/pond-02-step-183.jpg,pond_095,HIGH_PH; HIGH_TEMP,fishpond_visual_condition_v2_fixture,synthetic_condition_matched_mapping
2026-09-12T10:30:20+05:30,183,pond-03,nutrient_light_limited_critical,0.87322,synthetic_gradual_stream,FA,C046,12.021065,28.0,6.1275,0.1944,0.4606,8.8732,20.6339,23.6112,18.8339,47571.8,5.9536,77.396,25.0,113.528,22.8339,47.55,87.329,969.8,10.859,0.1404,0.151125,0.117607,0.089437,0.109437,40.14,-111.87,whole-lake,whole-lake,stream_images/pond-03-step-183.jpg,pond_768,LOW_TEMP;HIGH_PH,fishpond_visual_condition_v2_fixture,synthetic_condition_matched_mapping
2026-09-12T10:30:30+05:30,184,pond-01,stable,0.092,synthetic_gradual_stream,ASU,KA32,12.021181,25.0,50.5904,0.4678,2.9795,8.2254,27.0048,29.9791,25.2048,48125.6,8.1128,105.467,32.0,615.329,29.2048,69.424,473.33,532.9,3.828,0.144,0.09644,0.16448,0.11678,0.13678,40.15,-111.86,whole-lake,whole-lake,stream_images/pond-01-step-184.jpg,pond_284,OPTIMUM,fishpond_visual_condition_v2_fixture,synthetic_condition_matched_mapping
2026-09-12T10:30:30+05:30,184,pond-02,heat_low_oxygen_critical,0.91349,synthetic_gradual_stream,CP,LRB-AZ-1201,12.021181,22.0,11.2009,0.1803,0.973,9.3746,35.2214,38.1958,33.4214,50444.28,2.8104,36.535,35.0,729.887,37.4214,46.422,561.452,1112.8,11.221,0.144,0.153944,0.115191,0.088028,0.108028,40.16,-111.85,whole-lake,whole-lake,stream_images/pond-02-step-184.jpg,pond_096,HIGH_PH; HIGH_TEMP,fishpond_visual_condition_v2_fixture,synthetic_condition_matched_mapping
2026-09-12T10:30:30+05:30,184,pond-03,nutrient_light_limited_critical,0.87442,synthetic_gradual_stream,FA,C046,12.021181,28.0,6.0836,0.194,0.4577,8.8744,20.6279,23.6022,18.8279,47573.96,5.9512,77.365,25.0,113.129,22.8279,47.516,87.022,971.0,10.87,0.144,0.15121,0.117535,0.089395,0.109395,40.14,-111.87,whole-lake,whole-lake,stream_images/pond-03-step-184.jpg,pond_769,LOW_TEMP;HIGH_PH,fishpond_visual_condition_v2_fixture,synthetic_condition_matched_mapping
2026-09-12T10:30:40+05:30,185,pond-01,stable,0.0926,synthetic_gradual_stream,ASU,KA32,12.021296,25.0,50.5663,0.4676,2.9783,8.2248,26.9949,29.9662,25.1949,48126.67,8.1144,105.487,32.0,614.289,29.1949,69.407,472.53,533.7,3.833,0.1468,0.096482,0.164444,0.116759,0.136759,40.15,-111.86,whole-lake,whole-lake,stream_images/pond-01-step-185.jpg,pond_285,OPTIMUM,fishpond_visual_condition_v2_fixture,synthetic_condition_matched_mapping
2026-09-12T10:30:40+05:30,185,pond-02,heat_low_oxygen_critical,0.91721,synthetic_gradual_stream,CP,LRB-AZ-1201,12.021296,22.0,11.0632,0.179,0.9656,9.38,35.2549,38.2262,33.4549,50450.98,2.7885,36.25,35.0,731.483,37.4549,46.318,562.679,1116.0,11.255,0.1468,0.154205,0.114967,0.087898,0.107898,40.16,-111.85,whole-lake,whole-lake,stream_images/pond-02-step-185.jpg,pond_097,HIGH_PH; HIGH_TEMP,fishpond_visual_condition_v2_fixture,synthetic_condition_matched_mapping
2026-09-12T10:30:40+05:30,185,pond-03,nutrient_light_limited_critical,0.87551,synthetic_gradual_stream,FA,C046,12.021296,28.0,6.0438,0.1936,0.455,8.8755,20.6224,23.5937,18.8224,47575.92,5.949,77.337,25.0,112.767,22.8224,47.486,86.744,972.2,10.88,0.1468,0.151286,0.117469,0.089357,0.109357,40.14,-111.87,whole-lake,whole-lake,stream_images/pond-03-step-185.jpg,pond_770,LOW_TEMP;HIGH_PH,fishpond_visual_condition_v2_fixture,synthetic_condition_matched_mapping
2026-09-12T10:30:50+05:30,186,pond-01,stable,0.09318,synthetic_gradual_stream,ASU,KA32,12.021412,25.0,50.5422,0.4674,2.9771,8.2242,26.9854,29.9534,25.1854,48127.72,8.116,105.508,32.0,613.192,29.1854,69.391,471.686,534.5,3.839,0.1487,0.096522,0.164409,0.116739,0.136739,40.15,-111.86,whole-lake,whole-lake,stream_images/pond-01-step-186.jpg,pond_286,OPTIMUM,fishpond_visual_condition_v2_fixture,synthetic_condition_matched_mapping
2026-09-12T10:30:50+05:30,186,pond-02,heat_low_oxygen_critical,0.92086,synthetic_gradual_stream,CP,LRB-AZ-1201,12.021412,22.0,10.9281,0.1777,0.9583,9.3852,35.2878,38.2558,33.4878,50457.55,2.7669,35.97,35.0,733.05,37.4878,46.216,563.884,1119.1,11.288,0.1487,0.15446,0.114748,0.08777,0.10777,40.16,-111.85,whole-lake,whole-lake,stream_images/pond-02-step-186.jpg,pond_098,HIGH_PH; HIGH_TEMP,fishpond_visual_condition_v2_fixture,synthetic_condition_matched_mapping
2026-09-12T10:30:50+05:30,186,pond-03,nutrient_light_limited_critical,0.87649,synthetic_gradual_stream,FA,C046,12.021412,28.0,6.0082,0.1932,0.4526,8.8765,20.6176,23.5856,18.8176,47577.68,5.947,77.311,25.0,112.444,22.8176,47.458,86.496,973.4,10.888,0.1487,0.151354,0.117411,0.089323,0.109323,40.14,-111.87,whole-lake,whole-lake,stream_images/pond-03-step-186.jpg,pond_771,LOW_TEMP;HIGH_PH,fishpond_visual_condition_v2_fixture,synthetic_condition_matched_mapping
2026-09-12T10:31:00+05:30,187,pond-01,stable,0.09374,synthetic_gradual_stream,ASU,KA32,12.021528,25.0,50.5181,0.4672,2.9759,8.2236,26.9762,29.9408,25.1762,48128.72,8.1177,105.53,32.0,612.038,29.1762,69.375,470.798,535.2,3.844,0.1498,0.096561,0.164376,0.116719,0.136719,40.15,-111.86,whole-lake,whole-lake,stream_images/pond-01-step-187.jpg,pond_287,OPTIMUM,fishpond_visual_condition_v2_fixture,synthetic_condition_matched_mapping
2026-09-12T10:31:00+05:30,187,pond-02,heat_low_oxygen_critical,0.92444,synthetic_gradual_stream,CP,LRB-AZ-1201,12.021528,22.0,10.7956,0.1764,0.9511,9.3904,35.32,38.2846,33.52,50464.0,2.7458,35.695,35.0,734.587,37.52,46.116,565.067,1122.2,11.32,0.1498,0.154711,0.114533,0.087644,0.107644,40.16,-111.85,whole-lake,whole-lake,stream_images/pond-02-step-187.jpg,pond_099,HIGH_PH; HIGH_TEMP,fishpond_visual_condition_v2_fixture,synthetic_condition_matched_mapping
2026-09-12T10:31:00+05:30,187,pond-03,nutrient_light_limited_critical,0.87735,synthetic_gradual_stream,FA,C046,12.021528,28.0,5.9769,0.1929,0.4505,8.8773,20.6133,23.5779,18.8133,47579.22,5.9453,77.289,25.0,112.16,22.8133,47.434,86.277,974.4,10.896,0.1498,0.151414,0.117359,0.089293,0.109293,40.14,-111.87,whole-lake,whole-lake,stream_images/pond-03-step-187.jpg,pond_772,LOW_TEMP;HIGH_PH,fishpond_visual_condition_v2_fixture,synthetic_condition_matched_mapping
2026-09-12T10:31:10+05:30,188,pond-01,stable,0.09428,synthetic_gradual_stream,ASU,KA32,12.021644,25.0,50.494,0.467,2.9747,8.223,26.9674,29.9284,25.1674,48129.7,8.1195,105.553,32.0,610.828,29.1674,69.36,469.868,536.0,3.848,0.15,0.096599,0.164343,0.1167,0.1367,40.15,-111.86,whole-lake,whole-lake,stream_images/pond-01-step-188.jpg,pond_288,OPTIMUM,fishpond_visual_condition_v2_fixture,synthetic_condition_matched_mapping
2026-09-12T10:31:10+05:30,188,pond-02,heat_low_oxygen_critical,0.92796,synthetic_gradual_stream,CP,LRB-AZ-1201,12.021644,22.0,10.6656,0.1752,0.9441,9.3955,35.3516,38.3126,33.5516,50470.32,2.7251,35.426,35.0,736.094,37.5516,46.017,566.226,1125.2,11.352,0.15,0.154957,0.114323,0.087522,0.107522,40.16,-111.85,whole-lake,whole-lake,stream_images/pond-02-step-188.jpg,pond_100,HIGH_PH; HIGH_TEMP,fishpond_visual_condition_v2_fixture,synthetic_condition_matched_mapping
2026-09-12T10:31:10+05:30,188,pond-03,nutrient_light_limited_critical,0.87809,synthetic_gradual_stream,FA,C046,12.021644,28.0,5.9498,0.1927,0.4487,8.8781,20.6096,23.5706,18.8096,47580.56,5.9438,77.27,25.0,111.914,22.8096,47.414,86.088,975.4,10.903,0.15,0.151466,0.117315,0.089267,0.109267,40.14,-111.87,whole-lake,whole-lake,stream_images/pond-03-step-188.jpg,pond_773,LOW_TEMP;HIGH_PH,fishpond_visual_condition_v2_fixture,synthetic_condition_matched_mapping
2026-09-12T10:31:20+05:30,189,pond-01,stable,0.0948,synthetic_gradual_stream,ASU,KA32,12.021759,25.0,50.4699,0.4668,2.9735,8.2223,26.959,29.9163,25.159,48130.63,8.1214,105.578,32.0,609.562,29.159,69.346,468.894,536.7,3.853,0.1493,0.096636,0.164312,0.116682,0.136682,40.15,-111.86,whole-lake,whole-lake,stream_images/pond-01-step-189.jpg,pond_289,OPTIMUM,fishpond_visual_condition_v2_fixture,synthetic_condition_matched_mapping
2026-09-12T10:31:20+05:30,189,pond-02,heat_low_oxygen_critical,0.9314,synthetic_gradual_stream,CP,LRB-AZ-1201,12.021759,22.0,10.5383,0.174,0.9372,9.4005,35.3826,38.3399,33.5826,50476.52,2.7047,35.162,35.0,737.57,37.5826,45.921,567.361,1128.2,11.383,0.1493,0.155198,0.114116,0.087401,0.107401,40.16,-111.85,whole-lake,whole-lake,stream_images/pond-02-step-189.jpg,pond_141,HIGH_PH; HIGH_TEMP,fishpond_visual_condition_v2_fixture,synthetic_condition_matched_mapping
2026-09-12T10:31:20+05:30,189,pond-03,nutrient_light_limited_critical,0.87871,synthetic_gradual_stream,FA,C046,12.021759,28.0,5.9271,0.1925,0.4472,8.8787,20.6065,23.5637,18.8065,47581.68,5.9426,77.254,25.0,111.708,22.8065,47.396,85.929,976.3,10.908,0.1493,0.15151,0.117277,0.089245,0.109245,40.14,-111.87,whole-lake,whole-lake,stream_images/pond-03-step-189.jpg,pond_795,LOW_TEMP;HIGH_PH,fishpond_visual_condition_v2_fixture,synthetic_condition_matched_mapping
2026-09-12T10:31:30+05:30,190,pond-01,stable,0.09529,synthetic_gradual_stream,ASU,KA32,12.021875,25.0,50.4458,0.4666,2.9723,8.2216,26.951,29.9044,25.151,48131.53,8.1233,105.603,32.0,608.241,29.151,69.332,467.878,537.4,3.858,0.1478,0.096671,0.164282,0.116665,0.136665,40.15,-111.86,whole-lake,whole-lake,stream_images/pond-01-step-190.jpg,pond_290,OPTIMUM,fishpond_visual_condition_v2_fixture,synthetic_condition_matched_mapping
2026-09-12T10:31:30+05:30,190,pond-02,heat_low_oxygen_critical,0.93477,synthetic_gradual_stream,CP,LRB-AZ-1201,12.021875,22.0,10.4136,0.1728,0.9305,9.4054,35.4129,38.3663,33.6129,50482.58,2.6849,34.903,35.0,739.015,37.6129,45.827,568.473,1131.1,11.413,0.1478,0.155434,0.113914,0.087283,0.107283,40.16,-111.85,whole-lake,whole-lake,stream_images/pond-02-step-190.jpg,pond_142,HIGH_PH; HIGH_TEMP,fishpond_visual_condition_v2_fixture,synthetic_condition_matched_mapping
2026-09-12T10:31:30+05:30,190,pond-03,nutrient_light_limited_critical,0.87921,synthetic_gradual_stream,FA,C046,12.021875,28.0,5.9088,0.1923,0.4459,8.8792,20.6039,23.5573,18.8039,47582.58,5.9416,77.241,25.0,111.542,22.8039,47.382,85.801,977.1,10.913,0.1478,0.151545,0.117247,0.089228,0.109228,40.14,-111.87,whole-lake,whole-lake,stream_images/pond-03-step-190.jpg,pond_796,LOW_TEMP;HIGH_PH,fishpond_visual_condition_v2_fixture,synthetic_condition_matched_mapping
2026-09-12T10:31:40+05:30,191,pond-01,stable,0.09577,synthetic_gradual_stream,ASU,KA32,12.021991,25.0,50.4217,0.4665,2.9711,8.2209,26.9435,29.8928,25.1435,48132.39,8.1253,105.63,32.0,606.865,29.1435,69.318,466.819,538.0,3.862,0.1455,0.096704,0.164254,0.116648,0.136648,40.15,-111.86,whole-lake,whole-lake,stream_images/pond-01-step-191.jpg,pond_291,OPTIMUM,fishpond_visual_condition_v2_fixture,synthetic_condition_matched_mapping
2026-09-12T10:31:40+05:30,191,pond-02,heat_low_oxygen_critical,0.93806,synthetic_gradual_stream,CP,LRB-AZ-1201,12.021991,22.0,10.2916,0.1717,0.9239,9.4102,35.4426,38.3919,33.6426,50488.52,2.6654,34.65,35.0,740.429,37.6426,45.734,569.561,1134.0,11.443,0.1455,0.155664,0.113716,0.087168,0.107168,40.16,-111.85,whole-lake,whole-lake,stream_images/pond-02-step-191.jpg,pond_151,HIGH_PH; HIGH_TEMP,fishpond_visual_condition_v2_fixture,synthetic_condition_matched_mapping
2026-09-12T10:31:40+05:30,191,pond-03,nutrient_light_limited_critical,0.87959,synthetic_gradual_stream,FA,C046,12.021991,28.0,5.895,0.1921,0.445,8.8796,20.602,23.5514,18.802,47583.26,5.9408,77.231,25.0,111.416,22.802,47.371,85.705,977.9,10.916,0.1455,0.151571,0.117225,0.089214,0.109214,40.14,-111.87,whole-lake,whole-lake,stream_images/pond-03-step-191.jpg,pond_797,LOW_TEMP;HIGH_PH,fishpond_visual_condition_v2_fixture,synthetic_condition_matched_mapping
2026-09-12T10:31:50+05:30,192,pond-01,stable,0.09622,synthetic_gradual_stream,ASU,KA32,12.022106,25.0,50.3976,0.4663,2.9699,8.2201,26.9364,29.8814,25.1364,48133.2,8.1275,105.657,32.0,605.435,29.1364,69.306,465.719,526.2,3.866,0.1423,0.096736,0.164227,0.116632,0.136632,40.15,-111.86,whole-lake,whole-lake,stream_images/pond-01-step-192.jpg,pond_292,OPTIMUM,fishpond_visual_condition_v2_fixture,synthetic_condition_matched_mapping
2026-09-12T10:31:50+05:30,192,pond-02,heat_low_oxygen_critical,0.94129,synthetic_gradual_stream,CP,LRB-AZ-1201,12.022106,22.0,10.1724,0.1705,0.9174,9.4149,35.4716,38.4167,33.6716,50494.32,2.6464,34.403,35.0,741.812,37.6716,45.644,570.625,1124.3,11.472,0.1423,0.15589,0.113523,0.087055,0.107055,40.16,-111.85,whole-lake,whole-lake,stream_images/pond-02-step-192.jpg,pond_152,HIGH_PH; HIGH_TEMP,fishpond_visual_condition_v2_fixture,synthetic_condition_matched_mapping
2026-09-12T10:31:50+05:30,192,pond-03,nutrient_light_limited_critical,0.87985,synthetic_gradual_stream,FA,C046,12.022106,28.0,5.8856,0.1921,0.4444,8.8798,20.6008,23.5458,18.8008,47583.73,5.9403,77.224,25.0,111.331,22.8008,47.364,85.639,966.1,10.919,0.1423,0.151589,0.117209,0.089205,0.109205,40.14,-111.87,whole-lake,whole-lake,stream_images/pond-03-step-192.jpg,pond_798,LOW_TEMP;HIGH_PH,fishpond_visual_condition_v2_fixture,synthetic_condition_matched_mapping
2026-09-12T10:32:00+05:30,193,pond-01,stable,0.09666,synthetic_gradual_stream,ASU,KA32,12.022222,25.0,50.3735,0.4662,2.9687,8.2193,26.9297,29.8704,25.1297,48133.98,8.1297,105.686,32.0,603.95,29.1297,69.294,464.577,526.8,3.87,0.1383,0.096766,0.164201,0.116617,0.136617,40.15,-111.86,whole-lake,whole-lake,stream_images/pond-01-step-193.jpg,pond_293,OPTIMUM,fishpond_visual_condition_v2_fixture,synthetic_condition_matched_mapping
2026-09-12T10:32:00+05:30,193,pond-02,heat_low_oxygen_critical,0.94443,synthetic_gradual_stream,CP,LRB-AZ-1201,12.022222,22.0,10.0559,0.1694,0.9111,9.4194,35.4999,38.4406,33.6999,50499.98,2.6278,34.162,35.0,743.162,37.6999,45.556,571.663,1127.0,11.5,0.1383,0.15611,0.113334,0.086945,0.106945,40.16,-111.85,whole-lake,whole-lake,stream_images/pond-02-step-193.jpg,pond_155,HIGH_PH; HIGH_TEMP,fishpond_visual_condition_v2_fixture,synthetic_condition_matched_mapping
2026-09-12T10:32:00+05:30,193,pond-03,nutrient_light_limited_critical,0.87998,synthetic_gradual_stream,FA,C046,12.022222,28.0,5.8807,0.192,0.444,8.88,20.6001,23.5408,18.8001,47583.96,5.94,77.221,25.0,111.287,22.8001,47.361,85.605,966.7,10.92,0.1383,0.151599,0.117201,0.089201,0.109201,40.14,-111.87,whole-lake,whole-lake,stream_images/pond-03-step-193.jpg,pond_799,LOW_TEMP;HIGH_PH,fishpond_visual_condition_v2_fixture,synthetic_condition_matched_mapping
2026-09-12T10:32:10+05:30,194,pond-01,stable,0.09706,synthetic_gradual_stream,ASU,KA32,12.022338,25.0,50.3494,0.466,2.9675,8.2185,26.9235,29.8596,25.1235,48134.71,8.1319,105.715,32.0,602.413,29.1235,69.282,463.394,527.4,3.874,0.1335,0.096794,0.164176,0.116603,0.136603,40.15,-111.86,whole-lake,whole-lake,stream_images/pond-01-step-194.jpg,pond_294,OPTIMUM,fishpond_visual_condition_v2_fixture,synthetic_condition_matched_mapping
2026-09-12T10:32:10+05:30,194,pond-02,heat_low_oxygen_critical,0.94751,synthetic_gradual_stream,CP,LRB-AZ-1201,12.022338,22.0,9.9423,0.1684,0.905,9.4239,35.5275,38.4637,33.7275,50505.51,2.6097,33.926,35.0,744.48,37.7275,45.47,572.677,1129.7,11.528,0.1335,0.156325,0.11315,0.086837,0.106837,40.16,-111.85,whole-lake,whole-lake,stream_images/pond-02-step-194.jpg,pond_157,HIGH_PH; HIGH_TEMP,fishpond_visual_condition_v2_fixture,synthetic_condition_matched_mapping
2026-09-12T10:32:10+05:30,194,pond-03,nutrient_light_limited_critical,0.87998,synthetic_gradual_stream,FA,C046,12.022338,28.0,5.8807,0.192,0.444,8.88,20.6001,23.5362,18.8001,47583.96,5.94,77.221,25.0,111.287,22.8001,47.361,85.605,967.2,10.92,0.1335,0.151599,0.117201,0.089201,0.109201,40.14,-111.87,whole-lake,whole-lake,stream_images/pond-03-step-194.jpg,pond_847,LOW_TEMP;HIGH_PH,fishpond_visual_condition_v2_fixture,synthetic_condition_matched_mapping
2026-09-12T10:32:20+05:30,195,pond-01,stable,0.09745,synthetic_gradual_stream,ASU,KA32,12.022454,25.0,50.3253,0.4659,2.9663,8.2177,26.9177,29.8492,25.1177,48135.4,8.1343,105.746,32.0,600.822,29.1177,69.272,462.171,528.0,3.877,0.128,0.096821,0.164153,0.116589,0.136589,40.15,-111.86,whole-lake,whole-lake,stream_images/pond-01-step-195.jpg,pond_295,OPTIMUM,fishpond_visual_condition_v2_fixture,synthetic_condition_matched_mapping
2026-09-12T10:32:20+05:30,195,pond-02,heat_low_oxygen_critical,0.9505,synthetic_gradual_stream,CP,LRB-AZ-1201,12.022454,22.0,9.8315,0.1673,0.899,9.4282,35.5545,38.4859,33.7545,50510.9,2.5921,33.697,35.0,745.764,37.7545,45.386,573.665,1132.4,11.554,0.128,0.156535,0.11297,0.086733,0.106733,40.16,-111.85,whole-lake,whole-lake,stream_images/pond-02-step-195.jpg,pond_158,HIGH_PH; HIGH_TEMP,fishpond_visual_condition_v2_fixture,synthetic_condition_matched_mapping
2026-09-12T10:32:20+05:30,195,pond-03,nutrient_light_limited_critical,0.87978,synthetic_gradual_stream,FA,C046,12.022454,28.0,5.8879,0.1921,0.4445,8.8798,20.6011,23.5325,18.8011,47583.61,5.9404,77.226,25.0,111.352,22.8011,47.366,85.655,967.6,10.918,0.128,0.151585,0.117213,0.089208,0.109208,40.14,-111.87,whole-lake,whole-lake,stream_images/pond-03-step-195.jpg,pond_848,LOW_TEMP;HIGH_PH,fishpond_visual_condition_v2_fixture,synthetic_condition_matched_mapping
2026-09-12T10:32:30+05:30,196,pond-01,stable,0.0978,synthetic_gradual_stream,ASU,KA32,12.022569,25.0,50.3012,0.4658,2.9651,8.2168,26.9125,29.839,25.1125,48136.05,8.1367,105.777,32.0,599.18,29.1125,69.262,460.907,528.5,3.88,0.1217,0.096846,0.164132,0.116577,0.136577,40.15,-111.86,whole-lake,whole-lake,stream_images/pond-01-step-196.jpg,pond_296,OPTIMUM,fishpond_visual_condition_v2_fixture,synthetic_condition_matched_mapping
2026-09-12T10:32:30+05:30,196,pond-02,heat_low_oxygen_critical,0.95342,synthetic_gradual_stream,CP,LRB-AZ-1201,12.022569,22.0,9.7236,0.1663,0.8932,9.4325,35.5807,38.5073,33.7807,50516.15,2.5748,33.473,35.0,747.016,37.7807,45.304,574.627,1135.0,11.581,0.1217,0.156739,0.112795,0.08663,0.10663,40.16,-111.85,whole-lake,whole-lake,stream_images/pond-02-step-196.jpg,pond_160,HIGH_PH; HIGH_TEMP,fishpond_visual_condition_v2_fixture,synthetic_condition_matched_mapping
2026-09-12T10:32:30+05:30,196,pond-03,nutrient_light_limited_critical,0.87938,synthetic_gradual_stream,FA,C046,12.022569,28.0,5.9025,0.1922,0.4455,8.8794,20.6031,23.5297,18.8031,47582.89,5.9412,77.236,25.0,111.485,22.8031,47.377,85.757,967.9,10.914,0.1217,0.151557,0.117237,0.089222,0.109222,40.14,-111.87,whole-lake,whole-lake,stream_images/pond-03-step-196.jpg,pond_849,LOW_TEMP;HIGH_PH,fishpond_visual_condition_v2_fixture,synthetic_condition_matched_mapping
2026-09-12T10:32:40+05:30,197,pond-01,stable,0.09814,synthetic_gradual_stream,ASU,KA32,12.022685,25.0,50.2771,0.4657,2.9639,8.2159,26.9076,29.8292,25.1076,48136.64,8.1392,105.81,32.0,597.485,29.1076,69.252,459.604,529.1,3.883,0.1147,0.096869,0.164112,0.116565,0.136565,40.15,-111.86,whole-lake,whole-lake,stream_images/pond-01-step-197.jpg,pond_297,OPTIMUM,fishpond_visual_condition_v2_fixture,synthetic_condition_matched_mapping
2026-09-12T10:32:40+05:30,197,pond-02,heat_low_oxygen_critical,0.95625,synthetic_gradual_stream,CP,LRB-AZ-1201,12.022685,22.0,9.6186,0.1653,0.8875,9.4366,35.6063,38.5278,33.8063,50521.26,2.5581,33.255,35.0,748.233,37.8063,45.225,575.564,1137.5,11.606,0.1147,0.156938,0.112625,0.086531,0.106531,40.16,-111.85,whole-lake,whole-lake,stream_images/pond-02-step-197.jpg,pond_161,HIGH_PH; HIGH_TEMP,fishpond_visual_condition_v2_fixture,synthetic_condition_matched_mapping
2026-09-12T10:32:40+05:30,197,pond-03,nutrient_light_limited_critical,0.87878,synthetic_gradual_stream,FA,C046,12.022685,28.0,5.9246,0.1924,0.447,8.8788,20.6061,23.5277,18.8061,47581.8,5.9424,77.252,25.0,111.685,22.8061,47.394,85.911,968.0,10.909,0.1147,0.151515,0.117273,0.089243,0.109243,40.14,-111.87,whole-lake,whole-lake,stream_images/pond-03-step-197.jpg,pond_850,LOW_TEMP;HIGH_PH,fishpond_visual_condition_v2_fixture,synthetic_condition_matched_mapping
2026-09-12T10:32:50+05:30,198,pond-01,stable,0.09844,synthetic_gradual_stream,ASU,KA32,12.022801,25.0,50.253,0.4655,2.9627,8.215,26.9032,29.8196,25.1032,48137.19,8.1418,105.843,32.0,595.74,29.1032,69.244,458.262,529.6,3.886,0.1071,0.096891,0.164094,0.116555,0.136555,40.15,-111.86,whole-lake,whole-lake,stream_images/pond-01-step-198.jpg,pond_298,OPTIMUM,fishpond_visual_condition_v2_fixture,synthetic_condition_matched_mapping
2026-09-12T10:32:50+05:30,198,pond-02,heat_low_oxygen_critical,0.95901,synthetic_gradual_stream,CP,LRB-AZ-1201,12.022801,22.0,9.5165,0.1643,0.882,9.4406,35.6311,38.5475,33.8311,50526.22,2.5418,33.044,35.0,749.416,37.8311,45.148,576.474,1140.0,11.631,0.1071,0.157131,0.112459,0.086435,0.106435,40.16,-111.85,whole-lake,whole-lake,stream_images/pond-02-step-198.jpg,pond_162,HIGH_PH; HIGH_TEMP,fishpond_visual_condition_v2_fixture,synthetic_condition_matched_mapping
2026-09-12T10:32:50+05:30,198,pond-03,nutrient_light_limited_critical,0.87798,synthetic_gradual_stream,FA,C046,12.022801,28.0,5.9539,0.1927,0.449,8.878,20.6101,23.5265,18.8101,47580.36,5.944,77.273,25.0,111.951,22.8101,47.417,86.116,968.0,10.902,0.1071,0.151458,0.117321,0.089271,0.109271,40.14,-111.87,whole-lake,whole-lake,stream_images/pond-03-step-198.jpg,pond_851,LOW_TEMP;HIGH_PH,fishpond_visual_condition_v2_fixture,synthetic_condition_matched_mapping
2026-09-12T10:33:00+05:30,199,pond-01,stable,0.09872,synthetic_gradual_stream,ASU,KA32,12.022917,25.0,50.2289,0.4654,2.9614,8.214,26.8993,29.8104,25.0993,48137.7,8.1445,105.878,32.0,593.944,29.0993,69.236,456.88,530.1,3.888,0.0988,0.09691,0.164077,0.116545,0.136545,40.15,-111.86,whole-lake,whole-lake,stream_images/pond-01-step-199.jpg,pond_299,OPTIMUM,fishpond_visual_condition_v2_fixture,synthetic_condition_matched_mapping
2026-09-12T10:33:00+05:30,199,pond-02,heat_low_oxygen_critical,0.96169,synthetic_gradual_stream,CP,LRB-AZ-1201,12.022917,22.0,9.4175,0.1634,0.8766,9.4445,35.6552,38.5663,33.8552,50531.04,2.526,32.838,35.0,750.565,37.8552,45.073,577.358,1142.4,11.655,0.0988,0.157318,0.112299,0.086341,0.106341,40.16,-111.85,whole-lake,whole-lake,stream_images/pond-02-step-199.jpg,pond_163,HIGH_PH; HIGH_TEMP,fishpond_visual_condition_v2_fixture,synthetic_condition_matched_mapping
2026-09-12T10:33:00+05:30,199,pond-03,nutrient_light_limited_critical,0.87698,synthetic_gradual_stream,FA,C046,12.022917,28.0,5.9904,0.1931,0.4514,8.877,20.6151,23.5262,18.8151,47578.56,5.946,77.299,25.0,112.283,22.8151,47.445,86.371,967.9,10.893,0.0988,0.151388,0.117381,0.089306,0.109306,40.14,-111.87,whole-lake,whole-lake,stream_images/pond-03-step-199.jpg,pond_852,LOW_TEMP;HIGH_PH,fishpond_visual_condition_v2_fixture,synthetic_condition_matched_mapping
2026-09-12T10:33:10+05:30,200,pond-01,stable,0.09897,synthetic_gradual_stream,ASU,KA32,12.023032,25.0,50.2048,0.4654,2.9602,8.213,26.8958,29.8015,25.0958,48138.15,8.1472,105.913,32.0,592.099,29.0958,69.229,455.461,530.5,3.891,0.09,0.096928,0.164062,0.116536,0.136536,40.15,-111.86,whole-lake,whole-lake,stream_images/pond-01-step-200.jpg,pond_300,OPTIMUM,fishpond_visual_condition_v2_fixture,synthetic_condition_matched_mapping
2026-09-12T10:33:10+05:30,200,pond-02,heat_low_oxygen_critical,0.96429,synthetic_gradual_stream,CP,LRB-AZ-1201,12.023032,22.0,9.3214,0.1625,0.8714,9.4482,35.6786,38.5842,33.8786,50535.72,2.5107,32.639,35.0,751.679,37.8786,45.0,578.214,1144.8,11.679,0.09,0.1575,0.112143,0.08625,0.10625,40.16,-111.85,whole-lake,whole-lake,stream_images/pond-02-step-200.jpg,pond_164,HIGH_PH; HIGH_TEMP,fishpond_visual_condition_v2_fixture,synthetic_condition_matched_mapping
2026-09-12T10:33:10+05:30,200,pond-03,nutrient_light_limited_critical,0.87578,synthetic_gradual_stream,FA,C046,12.023032,28.0,6.0339,0.1935,0.4543,8.8758,20.6211,23.5267,18.8211,47576.41,5.9484,77.33,25.0,112.678,22.8211,47.478,86.675,967.7,10.882,0.09,0.151305,0.117453,0.089348,0.109348,40.14,-111.87,whole-lake,whole-lake,stream_images/pond-03-step-200.jpg,pond_853,LOW_TEMP;HIGH_PH,fishpond_visual_condition_v2_fixture,synthetic_condition_matched_mapping
2026-09-12T10:33:20+05:30,201,pond-01,stable,0.0992,synthetic_gradual_stream,ASU,KA32,12.023148,25.0,50.1807,0.4653,2.959,8.212,26.8928,29.7928,25.0928,48138.56,8.15,105.95,32.0,590.204,29.0928,69.222,454.003,531.0,3.893,0.0807,0.096944,0.164048,0.116528,0.136528,40.15,-111.86,whole-lake,whole-lake,stream_images/pond-01-step-201.jpg,pond_301,OPTIMUM,fishpond_visual_condition_v2_fixture,synthetic_condition_matched_mapping
2026-09-12T10:33:20+05:30,201,pond-02,heat_low_oxygen_critical,0.9668,synthetic_gradual_stream,CP,LRB-AZ-1201,12.023148,22.0,9.2284,0.1616,0.8664,9.4519,35.7012,38.6012,33.9012,50540.24,2.4959,32.446,35.0,752.757,37.9012,44.93,579.044,1147.1,11.701,0.0807,0.157676,0.111992,0.086162,0.106162,40.16,-111.85,whole-lake,whole-lake,stream_images/pond-02-step-201.jpg,pond_168,HIGH_PH; HIGH_TEMP,fishpond_visual_condition_v2_fixture,synthetic_condition_matched_mapping
2026-09-12T10:33:20+05:30,201,pond-03,nutrient_light_limited_critical,0.8744,synthetic_gradual_stream,FA,C046,12.023148,28.0,6.0844,0.194,0.4577,8.8744,20.628,23.528,18.828,47573.92,5.9512,77.366,25.0,113.137,22.828,47.517,87.028,967.4,10.87,0.0807,0.151208,0.117536,0.089396,0.109396,40.14,-111.87,whole-lake,whole-lake,stream_images/pond-03-step-201.jpg,pond_854,LOW_TEMP;HIGH_PH,fishpond_visual_condition_v2_fixture,synthetic_condition_matched_mapping
2026-09-12T10:33:30+05:30,202,pond-01,stable,0.0994,synthetic_gradual_stream,ASU,KA32,12.023264,25.0,50.1566,0.4652,2.9578,8.211,26.8902,29.7845,25.0902,48138.92,8.1529,105.987,32.0,588.261,29.0902,69.217,452.509,531.4,3.895,0.0709,0.096958,0.164036,0.116521,0.136521,40.15,-111.86,whole-lake,whole-lake,stream_images/pond-01-step-202.jpg,pond_302,OPTIMUM,fishpond_visual_condition_v2_fixture,synthetic_condition_matched_mapping
2026-09-12T10:33:30+05:30,202,pond-02,heat_low_oxygen_critical,0.96923,synthetic_gradual_stream,CP,LRB-AZ-1201,12.023264,22.0,9.1385,0.1608,0.8615,9.4554,35.7231,38.6173,33.9231,50544.61,2.4815,32.26,35.0,753.799,37.9231,44.862,579.846,1149.4,11.723,0.0709,0.157846,0.111846,0.086077,0.106077,40.16,-111.85,whole-lake,whole-lake,stream_images/pond-02-step-202.jpg,pond_169,HIGH_PH; HIGH_TEMP,fishpond_visual_condition_v2_fixture,synthetic_condition_matched_mapping
2026-09-12T10:33:30+05:30,202,pond-03,nutrient_light_limited_critical,0.87283,synthetic_gradual_stream,FA,C046,12.023264,28.0,6.1418,0.1945,0.4616,8.8728,20.6359,23.5301,18.8359,47571.09,5.9543,77.406,25.0,113.658,22.8359,47.561,87.429,966.9,10.855,0.0709,0.151098,0.11763,0.089451,0.109451,40.14,-111.87,whole-lake,whole-lake,stream_images/pond-03-step-202.jpg,pond_855,LOW_TEMP;HIGH_PH,fishpond_visual_condition_v2_fixture,synthetic_condition_matched_mapping
2026-09-12T10:33:40+05:30,203,pond-01,stable,0.09957,synthetic_gradual_stream,ASU,KA32,12.02338,25.0,50.1325,0.4652,2.9566,8.2099,26.888,29.7764,25.088,48139.22,8.1558,106.026,32.0,586.271,29.088,69.212,450.977,531.8,3.896,0.0607,0.09697,0.164026,0.116515,0.136515,40.15,-111.86,whole-lake,whole-lake,stream_images/pond-01-step-203.jpg,pond_303,OPTIMUM,fishpond_visual_condition_v2_fixture,synthetic_condition_matched_mapping
2026-09-12T10:33:40+05:30,203,pond-02,heat_low_oxygen_critical,0.97157,synthetic_gradual_stream,CP,LRB-AZ-1201,12.02338,22.0,9.0518,0.1599,0.8569,9.4588,35.7442,38.6325,33.9442,50548.83,2.4677,32.08,35.0,754.805,37.9442,44.796,580.619,1151.6,11.744,0.0607,0.15801,0.111706,0.085995,0.105995,40.16,-111.85,whole-lake,whole-lake,stream_images/pond-02-step-203.jpg,pond_170,HIGH_PH; HIGH_TEMP,fishpond_visual_condition_v2_fixture,synthetic_condition_matched_mapping
2026-09-12T10:33:40+05:30,203,pond-03,nutrient_light_limited_critical,0.87107,synthetic_gradual_stream,FA,C046,12.02338,28.0,6.2059,0.1951,0.4659,8.8711,20.6446,23.533,18.8446,47567.93,5.9579,77.452,25.0,114.24,22.8446,47.61,87.877,966.4,10.84,0.0607,0.150975,0.117736,0.089512,0.109512,40.14,-111.87,whole-lake,whole-lake,stream_images/pond-03-step-203.jpg,pond_856,LOW_TEMP;HIGH_PH,fishpond_visual_condition_v2_fixture,synthetic_condition_matched_mapping
2026-09-12T10:33:50+05:30,204,pond-01,stable,0.09971,synthetic_gradual_stream,ASU,KA32,12.023495,25.0,50.1084,0.4651,2.9554,8.2088,26.8862,29.7686,25.0862,48139.48,8.1588,106.065,32.0,584.233,29.0862,69.208,449.41,532.2,3.897,0.0501,0.09698,0.164017,0.11651,0.13651,40.15,-111.86,whole-lake,whole-lake,stream_images/pond-01-step-204.jpg,pond_304,OPTIMUM,fishpond_visual_condition_v2_fixture,synthetic_condition_matched_mapping
2026-09-12T10:33:50+05:30,204,pond-02,heat_low_oxygen_critical,0.97383,synthetic_gradual_stream,CP,LRB-AZ-1201,12.023495,22.0,8.9682,0.1592,0.8523,9.4621,35.7645,38.6468,33.9645,50552.9,2.4544,31.907,35.0,755.775,37.9645,44.733,581.365,1153.7,11.765,0.0501,0.158168,0.11157,0.085916,0.105916,40.16,-111.85,whole-lake,whole-lake,stream_images/pond-02-step-204.jpg,pond_172,HIGH_PH; HIGH_TEMP,fishpond_visual_condition_v2_fixture,synthetic_condition_matched_mapping
2026-09-12T10:33:50+05:30,204,pond-03,nutrient_light_limited_critical,0.86914,synthetic_gradual_stream,FA,C046,12.023495,28.0,6.2766,0.1958,0.4706,8.8691,20.6543,23.5367,18.8543,47564.44,5.9617,77.502,25.0,114.882,22.8543,47.664,88.371,965.7,10.822,0.0501,0.150839,0.117852,0.08958,0.10958,40.14,-111.87,whole-lake,whole-lake,stream_images/pond-03-step-204.jpg,pond_857,LOW_TEMP;HIGH_PH,fishpond_visual_condition_v2_fixture,synthetic_condition_matched_mapping
2026-09-12T10:34:00+05:30,205,pond-01,stable,0.09982,synthetic_gradual_stream,ASU,KA32,12.023611,25.0,50.0843,0.4651,2.9542,8.2077,26.8849,29.761,25.0849,48139.68,8.1619,106.105,32.0,582.149,29.0849,69.205,447.807,532.5,3.898,0.0393,0.096988,0.164011,0.116506,0.136506,40.15,-111.86,whole-lake,whole-lake,stream_images/pond-01-step-205.jpg,pond_305,OPTIMUM,fishpond_visual_condition_v2_fixture,synthetic_condition_matched_mapping
2026-09-12T10:34:00+05:30,205,pond-02,heat_low_oxygen_critical,0.97601,synthetic_gradual_stream,CP,LRB-AZ-1201,12.023611,22.0,8.8878,0.1584,0.848,9.4652,35.7841,38.6602,33.9841,50556.81,2.4416,31.74,35.0,756.707,37.9841,44.672,582.082,1155.8,11.784,0.0393,0.15832,0.11144,0.08584,0.10584,40.16,-111.85,whole-lake,whole-lake,stream_images/pond-02-step-205.jpg,pond_176,HIGH_PH; HIGH_TEMP,fishpond_visual_condition_v2_fixture,synthetic_condition_matched_mapping
2026-09-12T10:34:00+05:30,205,pond-03,nutrient_light_limited_critical,0.86702,synthetic_gradual_stream,FA,C046,12.023611,28.0,6.3538,0.1965,0.4758,8.867,20.6649,23.5411,18.8649,47560.64,5.966,77.557,25.0,115.583,22.8649,47.723,88.91,964.9,10.803,0.0393,0.150691,0.117979,0.089654,0.109654,40.14,-111.87,whole-lake,whole-lake,stream_images/pond-03-step-205.jpg,pond_858,LOW_TEMP;HIGH_PH,fishpond_visual_condition_v2_fixture,synthetic_condition_matched_mapping
2026-09-12T10:34:10+05:30,206,pond-01,stable,0.09991,synthetic_gradual_stream,ASU,KA32,12.023727,25.0,50.0602,0.465,2.953,8.2066,26.8838,29.7537,25.0838,48139.84,8.1651,106.146,32.0,580.019,29.0838,69.203,446.169,532.8,3.899,0.0282,0.096994,0.164005,0.116503,0.136503,40.15,-111.86,whole-lake,whole-lake,stream_images/pond-01-step-206.jpg,pond_306,OPTIMUM,fishpond_visual_condition_v2_fixture,synthetic_condition_matched_mapping
2026-09-12T10:34:10+05:30,206,pond-02,heat_low_oxygen_critical,0.97809,synthetic_gradual_stream,CP,LRB-AZ-1201,12.023727,22.0,8.8106,0.1577,0.8438,9.4682,35.8028,38.6727,34.0028,50560.57,2.4293,31.58,35.0,757.602,38.0028,44.613,582.77,1157.8,11.803,0.0282,0.158466,0.111314,0.085767,0.105767,40.16,-111.85,whole-lake,whole-lake,stream_images/pond-02-step-206.jpg,pond_183,HIGH_PH; HIGH_TEMP,fishpond_visual_condition_v2_fixture,synthetic_condition_matched_mapping
2026-09-12T10:34:10+05:30,206,pond-03,nutrient_light_limited_critical,0.86473,synthetic_gradual_stream,FA,C046,12.023727,28.0,6.4374,0.1973,0.4814,8.8647,20.6764,23.5462,18.8764,47556.51,5.9705,77.617,25.0,116.342,22.8764,47.788,89.494,964.0,10.783,0.0282,0.150531,0.118116,0.089734,0.109734,40.14,-111.87,whole-lake,whole-lake,stream_images/pond-03-step-206.jpg,pond_859,LOW_TEMP;HIGH_PH,fishpond_visual_condition_v2_fixture,synthetic_condition_matched_mapping
2026-09-12T10:34:20+05:30,207,pond-01,stable,0.09997,synthetic_gradual_stream,ASU,KA32,12.023843,25.0,50.0361,0.465,2.9518,8.2054,26.8832,29.7466,25.0832,48139.94,8.1683,106.188,32.0,577.845,29.0832,69.201,444.496,533.1,3.9,0.017,0.096998,0.164002,0.116501,0.136501,40.15,-111.86,whole-lake,whole-lake,stream_images/pond-01-step-207.jpg,pond_307,OPTIMUM,fishpond_visual_condition_v2_fixture,synthetic_condition_matched_mapping
2026-09-12T10:34:20+05:30,207,pond-02,heat_low_oxygen_critical,0.98009,synthetic_gradual_stream,CP,LRB-AZ-1201,12.023843,22.0,8.7367,0.157,0.8398,9.4711,35.8208,38.6843,34.0208,50564.16,2.4175,31.427,35.0,758.458,38.0208,44.557,583.43,1159.7,11.821,0.017,0.158606,0.111195,0.085697,0.105697,40.16,-111.85,whole-lake,whole-lake,stream_images/pond-02-step-207.jpg,pond_195,HIGH_PH; HIGH_TEMP,fishpond_visual_condition_v2_fixture,synthetic_condition_matched_mapping
2026-09-12T10:34:20+05:30,207,pond-03,nutrient_light_limited_critical,0.86227,synthetic_gradual_stream,FA,C046,12.023843,28.0,6.5273,0.1982,0.4874,8.8623,20.6887,23.5521,18.8887,47552.08,5.9755,77.681,25.0,117.159,22.8887,47.857,90.122,963.0,10.76,0.017,0.150359,0.118264,0.089821,0.109821,40.14,-111.87,whole-lake,whole-lake,stream_images/pond-03-step-207.jpg,pond_860,LOW_TEMP;HIGH_PH,fishpond_visual_condition_v2_fixture,synthetic_condition_matched_mapping
2026-09-12T10:34:30+05:30,208,pond-01,stable,0.1,synthetic_gradual_stream,ASU,KA32,12.023958,25.0,50.012,0.465,2.9506,8.2042,26.8829,29.7398,25.0829,48139.99,8.1716,106.23,32.0,575.626,29.0829,69.2,442.79,533.4,3.9,0.0057,0.097,0.164,0.1165,0.1365,40.15,-111.86,whole-lake,whole-lake,stream_images/pond-01-step-208.jpg,pond_308,OPTIMUM,fishpond_visual_condition_v2_fixture,synthetic_condition_matched_mapping
2026-09-12T10:34:30+05:30,208,pond-02,heat_low_oxygen_critical,0.982,synthetic_gradual_stream,CP,LRB-AZ-1201,12.023958,22.0,8.6661,0.1563,0.836,9.4739,35.838,38.6949,34.038,50567.6,2.4062,31.281,35.0,759.277,38.038,44.504,584.059,1161.6,11.838,0.0057,0.15874,0.11108,0.08563,0.10563,40.16,-111.85,whole-lake,whole-lake,stream_images/pond-02-step-208.jpg,pond_196,HIGH_PH; HIGH_TEMP,fishpond_visual_condition_v2_fixture,synthetic_condition_matched_mapping
2026-09-12T10:34:30+05:30,208,pond-03,nutrient_light_limited_critical,0.85963,synthetic_gradual_stream,FA,C046,12.023958,28.0,6.6234,0.1991,0.4939,8.8596,20.7018,23.5587,18.9018,47547.34,5.9807,77.75,25.0,118.032,22.9018,47.93,90.794,961.9,10.737,0.0057,0.150174,0.118422,0.089913,0.109913,40.14,-111.87,whole-lake,whole-lake,stream_images/pond-03-step-208.jpg,pond_861,LOW_TEMP;HIGH_PH,fishpond_visual_condition_v2_fixture,synthetic_condition_matched_mapping
2026-09-12T10:34:40+05:30,209,pond-01,stable,0.1,synthetic_gradual_stream,ASU,KA32,12.024074,25.0,49.988,0.465,2.9494,8.203,26.8829,29.7331,25.0829,48139.99,8.1749,106.274,32.0,573.365,29.0829,69.2,441.05,533.7,3.9,0.0,0.097,0.164,0.1165,0.1365,40.15,-111.86,whole-lake,whole-lake,stream_images/pond-01-step-209.jpg,pond_309,OPTIMUM,fishpond_visual_condition_v2_fixture,synthetic_condition_matched_mapping
2026-09-12T10:34:40+05:30,209,pond-02,heat_low_oxygen_critical,0.98382,synthetic_gradual_stream,CP,LRB-AZ-1201,12.024074,22.0,8.5988,0.1557,0.8324,9.4765,35.8543,38.7045,34.0543,50570.87,2.3955,31.141,35.0,760.057,38.0543,44.453,584.659,1163.4,11.854,0.0,0.158867,0.110971,0.085566,0.105566,40.16,-111.85,whole-lake,whole-lake,stream_images/pond-02-step-209.jpg,pond_199,HIGH_PH; HIGH_TEMP,fishpond_visual_condition_v2_fixture,synthetic_condition_matched_mapping
2026-09-12T10:34:40+05:30,209,pond-03,nutrient_light_limited_critical,0.85683,synthetic_gradual_stream,FA,C046,12.024074,28.0,6.7255,0.2001,0.5008,8.8568,20.7158,23.566,18.9158,47542.3,5.9863,77.822,25.0,118.959,22.9158,48.009,91.507,960.7,10.712,0.0,0.149978,0.11859,0.090011,0.110011,40.14,-111.87,whole-lake,whole-lake,stream_images/pond-03-step-209.jpg,pond_862,LOW_TEMP;HIGH_PH,fishpond_visual_condition_v2_fixture,synthetic_condition_matched_mapping
2026-09-12T10:34:50+05:30,210,pond-01,stable,0.09997,synthetic_gradual_stream,ASU,KA32,12.02419,25.0,49.9639,0.465,2.9482,8.2018,26.8832,29.7265,25.0832,48139.94,8.1783,106.318,32.0,571.061,29.0832,69.201,439.278,533.9,3.9,0.0,0.096998,0.164002,0.116501,0.136501,40.15,-111.86,whole-lake,whole-lake,stream_images/pond-01-step-210.jpg,pond_310,OPTIMUM,fishpond_visual_condition_v2_fixture,synthetic_condition_matched_mapping
2026-09-12T10:34:50+05:30,210,pond-02,heat_low_oxygen_critical,0.98554,synthetic_gradual_stream,CP,LRB-AZ-1201,12.02419,22.0,8.535,0.1551,0.8289,9.479,35.8699,38.7133,34.0699,50573.97,2.3853,31.009,35.0,760.797,38.0699,44.405,585.229,1165.1,11.87,0.0,0.158988,0.110868,0.085506,0.105506,40.16,-111.85,whole-lake,whole-lake,stream_images/pond-02-step-210.jpg,pond_427,HIGH_PH; HIGH_TEMP,fishpond_visual_condition_v2_fixture,synthetic_condition_matched_mapping
2026-09-12T10:34:50+05:30,210,pond-03,nutrient_light_limited_critical,0.85387,synthetic_gradual_stream,FA,C046,12.02419,28.0,6.8337,0.2011,0.508,8.8539,20.7306,23.574,18.9306,47536.97,5.9923,77.899,25.0,119.941,22.9306,48.092,92.263,959.3,10.685,0.0,0.149771,0.118768,0.090114,0.110114,40.14,-111.87,whole-lake,whole-lake,stream_images/pond-03-step-210.jpg,pond_863,LOW_TEMP;HIGH_PH,fishpond_visual_condition_v2_fixture,synthetic_condition_matched_mapping
2026-09-12T10:35:00+05:30,211,pond-01,stable,0.09991,synthetic_gradual_stream,ASU,KA32,12.024306,25.0,49.9398,0.465,2.947,8.2006,26.8837,29.7202,25.0837,48139.84,8.1818,106.363,32.0,568.715,29.0837,69.203,437.473,534.1,3.899,0.0,0.096994,0.164005,0.116503,0.136503,40.15,-111.86,whole-lake,whole-lake,stream_images/pond-01-step-211.jpg,pond_311,OPTIMUM,fishpond_visual_condition_v2_fixture,synthetic_condition_matched_mapping
2026-09-12T10:35:00+05:30,211,pond-02,heat_low_oxygen_critical,0.98718,synthetic_gradual_stream,CP,LRB-AZ-1201,12.024306,22.0,8.4745,0.1545,0.8256,9.4814,35.8846,38.721,34.0846,50576.92,2.3757,30.884,35.0,761.498,38.0846,44.359,585.768,1166.8,11.885,0.0,0.159102,0.110769,0.085449,0.105449,40.16,-111.85,whole-lake,whole-lake,stream_images/pond-02-step-211.jpg,pond_428,HIGH_PH; HIGH_TEMP,fishpond_visual_condition_v2_fixture,synthetic_condition_matched_mapping
2026-09-12T10:35:00+05:30,211,pond-03,nutrient_light_limited_critical,0.85075,synthetic_gradual_stream,FA,C046,12.024306,28.0,6.9477,0.2022,0.5157,8.8507,20.7463,23.5827,18.9463,47531.35,5.9985,77.981,25.0,120.977,22.9463,48.179,93.059,957.9,10.657,0.0,0.149552,0.118955,0.090224,0.110224,40.14,-111.87,whole-lake,whole-lake,stream_images/pond-03-step-211.jpg,pond_864,LOW_TEMP;HIGH_PH,fishpond_visual_condition_v2_fixture,synthetic_condition_matched_mapping
2026-09-12T10:35:10+05:30,212,pond-01,stable,0.09982,synthetic_gradual_stream,ASU,KA32,12.024421,25.0,49.9157,0.4651,2.9458,8.1993,26.8845,29.7139,25.0845,48139.68,8.1853,106.409,32.0,566.329,29.0845,69.205,435.638,534.3,3.898,0.0,0.096988,0.164011,0.116506,0.136506,40.15,-111.86,whole-lake,whole-lake,stream_images/pond-01-step-212.jpg,pond_312,OPTIMUM,fishpond_visual_condition_v2_fixture,synthetic_condition_matched_mapping
2026-09-12T10:35:10+05:30,212,pond-02,heat_low_oxygen_critical,0.98872,synthetic_gradual_stream,CP,LRB-AZ-1201,12.024421,22.0,8.4175,0.1539,0.8226,9.4836,35.8985,38.7278,34.0985,50579.69,2.3666,30.765,35.0,762.159,38.0985,44.316,586.277,1168.4,11.898,0.0,0.15921,0.110677,0.085395,0.105395,40.16,-111.85,whole-lake,whole-lake,stream_images/pond-02-step-212.jpg,pond_429,HIGH_PH; HIGH_TEMP,fishpond_visual_condition_v2_fixture,synthetic_condition_matched_mapping
2026-09-12T10:35:10+05:30,212,pond-03,nutrient_light_limited_critical,0.84747,synthetic_gradual_stream,FA,C046,12.024421,28.0,7.0674,0.2034,0.5237,8.8475,20.7627,23.592,18.9627,47525.44,6.0051,78.066,25.0,122.064,22.9627,48.271,93.895,956.4,10.627,0.0,0.149323,0.119152,0.090339,0.110339,40.14,-111.87,whole-lake,whole-lake,stream_images/pond-03-step-212.jpg,pond_865,LOW_TEMP;HIGH_PH,fishpond_visual_condition_v2_fixture,synthetic_condition_matched_mapping
2026-09-12T10:35:20+05:30,213,pond-01,stable,0.09971,synthetic_gradual_stream,ASU,KA32,12.024537,25.0,49.8916,0.4651,2.9446,8.198,26.8855,29.7077,25.0855,48139.48,8.1889,106.456,32.0,563.903,29.0855,69.208,433.772,534.4,3.897,0.0,0.09698,0.164017,0.11651,0.13651,40.15,-111.86,whole-lake,whole-lake,stream_images/pond-01-step-213.jpg,pond_313,OPTIMUM,fishpond_visual_condition_v2_fixture,synthetic_condition_matched_mapping
2026-09-12T10:35:20+05:30,213,pond-02,heat_low_oxygen_critical,0.99016,synthetic_gradual_stream,CP,LRB-AZ-1201,12.024537,22.0,8.3639,0.1534,0.8197,9.4857,35.9115,38.7337,34.1115,50582.29,2.358,30.654,35.0,762.78,38.1115,44.275,586.754,1170.0,11.911,0.0,0.159311,0.11059,0.085344,0.105344,40.16,-111.85,whole-lake,whole-lake,stream_images/pond-02-step-213.jpg,pond_430,HIGH_PH; HIGH_TEMP,fishpond_visual_condition_v2_fixture,synthetic_condition_matched_mapping
2026-09-12T10:35:20+05:30,213,pond-03,nutrient_light_limited_critical,0.84403,synthetic_gradual_stream,FA,C046,12.024537,28.0,7.1927,0.2046,0.5321,8.844,20.7798,23.602,18.9798,47519.26,6.0119,78.155,25.0,123.202,22.9798,48.367,94.771,954.8,10.596,0.0,0.149082,0.119358,0.090459,0.110459,40.14,-111.87,whole-lake,whole-lake,stream_images/pond-03-step-213.jpg,pond_866,LOW_TEMP;HIGH_PH,fishpond_visual_condition_v2_fixture,synthetic_condition_matched_mapping
2026-09-12T10:35:30+05:30,214,pond-01,stable,0.09957,synthetic_gradual_stream,ASU,KA32,12.024653,25.0,49.8675,0.4652,2.9434,8.1967,26.8868,29.7017,25.0868,48139.22,8.1925,106.503,32.0,561.438,29.0868,69.212,431.875,534.6,3.896,0.0,0.09697,0.164026,0.116515,0.136515,40.15,-111.86,whole-lake,whole-lake,stream_images/pond-01-step-214.jpg,pond_314,OPTIMUM,fishpond_visual_condition_v2_fixture,synthetic_condition_matched_mapping
2026-09-12T10:35:30+05:30,214,pond-02,heat_low_oxygen_critical,0.99152,synthetic_gradual_stream,CP,LRB-AZ-1201,12.024653,22.0,8.3139,0.153,0.817,9.4877,35.9236,38.7385,34.1236,50584.73,2.3501,30.551,35.0,763.36,38.1236,44.238,587.2,1171.5,11.924,0.0,0.159406,0.110509,0.085297,0.105297,40.16,-111.85,whole-lake,whole-lake,stream_images/pond-02-step-214.jpg,pond_061,HIGH_PH; HIGH_TEMP,fishpond_visual_condition_v2_fixture,synthetic_condition_matched_mapping
2026-09-12T10:35:30+05:30,214,pond-03,nutrient_light_limited_critical,0.84045,synthetic_gradual_stream,FA,C046,12.024653,28.0,7.3236,0.2058,0.5409,8.8404,20.7978,23.6127,18.9978,47512.81,6.0191,78.248,25.0,124.391,22.9978,48.467,95.685,953.1,10.564,0.0,0.148831,0.119573,0.090584,0.110584,40.14,-111.87,whole-lake,whole-lake,stream_images/pond-03-step-214.jpg,pond_867,LOW_TEMP;HIGH_PH,fishpond_visual_condition_v2_fixture,synthetic_condition_matched_mapping
2026-09-12T10:35:40+05:30,215,pond-01,stable,0.0994,synthetic_gradual_stream,ASU,KA32,12.024769,25.0,49.8434,0.4652,2.9422,8.1953,26.8881,29.6956,25.0881,48138.92,8.1963,106.551,32.0,558.935,29.0881,69.217,429.95,534.7,3.895,0.0,0.096958,0.164036,0.116521,0.136521,40.15,-111.86,whole-lake,whole-lake,stream_images/pond-01-step-215.jpg,pond_315,OPTIMUM,fishpond_visual_condition_v2_fixture,synthetic_condition_matched_mapping
2026-09-12T10:35:40+05:30,215,pond-02,heat_low_oxygen_critical,0.99277,synthetic_gradual_stream,CP,LRB-AZ-1201,12.024769,22.0,8.2675,0.1525,0.8145,9.4895,35.9349,38.7424,34.1349,50586.99,2.3427,30.454,35.0,763.899,38.1349,44.202,587.614,1172.9,11.935,0.0,0.159494,0.110434,0.085253,0.105253,40.16,-111.85,whole-lake,whole-lake,stream_images/pond-02-step-215.jpg,pond_062,HIGH_PH; HIGH_TEMP,fishpond_visual_condition_v2_fixture,synthetic_condition_matched_mapping
2026-09-12T10:35:40+05:30,215,pond-03,nutrient_light_limited_critical,0.83672,synthetic_gradual_stream,FA,C046,12.024769,28.0,7.4599,0.2071,0.55,8.8367,20.8164,23.6239,19.0164,47506.09,6.0266,78.345,25.0,125.629,23.0164,48.572,96.638,951.3,10.53,0.0,0.14857,0.119797,0.090715,0.110715,40.14,-111.87,whole-lake,whole-lake,stream_images/pond-03-step-215.jpg,pond_868,LOW_TEMP;HIGH_PH,fishpond_visual_condition_v2_fixture,synthetic_condition_matched_mapping
2026-09-12T10:35:50+05:30,216,pond-01,stable,0.0992,synthetic_gradual_stream,ASU,KA32,12.024884,25.0,49.8193,0.4653,2.941,8.194,26.8896,29.6896,25.0896,48138.56,8.2,106.6,32.0,556.394,29.0896,69.222,427.996,522.2,3.893,0.0,0.096944,0.164048,0.116528,0.136528,40.15,-111.86,whole-lake,whole-lake,stream_images/pond-01-step-216.jpg,pond_316,OPTIMUM,fishpond_visual_condition_v2_fixture,synthetic_condition_matched_mapping
2026-09-12T10:35:50+05:30,216,pond-02,heat_low_oxygen_critical,0.99393,synthetic_gradual_stream,CP,LRB-AZ-1201,12.024884,22.0,8.2246,0.1521,0.8121,9.4912,35.9454,38.7453,34.1454,50589.07,2.3358,30.366,35.0,764.396,38.1454,44.17,587.997,1161.7,11.945,0.0,0.159575,0.110364,0.085212,0.105212,40.16,-111.85,whole-lake,whole-lake,stream_images/pond-02-step-216.jpg,pond_063,HIGH_PH; HIGH_TEMP,fishpond_visual_condition_v2_fixture,synthetic_condition_matched_mapping
2026-09-12T10:35:50+05:30,216,pond-03,nutrient_light_limited_critical,0.83284,synthetic_gradual_stream,FA,C046,12.024884,28.0,7.6015,0.2085,0.5596,8.8328,20.8358,23.6358,19.0358,47499.1,6.0343,78.446,25.0,126.915,23.0358,48.681,97.627,936.9,10.496,0.0,0.148298,0.12003,0.090851,0.110851,40.14,-111.87,whole-lake,whole-lake,stream_images/pond-03-step-216.jpg,pond_869,LOW_TEMP;HIGH_PH,fishpond_visual_condition_v2_fixture,synthetic_condition_matched_mapping
2026-09-12T10:36:00+05:30,217,pond-01,stable,0.09897,synthetic_gradual_stream,ASU,KA32,12.025,25.0,49.7952,0.4654,2.9398,8.1926,26.8912,29.6836,25.0912,48138.15,8.2038,106.65,32.0,553.817,29.0912,69.229,426.013,522.3,3.891,0.0,0.096928,0.164062,0.116536,0.136536,40.15,-111.86,whole-lake,whole-lake,stream_images/pond-01-step-217.jpg,pond_317,OPTIMUM,fishpond_visual_condition_v2_fixture,synthetic_condition_matched_mapping
2026-09-12T10:36:00+05:30,217,pond-02,heat_low_oxygen_critical,0.99499,synthetic_gradual_stream,CP,LRB-AZ-1201,12.025,22.0,8.1854,0.1518,0.81,9.4927,35.9549,38.7473,34.1549,50590.98,2.3296,30.284,35.0,764.851,38.1549,44.14,588.347,1163.0,11.955,0.0,0.159649,0.110301,0.085175,0.105175,40.16,-111.85,whole-lake,whole-lake,stream_images/pond-02-step-217.jpg,pond_064,HIGH_PH; HIGH_TEMP,fishpond_visual_condition_v2_fixture,synthetic_condition_matched_mapping
2026-09-12T10:36:00+05:30,217,pond-03,nutrient_light_limited_critical,0.82881,synthetic_gradual_stream,FA,C046,12.025,28.0,7.7483,0.2099,0.5694,8.8288,20.8559,23.6483,19.0559,47491.87,6.0424,78.551,25.0,128.248,23.0559,48.793,98.652,934.9,10.459,0.0,0.148017,0.120271,0.090992,0.110992,40.14,-111.87,whole-lake,whole-lake,stream_images/pond-03-step-217.jpg,pond_870,LOW_TEMP;HIGH_PH,fishpond_visual_condition_v2_fixture,synthetic_condition_matched_mapping
2026-09-12T10:36:10+05:30,218,pond-01,stable,0.09872,synthetic_gradual_stream,ASU,KA32,12.025116,25.0,49.7711,0.4654,2.9386,8.1912,26.8928,29.6775,25.0928,48137.7,8.2077,106.7,32.0,551.205,29.0928,69.236,424.004,522.3,3.888,0.0,0.09691,0.164077,0.116545,0.136545,40.15,-111.86,whole-lake,whole-lake,stream_images/pond-01-step-218.jpg,pond_318,OPTIMUM,fishpond_visual_condition_v2_fixture,synthetic_condition_matched_mapping
2026-09-12T10:36:10+05:30,218,pond-02,heat_low_oxygen_critical,0.99595,synthetic_gradual_stream,CP,LRB-AZ-1201,12.025116,22.0,8.1498,0.1514,0.8081,9.4941,35.9636,38.7482,34.1636,50592.71,2.3239,30.21,35.0,765.263,38.1636,44.113,588.664,1164.2,11.964,0.0,0.159717,0.110243,0.085142,0.105142,40.16,-111.85,whole-lake,whole-lake,stream_images/pond-02-step-218.jpg,pond_065,HIGH_PH; HIGH_TEMP,fishpond_visual_condition_v2_fixture,synthetic_condition_matched_mapping
2026-09-12T10:36:10+05:30,218,pond-03,nutrient_light_limited_critical,0.82465,synthetic_gradual_stream,FA,C046,12.025116,28.0,7.9002,0.2114,0.5796,8.8247,20.8767,23.6614,19.0767,47484.38,6.0507,78.659,25.0,129.627,23.0767,48.91,99.713,932.9,10.422,0.0,0.147726,0.120521,0.091137,0.111137,40.14,-111.87,whole-lake,whole-lake,stream_images/pond-03-step-218.jpg,pond_871,LOW_TEMP;HIGH_PH,fishpond_visual_condition_v2_fixture,synthetic_condition_matched_mapping
2026-09-12T10:36:20+05:30,219,pond-01,stable,0.09844,synthetic_gradual_stream,ASU,KA32,12.025231,25.0,49.747,0.4655,2.9373,8.1898,26.8945,29.6713,25.0945,48137.19,8.2116,106.751,32.0,548.559,29.0945,69.244,421.968,522.4,3.886,0.0,0.096891,0.164094,0.116555,0.136555,40.15,-111.86,whole-lake,whole-lake,stream_images/pond-01-step-219.jpg,pond_319,OPTIMUM,fishpond_visual_condition_v2_fixture,synthetic_condition_matched_mapping
2026-09-12T10:36:20+05:30,219,pond-02,heat_low_oxygen_critical,0.99681,synthetic_gradual_stream,CP,LRB-AZ-1201,12.025231,22.0,8.1179,0.1511,0.8064,9.4954,35.9713,38.7481,34.1713,50594.26,2.3188,30.144,35.0,765.633,38.1713,44.089,588.949,1165.3,11.971,0.0,0.159777,0.110191,0.085112,0.105112,40.16,-111.85,whole-lake,whole-lake,stream_images/pond-02-step-219.jpg,pond_071,HIGH_PH; HIGH_TEMP,fishpond_visual_condition_v2_fixture,synthetic_condition_matched_mapping
2026-09-12T10:36:20+05:30,219,pond-03,nutrient_light_limited_critical,0.82036,synthetic_gradual_stream,FA,C046,12.025231,28.0,8.057,0.2129,0.5901,8.8204,20.8982,23.675,19.0982,47476.64,6.0593,78.771,25.0,131.052,23.0982,49.03,100.809,930.7,10.383,0.0,0.147425,0.120779,0.091288,0.111288,40.14,-111.87,whole-lake,whole-lake,stream_images/pond-03-step-219.jpg,pond_872,LOW_TEMP;HIGH_PH,fishpond_visual_condition_v2_fixture,synthetic_condition_matched_mapping
2026-09-12T10:36:30+05:30,220,pond-01,stable,0.09814,synthetic_gradual_stream,ASU,KA32,12.025347,25.0,49.7229,0.4657,2.9361,8.1884,26.8962,29.6651,25.0962,48136.64,8.2156,106.802,32.0,545.879,29.0962,69.252,419.907,522.4,3.883,0.0,0.096869,0.164112,0.116565,0.136565,40.15,-111.86,whole-lake,whole-lake,stream_images/pond-01-step-220.jpg,pond_320,OPTIMUM,fishpond_visual_condition_v2_fixture,synthetic_condition_matched_mapping
2026-09-12T10:36:30+05:30,220,pond-02,heat_low_oxygen_critical,0.99757,synthetic_gradual_stream,CP,LRB-AZ-1201,12.025347,22.0,8.0897,0.1508,0.8049,9.4965,35.9782,38.747,34.1782,50595.63,2.3143,30.086,35.0,765.96,38.1782,44.068,589.2,1166.4,11.978,0.0,0.15983,0.110146,0.085085,0.105085,40.16,-111.85,whole-lake,whole-lake,stream_images/pond-02-step-220.jpg,pond_080,HIGH_PH; HIGH_TEMP,fishpond_visual_condition_v2_fixture,synthetic_condition_matched_mapping
2026-09-12T10:36:30+05:30,220,pond-03,nutrient_light_limited_critical,0.81593,synthetic_gradual_stream,FA,C046,12.025347,28.0,8.2187,0.2144,0.601,8.8159,20.9204,23.6892,19.1204,47468.67,6.0681,78.886,25.0,132.521,23.1204,49.154,101.939,928.5,10.343,0.0,0.147115,0.121044,0.091443,0.111443,40.14,-111.87,whole-lake,whole-lake,stream_images/pond-03-step-220.jpg,pond_873,LOW_TEMP;HIGH_PH,fishpond_visual_condition_v2_fixture,synthetic_condition_matched_mapping
2026-09-12T10:36:40+05:30,221,pond-01,stable,0.0978,synthetic_gradual_stream,ASU,KA32,12.025463,25.0,49.6988,0.4658,2.9349,8.187,26.8979,29.6587,25.0979,48136.05,8.2196,106.855,32.0,543.166,29.0979,69.262,417.82,522.3,3.88,0.0,0.096846,0.164132,0.116577,0.136577,40.15,-111.86,whole-lake,whole-lake,stream_images/pond-01-step-221.jpg,pond_723,OPTIMUM,fishpond_visual_condition_v2_fixture,synthetic_condition_matched_mapping
2026-09-12T10:36:40+05:30,221,pond-02,heat_low_oxygen_critical,0.99823,synthetic_gradual_stream,CP,LRB-AZ-1201,12.025463,22.0,8.0653,0.1506,0.8035,9.4974,35.9841,38.745,34.1841,50596.82,2.3104,30.035,35.0,766.242,38.1841,44.049,589.417,1167.4,11.984,0.0,0.159876,0.110106,0.085062,0.105062,40.16,-111.85,whole-lake,whole-lake,stream_images/pond-02-step-221.jpg,pond_086,HIGH_PH; HIGH_TEMP,fishpond_visual_condition_v2_fixture,synthetic_condition_matched_mapping
2026-09-12T10:36:40+05:30,221,pond-03,nutrient_light_limited_critical,0.81136,synthetic_gradual_stream,FA,C046,12.025463,28.0,8.3852,0.216,0.6122,8.8114,20.9432,23.704,19.1432,47460.46,6.0773,79.005,25.0,134.033,23.1432,49.282,103.102,926.2,10.302,0.0,0.146796,0.121318,0.091602,0.111602,40.14,-111.87,whole-lake,whole-lake,stream_images/pond-03-step-221.jpg,pond_874,LOW_TEMP;HIGH_PH,fishpond_visual_condition_v2_fixture,synthetic_condition_matched_mapping
2026-09-12T10:36:50+05:30,222,pond-01,stable,0.09745,synthetic_gradual_stream,ASU,KA32,12.025579,25.0,49.6747,0.4659,2.9337,8.1855,26.8995,29.6522,25.0995,48135.4,8.2236,106.907,32.0,540.422,29.0995,69.272,415.709,522.3,3.877,0.0,0.096821,0.164153,0.116589,0.136589,40.15,-111.86,whole-lake,whole-lake,stream_images/pond-01-step-222.jpg,pond_724,OPTIMUM,fishpond_visual_condition_v2_fixture,synthetic_condition_matched_mapping
2026-09-12T10:36:50+05:30,222,pond-02,heat_low_oxygen_critical,0.99879,synthetic_gradual_stream,CP,LRB-AZ-1201,12.025579,22.0,8.0448,0.1504,0.8024,9.4982,35.9891,38.7418,34.1891,50597.82,2.3071,29.993,35.0,766.481,38.1891,44.034,589.601,1168.3,11.989,0.0,0.159915,0.110073,0.085042,0.105042,40.16,-111.85,whole-lake,whole-lake,stream_images/pond-02-step-222.jpg,pond_087,HIGH_PH; HIGH_TEMP,fishpond_visual_condition_v2_fixture,synthetic_condition_matched_mapping
2026-09-12T10:36:50+05:30,222,pond-03,nutrient_light_limited_critical,0.80668,synthetic_gradual_stream,FA,C046,12.025579,28.0,8.5563,0.2177,0.6236,8.8067,20.9666,23.7193,19.1666,47452.02,6.0866,79.126,25.0,135.587,23.1666,49.413,104.297,923.8,10.26,0.0,0.146467,0.121599,0.091766,0.111766,40.14,-111.87,whole-lake,whole-lake,stream_images/pond-03-step-222.jpg,pond_875,LOW_TEMP;HIGH_PH,fishpond_visual_condition_v2_fixture,synthetic_condition_matched_mapping
2026-09-12T10:37:00+05:30,223,pond-01,stable,0.09706,synthetic_gradual_stream,ASU,KA32,12.025694,25.0,49.6506,0.466,2.9325,8.184,26.901,29.6455,25.101,48134.71,8.2277,106.961,32.0,537.647,29.101,69.282,413.574,522.2,3.874,0.0,0.096794,0.164176,0.116603,0.136603,40.15,-111.86,whole-lake,whole-lake,stream_images/pond-01-step-223.jpg,pond_725,OPTIMUM,fishpond_visual_condition_v2_fixture,synthetic_condition_matched_mapping
2026-09-12T10:37:00+05:30,223,pond-02,heat_low_oxygen_critical,0.99924,synthetic_gradual_stream,CP,LRB-AZ-1201,12.025694,22.0,8.028,0.1503,0.8015,9.4989,35.9932,38.7377,34.1932,50598.64,2.3045,29.958,35.0,766.675,38.1932,44.021,589.75,1169.2,11.993,0.0,0.159947,0.110045,0.085026,0.105026,40.16,-111.85,whole-lake,whole-lake,stream_images/pond-02-step-223.jpg,pond_088,HIGH_PH; HIGH_TEMP,fishpond_visual_condition_v2_fixture,synthetic_condition_matched_mapping
2026-09-12T10:37:00+05:30,223,pond-03,nutrient_light_limited_critical,0.80186,synthetic_gradual_stream,FA,C046,12.025694,28.0,8.7319,0.2193,0.6354,8.8019,20.9907,23.7352,19.1907,47443.36,6.0963,79.252,25.0,137.182,23.1907,49.548,105.525,921.3,10.217,0.0,0.146131,0.121888,0.091935,0.111935,40.14,-111.87,whole-lake,whole-lake,stream_images/pond-03-step-223.jpg,pond_876,LOW_TEMP;HIGH_PH,fishpond_visual_condition_v2_fixture,synthetic_condition_matched_mapping
2026-09-12T10:37:10+05:30,224,pond-01,stable,0.09666,synthetic_gradual_stream,ASU,KA32,12.02581,25.0,49.6265,0.4662,2.9313,8.1825,26.9024,29.6386,25.1024,48133.98,8.2319,107.015,32.0,534.842,29.1024,69.294,411.417,522.2,3.87,0.0,0.096766,0.164201,0.116617,0.136617,40.15,-111.86,whole-lake,whole-lake,stream_images/pond-01-step-224.jpg,pond_726,OPTIMUM,fishpond_visual_condition_v2_fixture,synthetic_condition_matched_mapping
2026-09-12T10:37:10+05:30,224,pond-02,heat_low_oxygen_critical,0.99959,synthetic_gradual_stream,CP,LRB-AZ-1201,12.02581,22.0,8.0151,0.1501,0.8008,9.4994,35.9963,38.7325,34.1963,50599.26,2.3024,29.931,35.0,766.824,38.1963,44.011,589.865,1169.9,11.996,0.0,0.159971,0.110025,0.085014,0.105014,40.16,-111.85,whole-lake,whole-lake,stream_images/pond-02-step-224.jpg,pond_089,HIGH_PH; HIGH_TEMP,fishpond_visual_condition_v2_fixture,synthetic_condition_matched_mapping
2026-09-12T10:37:10+05:30,224,pond-03,nutrient_light_limited_critical,0.79693,synthetic_gradual_stream,FA,C046,12.02581,28.0,8.912,0.2211,0.6475,8.7969,21.0153,23.7516,19.2153,47434.48,6.1061,79.38,25.0,138.817,23.2153,49.686,106.783,918.8,10.172,0.0,0.145785,0.122184,0.092107,0.112107,40.14,-111.87,whole-lake,whole-lake,stream_images/pond-03-step-224.jpg,pond_877,LOW_TEMP;HIGH_PH,fishpond_visual_condition_v2_fixture,synthetic_condition_matched_mapping
2026-09-12T10:37:20+05:30,225,pond-01,stable,0.09622,synthetic_gradual_stream,ASU,KA32,12.025926,25.0,49.6024,0.4663,2.9301,8.181,26.9036,29.6314,25.1036,48133.2,8.2361,107.069,32.0,532.009,29.1036,69.306,409.238,522.0,3.866,0.0,0.096736,0.164227,0.116632,0.136632,40.15,-111.86,whole-lake,whole-lake,stream_images/pond-01-step-225.jpg,pond_727,OPTIMUM,fishpond_visual_condition_v2_fixture,synthetic_condition_matched_mapping
2026-09-12T10:37:20+05:30,225,pond-02,heat_low_oxygen_critical,0.99983,synthetic_gradual_stream,CP,LRB-AZ-1201,12.025926,22.0,8.0062,0.1501,0.8003,9.4998,35.9985,38.7263,34.1985,50599.7,2.301,29.913,35.0,766.928,38.1985,44.005,589.945,1170.6,11.998,0.0,0.159988,0.11001,0.085006,0.105006,40.16,-111.85,whole-lake,whole-lake,stream_images/pond-02-step-225.jpg,pond_090,HIGH_PH; HIGH_TEMP,fishpond_visual_condition_v2_fixture,synthetic_condition_matched_mapping
2026-09-12T10:37:20+05:30,225,pond-03,nutrient_light_limited_critical,0.79188,synthetic_gradual_stream,FA,C046,12.025926,28.0,9.0964,0.2228,0.6599,8.7919,21.0406,23.7684,19.2406,47425.38,6.1162,79.511,25.0,140.492,23.2406,49.827,108.071,916.2,10.127,0.0,0.145432,0.122487,0.092284,0.112284,40.14,-111.87,whole-lake,whole-lake,stream_images/pond-03-step-225.jpg,pond_878,LOW_TEMP;HIGH_PH,fishpond_visual_condition_v2_fixture,synthetic_condition_matched_mapping
2026-09-12T10:37:30+05:30,226,pond-01,stable,0.09577,synthetic_gradual_stream,ASU,KA32,12.026042,25.0,49.5783,0.4665,2.9289,8.1795,26.9046,29.624,25.1046,48132.39,8.2403,107.124,32.0,529.149,29.1046,69.318,407.037,521.9,3.862,0.0,0.096704,0.164254,0.116648,0.136648,40.15,-111.86,whole-lake,whole-lake,stream_images/pond-01-step-226.jpg,pond_728,OPTIMUM,fishpond_visual_condition_v2_fixture,synthetic_condition_matched_mapping
2026-09-12T10:37:30+05:30,226,pond-02,heat_low_oxygen_critical,0.99997,synthetic_gradual_stream,CP,LRB-AZ-1201,12.026042,22.0,8.0012,0.15,0.8001,9.5,35.9997,38.7191,34.1997,50599.94,2.3002,29.902,35.0,766.987,38.1997,44.001,589.99,1171.2,12.0,0.0,0.159998,0.110002,0.085001,0.105001,40.16,-111.85,whole-lake,whole-lake,stream_images/pond-02-step-226.jpg,pond_095,HIGH_PH; HIGH_TEMP,fishpond_visual_condition_v2_fixture,synthetic_condition_matched_mapping
2026-09-12T10:37:30+05:30,226,pond-03,nutrient_light_limited_critical,0.78671,synthetic_gradual_stream,FA,C046,12.026042,28.0,9.285,0.2247,0.6726,8.7867,21.0664,23.7858,19.2664,47416.08,6.1266,79.645,25.0,142.205,23.2664,49.972,109.388,913.5,10.08,0.0,0.14507,0.122797,0.092465,0.112465,40.14,-111.87,whole-lake,whole-lake,stream_images/pond-03-step-226.jpg,pond_879,LOW_TEMP;HIGH_PH,fishpond_visual_condition_v2_fixture,synthetic_condition_matched_mapping
2026-09-12T10:37:40+05:30,227,pond-01,stable,0.09529,synthetic_gradual_stream,ASU,KA32,12.026157,25.0,49.5542,0.4666,2.9277,8.1779,26.9054,29.6162,25.1054,48131.53,8.2446,107.18,32.0,526.261,29.1054,69.332,404.816,521.8,3.858,0.0,0.096671,0.164282,0.116665,0.136665,40.15,-111.86,whole-lake,whole-lake,stream_images/pond-01-step-227.jpg,pond_729,OPTIMUM,fishpond_visual_condition_v2_fixture,synthetic_condition_matched_mapping
2026-09-12T10:37:40+05:30,227,pond-02,heat_low_oxygen_critical,0.99999,synthetic_gradual_stream,CP,LRB-AZ-1201,12.026157,22.0,8.0004,0.15,0.8,9.5,35.9999,38.7107,34.1999,50599.98,2.3001,29.901,35.0,766.995,38.1999,44.0,589.996,1171.8,12.0,0.0,0.159999,0.110001,0.085,0.105,40.16,-111.85,whole-lake,whole-lake,stream_images/pond-02-step-227.jpg,pond_096,HIGH_PH; HIGH_TEMP,fishpond_visual_condition_v2_fixture,synthetic_condition_matched_mapping
2026-09-12T10:37:40+05:30,227,pond-03,nutrient_light_limited_critical,0.78143,synthetic_gradual_stream,FA,C046,12.026157,28.0,9.4777,0.2265,0.6855,8.7814,21.0928,23.8037,19.2928,47406.58,6.1371,79.783,25.0,143.955,23.2928,50.12,110.735,910.8,10.033,0.0,0.1447,0.123114,0.09265,0.11265,40.14,-111.87,whole-lake,whole-lake,stream_images/pond-03-step-227.jpg,pond_880,LOW_TEMP;HIGH_PH,fishpond_visual_condition_v2_fixture,synthetic_condition_matched_mapping
2026-09-12T10:37:50+05:30,228,pond-01,stable,0.0948,synthetic_gradual_stream,ASU,KA32,12.026273,25.0,49.5301,0.4668,2.9265,8.1764,26.9059,29.6081,25.1059,48130.63,8.2489,107.236,32.0,523.349,29.1059,69.346,402.576,521.6,3.853,0.0,0.096636,0.164312,0.116682,0.136682,40.15,-111.86,whole-lake,whole-lake,stream_images/pond-01-step-228.jpg,pond_730,OPTIMUM,fishpond_visual_condition_v2_fixture,synthetic_condition_matched_mapping
2026-09-12T10:37:50+05:30,228,pond-02,heat_low_oxygen_critical,0.99971,synthetic_gradual_stream,CP,LRB-AZ-1201,12.026273,22.0,8.0108,0.1501,0.8006,9.4996,35.9974,38.6996,34.1974,50599.47,2.3017,29.922,35.0,766.875,38.1974,44.008,589.904,1172.1,11.997,0.0,0.15998,0.110018,0.08501,0.10501,40.16,-111.85,whole-lake,whole-lake,stream_images/pond-02-step-228.jpg,pond_097,HIGH_PH; HIGH_TEMP,fishpond_visual_condition_v2_fixture,synthetic_condition_matched_mapping
2026-09-12T10:37:50+05:30,228,pond-03,nutrient_light_limited_critical,0.77604,synthetic_gradual_stream,FA,C046,12.026273,28.0,9.6744,0.2284,0.6987,8.776,21.1198,23.822,19.3198,47396.88,6.1479,79.923,25.0,145.741,23.3198,50.271,112.109,907.9,9.984,0.0,0.144323,0.123437,0.092838,0.112838,40.14,-111.87,whole-lake,whole-lake,stream_images/pond-03-step-228.jpg,pond_881,LOW_TEMP;HIGH_PH,fishpond_visual_condition_v2_fixture,synthetic_condition_matched_mapping
2026-09-12T10:38:00+05:30,229,pond-01,stable,0.09428,synthetic_gradual_stream,ASU,KA32,12.026389,25.0,49.506,0.467,2.9253,8.1748,26.9061,29.5997,25.1061,48129.7,8.2532,107.292,32.0,520.412,29.1061,69.36,400.317,521.5,3.848,0.0,0.096599,0.164343,0.1167,0.1367,40.15,-111.86,whole-lake,whole-lake,stream_images/pond-01-step-229.jpg,pond_823,OPTIMUM,fishpond_visual_condition_v2_fixture,synthetic_condition_matched_mapping
2026-09-12T10:38:00+05:30,229,pond-02,heat_low_oxygen_critical,0.99905,synthetic_gradual_stream,CP,LRB-AZ-1201,12.026389,22.0,8.035,0.1503,0.8019,9.4986,35.9915,38.685,34.1915,50598.3,2.3056,29.973,35.0,766.594,38.1915,44.027,589.688,1172.1,11.991,0.0,0.159934,0.110057,0.085033,0.105033,40.16,-111.85,whole-lake,whole-lake,stream_images/pond-02-step-229.jpg,pond_098,HIGH_PH; HIGH_TEMP,fishpond_visual_condition_v2_fixture,synthetic_condition_matched_mapping
2026-09-12T10:38:00+05:30,229,pond-03,nutrient_light_limited_critical,0.77055,synthetic_gradual_stream,FA,C046,12.026389,28.0,9.8749,0.2303,0.7122,8.7706,21.1472,23.8408,19.3472,47386.99,6.1589,80.066,25.0,147.563,23.3472,50.425,113.51,905.1,9.935,0.0,0.143939,0.123767,0.093031,0.113031,40.14,-111.87,whole-lake,whole-lake,stream_images/pond-03-step-229.jpg,pond_882,LOW_TEMP;HIGH_PH,fishpond_visual_condition_v2_fixture,synthetic_condition_matched_mapping
2026-09-12T10:38:10+05:30,230,pond-01,stable,0.09374,synthetic_gradual_stream,ASU,KA32,12.026505,25.0,49.4819,0.4672,2.9241,8.1733,26.9061,29.5908,25.1061,48128.72,8.2576,107.349,32.0,517.451,29.1061,69.375,398.039,521.3,3.844,0.0,0.096561,0.164376,0.116719,0.136719,40.15,-111.86,whole-lake,whole-lake,stream_images/pond-01-step-230.jpg,pond_824,OPTIMUM,fishpond_visual_condition_v2_fixture,synthetic_condition_matched_mapping
2026-09-12T10:38:10+05:30,230,pond-02,heat_low_oxygen_critical,0.99803,synthetic_gradual_stream,CP,LRB-AZ-1201,12.026505,22.0,8.0728,0.1507,0.8039,9.4971,35.9823,38.6671,34.1823,50596.46,2.3116,30.051,35.0,766.156,38.1823,44.055,589.351,1171.9,11.982,0.0,0.159862,0.110118,0.085069,0.105069,40.16,-111.85,whole-lake,whole-lake,stream_images/pond-02-step-230.jpg,pond_099,HIGH_PH; HIGH_TEMP,fishpond_visual_condition_v2_fixture,synthetic_condition_matched_mapping
2026-09-12T10:38:10+05:30,230,pond-03,nutrient_light_limited_critical,0.76495,synthetic_gradual_stream,FA,C046,12.026505,28.0,10.0792,0.2323,0.7259,8.765,21.1752,23.86,19.3752,47376.91,6.1701,80.211,25.0,149.418,23.3752,50.581,114.937,902.1,9.885,0.0,0.143547,0.124103,0.093227,0.113227,40.14,-111.87,whole-lake,whole-lake,stream_images/pond-03-step-230.jpg,pond_883,LOW_TEMP;HIGH_PH,fishpond_visual_condition_v2_fixture,synthetic_condition_matched_mapping
2026-09-12T10:38:20+05:30,231,pond-01,stable,0.09318,synthetic_gradual_stream,ASU,KA32,12.02662,25.0,49.4578,0.4674,2.9229,8.1717,26.9056,29.5816,25.1056,48127.72,8.262,107.406,32.0,514.468,29.1056,69.391,395.745,521.1,3.839,0.0,0.096522,0.164409,0.116739,0.136739,40.15,-111.86,whole-lake,whole-lake,stream_images/pond-01-step-231.jpg,pond_825,OPTIMUM,fishpond_visual_condition_v2_fixture,synthetic_condition_matched_mapping
2026-09-12T10:38:20+05:30,231,pond-02,heat_low_oxygen_critical,0.99665,synthetic_gradual_stream,CP,LRB-AZ-1201,12.02662,22.0,8.1239,0.1512,0.8067,9.4951,35.9699,38.6458,34.1699,50593.97,2.3198,30.157,35.0,765.563,38.1699,44.094,588.895,1171.5,11.97,0.0,0.159766,0.110201,0.085117,0.105117,40.16,-111.85,whole-lake,whole-lake,stream_images/pond-02-step-231.jpg,pond_100,HIGH_PH; HIGH_TEMP,fishpond_visual_condition_v2_fixture,synthetic_condition_matched_mapping
2026-09-12T10:38:20+05:30,231,pond-03,nutrient_light_limited_critical,0.75925,synthetic_gradual_stream,FA,C046,12.02662,28.0,10.2872,0.2343,0.7398,8.7593,21.2037,23.8797,19.4037,47366.66,6.1815,80.359,25.0,151.307,23.4037,50.741,116.39,899.1,9.833,0.0,0.143148,0.124445,0.093426,0.113426,40.14,-111.87,whole-lake,whole-lake,stream_images/pond-03-step-231.jpg,pond_884,LOW_TEMP;HIGH_PH,fishpond_visual_condition_v2_fixture,synthetic_condition_matched_mapping
2026-09-12T10:38:30+05:30,232,pond-01,stable,0.0926,synthetic_gradual_stream,ASU,KA32,12.026736,25.0,49.4337,0.4676,2.9217,8.1701,26.9048,29.5719,25.1048,48126.67,8.2665,107.464,32.0,511.464,29.1048,69.407,393.434,520.8,3.833,0.0,0.096482,0.164444,0.116759,0.136759,40.15,-111.86,whole-lake,whole-lake,stream_images/pond-01-step-232.jpg,pond_826,OPTIMUM,fishpond_visual_condition_v2_fixture,synthetic_condition_matched_mapping
2026-09-12T10:38:30+05:30,232,pond-02,heat_low_oxygen_critical,0.99492,synthetic_gradual_stream,CP,LRB-AZ-1201,12.026736,22.0,8.188,0.1518,0.8102,9.4926,35.9543,38.6213,34.1543,50590.85,2.33,30.29,35.0,764.82,38.1543,44.142,588.323,1170.8,11.954,0.0,0.159644,0.110305,0.085178,0.105178,40.16,-111.85,whole-lake,whole-lake,stream_images/pond-02-step-232.jpg,pond_141,HIGH_PH; HIGH_TEMP,fishpond_visual_condition_v2_fixture,synthetic_condition_matched_mapping
2026-09-12T10:38:30+05:30,232,pond-03,nutrient_light_limited_critical,0.75346,synthetic_gradual_stream,FA,C046,12.026736,28.0,10.4987,0.2363,0.754,8.7535,21.2327,23.8998,19.4327,47356.23,6.1931,80.51,25.0,153.228,23.4327,50.903,117.868,896.0,9.781,0.0,0.142742,0.124792,0.093629,0.113629,40.14,-111.87,whole-lake,whole-lake,stream_images/pond-03-step-232.jpg,pond_885,LOW_TEMP;HIGH_PH,fishpond_visual_condition_v2_fixture,synthetic_condition_matched_mapping
2026-09-12T10:38:40+05:30,233,pond-01,stable,0.092,synthetic_gradual_stream,ASU,KA32,12.026852,25.0,49.4096,0.4678,2.9205,8.1685,26.9036,29.5617,25.1036,48125.6,8.2709,107.522,32.0,508.439,29.1036,69.424,391.107,520.6,3.828,0.0,0.09644,0.16448,0.11678,0.13678,40.15,-111.86,whole-lake,whole-lake,stream_images/pond-01-step-233.jpg,pond_827,OPTIMUM,fishpond_visual_condition_v2_fixture,synthetic_condition_matched_mapping
2026-09-12T10:38:40+05:30,233,pond-02,heat_low_oxygen_critical,0.99284,synthetic_gradual_stream,CP,LRB-AZ-1201,12.026852,22.0,8.2649,0.1525,0.8143,9.4896,35.9356,38.5937,34.1356,50587.11,2.3422,30.449,35.0,763.928,38.1356,44.2,587.637,1169.8,11.936,0.0,0.159499,0.11043,0.085251,0.105251,40.16,-111.85,whole-lake,whole-lake,stream_images/pond-02-step-233.jpg,pond_142,HIGH_PH; HIGH_TEMP,fishpond_visual_condition_v2_fixture,synthetic_condition_matched_mapping
2026-09-12T10:38:40+05:30,233,pond-03,nutrient_light_limited_stressed,0.74757,synthetic_gradual_stream,FA,C046,12.026852,28.0,10.7137,0.2384,0.7685,8.7476,21.2621,23.9202,19.4621,47345.63,6.2049,80.663,25.0,155.18,23.4621,51.068,119.369,892.9,9.728,0.0,0.14233,0.125146,0.093835,0.113835,40.14,-111.87,whole-lake,whole-lake,stream_images/pond-03-step-233.jpg,pond_896,LOW_TEMP;HIGH_PH,fishpond_visual_condition_v2_fixture,synthetic_condition_matched_mapping
2026-09-12T10:38:50+05:30,234,pond-01,stable,0.09139,synthetic_gradual_stream,ASU,KA32,12.026968,25.0,49.3855,0.468,2.9193,8.1668,26.9019,29.551,25.1019,48124.49,8.2755,107.581,32.0,505.395,29.1019,69.441,388.766,520.4,3.822,0.0,0.096397,0.164517,0.116802,0.136802,40.15,-111.86,whole-lake,whole-lake,stream_images/pond-01-step-234.jpg,pond_828,OPTIMUM,fishpond_visual_condition_v2_fixture,synthetic_condition_matched_mapping
2026-09-12T10:38:50+05:30,234,pond-02,heat_low_oxygen_critical,0.99042,synthetic_gradual_stream,CP,LRB-AZ-1201,12.026968,22.0,8.3543,0.1534,0.8192,9.4861,35.9138,38.5629,34.1138,50582.76,2.3565,30.634,35.0,762.892,38.1138,44.268,586.84,1168.6,11.914,0.0,0.15933,0.110575,0.085335,0.105335,40.16,-111.85,whole-lake,whole-lake,stream_images/pond-02-step-234.jpg,pond_151,HIGH_PH; HIGH_TEMP,fishpond_visual_condition_v2_fixture,synthetic_condition_matched_mapping
2026-09-12T10:38:50+05:30,234,pond-03,nutrient_light_limited_stressed,0.74159,synthetic_gradual_stream,FA,C046,12.026968,28.0,10.9319,0.2404,0.7831,8.7416,21.292,23.9411,19.492,47334.86,6.2168,80.819,25.0,157.163,23.492,51.235,120.894,889.7,9.674,0.0,0.141911,0.125505,0.094044,0.114044,40.14,-111.87,whole-lake,whole-lake,stream_images/pond-03-step-234.jpg,pond_897,LOW_TEMP;HIGH_PH,fishpond_visual_condition_v2_fixture,synthetic_condition_matched_mapping
2026-09-12T10:39:00+05:30,235,pond-01,stable,0.09075,synthetic_gradual_stream,ASU,KA32,12.027083,25.0,49.3614,0.4682,2.9181,8.1652,26.8998,29.5398,25.0998,48123.36,8.28,107.64,32.0,502.334,29.0998,69.459,386.411,520.1,3.817,0.0,0.096353,0.164555,0.116824,0.136824,40.15,-111.86,whole-lake,whole-lake,stream_images/pond-01-step-235.jpg,pond_829,OPTIMUM,fishpond_visual_condition_v2_fixture,synthetic_condition_matched_mapping
2026-09-12T10:39:00+05:30,235,pond-02,heat_low_oxygen_critical,0.98768,synthetic_gradual_stream,CP,LRB-AZ-1201,12.027083,22.0,8.4559,0.1543,0.8246,9.4821,35.8891,38.5291,34.0891,50577.82,2.3727,30.845,35.0,761.714,38.0891,44.345,585.934,1167.2,11.889,0.0,0.159137,0.110739,0.085431,0.105431,40.16,-111.85,whole-lake,whole-lake,stream_images/pond-02-step-235.jpg,pond_152,HIGH_PH; HIGH_TEMP,fishpond_visual_condition_v2_fixture,synthetic_condition_matched_mapping
2026-09-12T10:39:00+05:30,235,pond-03,nutrient_light_limited_stressed,0.73552,synthetic_gradual_stream,FA,C046,12.027083,28.0,11.1534,0.2426,0.798,8.7355,21.3224,23.9624,19.5224,47323.94,6.229,80.976,25.0,159.174,23.5224,51.405,122.442,886.5,9.62,0.0,0.141487,0.125869,0.094257,0.114257,40.14,-111.87,whole-lake,whole-lake,stream_images/pond-03-step-235.jpg,pond_898,LOW_TEMP;HIGH_PH,fishpond_visual_condition_v2_fixture,synthetic_condition_matched_mapping
2026-09-12T10:39:10+05:30,236,pond-01,stable,0.09011,synthetic_gradual_stream,ASU,KA32,12.027199,25.0,49.3373,0.4685,2.9169,8.1636,26.8972,29.5281,25.0972,48122.2,8.2845,107.699,32.0,499.255,29.0972,69.477,384.042,519.8,3.811,0.0,0.096308,0.164593,0.116846,0.136846,40.15,-111.86,whole-lake,whole-lake,stream_images/pond-01-step-236.jpg,pond_830,OPTIMUM,fishpond_visual_condition_v2_fixture,synthetic_condition_matched_mapping
2026-09-12T10:39:10+05:30,236,pond-02,heat_low_oxygen_critical,0.98461,synthetic_gradual_stream,CP,LRB-AZ-1201,12.027199,22.0,8.5695,0.1554,0.8308,9.4777,35.8615,38.4924,34.0615,50572.3,2.3908,31.081,35.0,760.397,38.0615,44.431,584.921,1165.5,11.861,0.0,0.158923,0.110923,0.085539,0.105539,40.16,-111.85,whole-lake,whole-lake,stream_images/pond-02-step-236.jpg,pond_155,HIGH_PH; HIGH_TEMP,fishpond_visual_condition_v2_fixture,synthetic_condition_matched_mapping
2026-09-12T10:39:10+05:30,236,pond-03,nutrient_light_limited_stressed,0.72937,synthetic_gradual_stream,FA,C046,12.027199,28.0,11.378,0.2447,0.813,8.7294,21.3532,23.9841,19.5532,47312.86,6.2413,81.136,25.0,161.214,23.5532,51.578,124.011,883.2,9.564,0.0,0.141056,0.126238,0.094472,0.114472,40.14,-111.87,whole-lake,whole-lake,stream_images/pond-03-step-236.jpg,pond_899,LOW_TEMP;HIGH_PH,fishpond_visual_condition_v2_fixture,synthetic_condition_matched_mapping
2026-09-12T10:39:20+05:30,237,pond-01,stable,0.08945,synthetic_gradual_stream,ASU,KA32,12.027315,25.0,49.3133,0.4687,2.9157,8.1619,26.8941,29.5159,25.0941,48121.01,8.2891,107.758,32.0,496.161,29.0941,69.495,381.662,519.5,3.805,0.0,0.096261,0.164633,0.116869,0.136869,40.15,-111.86,whole-lake,whole-lake,stream_images/pond-01-step-237.jpg,pond_1000,OPTIMUM,fishpond_visual_condition_v2_fixture,synthetic_condition_matched_mapping
2026-09-12T10:39:20+05:30,237,pond-02,heat_low_oxygen_critical,0.98122,synthetic_gradual_stream,CP,LRB-AZ-1201,12.027315,22.0,8.6948,0.1566,0.8376,9.4728,35.831,38.4528,34.031,50566.2,2.4108,31.34,35.0,758.945,38.031,44.526,583.803,1163.6,11.831,0.0,0.158686,0.111127,0.085657,0.105657,40.16,-111.85,whole-lake,whole-lake,stream_images/pond-02-step-237.jpg,pond_157,HIGH_PH; HIGH_TEMP,fishpond_visual_condition_v2_fixture,synthetic_condition_matched_mapping
2026-09-12T10:39:20+05:30,237,pond-03,nutrient_light_limited_stressed,0.72313,synthetic_gradual_stream,FA,C046,12.027315,28.0,11.6056,0.2469,0.8283,8.7231,21.3843,24.0061,19.5843,47301.64,6.2537,81.299,25.0,163.281,23.5843,51.752,125.601,879.8,9.508,0.0,0.140619,0.126612,0.09469,0.11469,40.14,-111.87,whole-lake,whole-lake,stream_images/pond-03-step-237.jpg,pond_900,LOW_TEMP;HIGH_PH,fishpond_visual_condition_v2_fixture,synthetic_condition_matched_mapping
2026-09-12T10:39:30+05:30,238,pond-01,stable,0.08877,synthetic_gradual_stream,ASU,KA32,12.027431,25.0,49.2892,0.4689,2.9145,8.1603,26.8904,29.503,25.0904,48119.79,8.2937,107.818,32.0,493.051,29.0904,69.514,379.27,519.2,3.799,0.0,0.096214,0.164674,0.116893,0.136893,40.15,-111.86,whole-lake,whole-lake,stream_images/pond-01-step-238.jpg,pond_1001,OPTIMUM,fishpond_visual_condition_v2_fixture,synthetic_condition_matched_mapping
2026-09-12T10:39:30+05:30,238,pond-02,heat_low_oxygen_critical,0.97753,synthetic_gradual_stream,CP,LRB-AZ-1201,12.027431,22.0,8.8315,0.1579,0.8449,9.4674,35.7978,38.4103,33.9978,50559.55,2.4326,31.624,35.0,757.359,37.9978,44.629,582.584,1161.5,11.798,0.0,0.158427,0.111348,0.085787,0.105787,40.16,-111.85,whole-lake,whole-lake,stream_images/pond-02-step-238.jpg,pond_158,HIGH_PH; HIGH_TEMP,fishpond_visual_condition_v2_fixture,synthetic_condition_matched_mapping
2026-09-12T10:39:30+05:30,238,pond-03,nutrient_light_limited_stressed,0.71682,synthetic_gradual_stream,FA,C046,12.027431,28.0,11.8361,0.2491,0.8438,8.7168,21.4159,24.0285,19.6159,47290.27,6.2664,81.463,25.0,165.375,23.6159,51.929,127.211,876.4,9.451,0.0,0.140177,0.126991,0.094911,0.114911,40.14,-111.87,whole-lake,whole-lake,stream_images/pond-03-step-238.jpg,pond_901,LOW_TEMP;HIGH_PH,fishpond_visual_condition_v2_fixture,synthetic_condition_matched_mapping
2026-09-12T10:39:40+05:30,239,pond-01,stable,0.08809,synthetic_gradual_stream,ASU,KA32,12.027546,25.0,49.2651,0.4692,2.9133,8.1586,26.8863,29.4896,25.0863,48118.56,8.2983,107.878,32.0,489.928,29.0863,69.534,376.868,518.9,3.793,0.0,0.096166,0.164715,0.116917,0.136917,40.15,-111.86,whole-lake,whole-lake,stream_images/pond-01-step-239.jpg,pond_1002,OPTIMUM,fishpond_visual_condition_v2_fixture,synthetic_condition_matched_mapping
2026-09-12T10:39:40+05:30,239,pond-02,heat_low_oxygen_critical,0.97353,synthetic_gradual_stream,CP,LRB-AZ-1201,12.027546,22.0,8.9793,0.1593,0.8529,9.4616,35.7618,38.3651,33.9618,50552.36,2.4562,31.93,35.0,755.645,37.9618,44.741,581.265,1159.2,11.762,0.0,0.158147,0.111588,0.085926,0.105926,40.16,-111.85,whole-lake,whole-lake,stream_images/pond-02-step-239.jpg,pond_160,HIGH_PH; HIGH_TEMP,fishpond_visual_condition_v2_fixture,synthetic_condition_matched_mapping
2026-09-12T10:39:40+05:30,239,pond-03,nutrient_light_limited_stressed,0.71043,synthetic_gradual_stream,FA,C046,12.027546,28.0,12.0694,0.2514,0.8595,8.7104,21.4479,24.0512,19.6479,47278.77,6.2791,81.629,25.0,167.493,23.6479,52.108,128.841,873.0,9.394,0.0,0.13973,0.127374,0.095135,0.115135,40.14,-111.87,whole-lake,whole-lake,stream_images/pond-03-step-239.jpg,pond_907,LOW_TEMP;HIGH_PH,fishpond_visual_condition_v2_fixture,synthetic_condition_matched_mapping
2026-09-12T10:39:50+05:30,240,pond-01,stable,0.08739,synthetic_gradual_stream,ASU,KA32,12.027662,25.0,49.241,0.4694,2.912,8.1569,26.8815,29.4756,25.0815,48117.3,8.303,107.939,32.0,486.793,29.0815,69.553,374.456,506.1,3.787,0.0,0.096117,0.164757,0.116941,0.136941,40.15,-111.86,whole-lake,whole-lake,stream_images/pond-01-step-240.jpg,pond_1003,OPTIMUM,fishpond_visual_condition_v2_fixture,synthetic_condition_matched_mapping
2026-09-12T10:39:50+05:30,240,pond-02,heat_low_oxygen_critical,0.96924,synthetic_gradual_stream,CP,LRB-AZ-1201,12.027662,22.0,9.1381,0.1608,0.8615,9.4554,35.7232,38.3172,33.9232,50544.63,2.4815,32.259,35.0,753.804,37.9232,44.861,579.849,1144.2,11.723,0.0,0.157847,0.111846,0.086077,0.106077,40.16,-111.85,whole-lake,whole-lake,stream_images/pond-02-step-240.jpg,pond_161,HIGH_PH; HIGH_TEMP,fishpond_visual_condition_v2_fixture,synthetic_condition_matched_mapping
2026-09-12T10:39:50+05:30,240,pond-03,nutrient_light_limited_stressed,0.70396,synthetic_gradual_stream,FA,C046,12.027662,28.0,12.3053,0.2536,0.8753,8.704,21.4802,24.0742,19.6802,47267.13,6.2921,81.797,25.0,169.636,23.6802,52.289,130.489,857.0,9.336,0.0,0.139277,0.127762,0.095361,0.115361,40.14,-111.87,whole-lake,whole-lake,stream_images/pond-03-step-240.jpg,pond_908,LOW_TEMP;HIGH_PH,fishpond_visual_condition_v2_fixture,synthetic_condition_matched_mapping
2026-09-12T10:40:00+05:30,241,pond-01,stable,0.08668,synthetic_gradual_stream,ASU,KA32,12.027778,25.0,49.2169,0.4697,2.9108,8.1553,26.8762,29.4609,25.0762,48116.03,8.3076,107.999,32.0,483.646,29.0762,69.573,372.036,505.8,3.78,0.0,0.096068,0.164799,0.116966,0.136966,40.15,-111.86,whole-lake,whole-lake,stream_images/pond-01-step-241.jpg,pond_1004,OPTIMUM,fishpond_visual_condition_v2_fixture,synthetic_condition_matched_mapping
2026-09-12T10:40:00+05:30,241,pond-02,heat_low_oxygen_critical,0.96466,synthetic_gradual_stream,CP,LRB-AZ-1201,12.027778,22.0,9.3075,0.1624,0.8707,9.4488,35.682,38.2667,33.882,50536.39,2.5085,32.61,35.0,751.84,37.882,44.989,578.338,1141.4,11.682,0.0,0.157526,0.11212,0.086237,0.106237,40.16,-111.85,whole-lake,whole-lake,stream_images/pond-02-step-241.jpg,pond_162,HIGH_PH; HIGH_TEMP,fishpond_visual_condition_v2_fixture,synthetic_condition_matched_mapping
2026-09-12T10:40:00+05:30,241,pond-03,nutrient_light_limited_stressed,0.69743,synthetic_gradual_stream,FA,C046,12.027778,28.0,12.5438,0.2559,0.8913,8.6974,21.5129,24.0976,19.7129,47255.37,6.3051,81.967,25.0,171.802,23.7129,52.472,132.155,853.4,9.277,0.0,0.13882,0.128154,0.09559,0.11559,40.14,-111.87,whole-lake,whole-lake,stream_images/pond-03-step-241.jpg,pond_909,LOW_TEMP;HIGH_PH,fishpond_visual_condition_v2_fixture,synthetic_condition_matched_mapping
2026-09-12T10:40:10+05:30,242,pond-01,stable,0.08596,synthetic_gradual_stream,ASU,KA32,12.027894,25.0,49.1928,0.4699,2.9096,8.1536,26.8702,29.4456,25.0702,48114.74,8.3123,108.06,32.0,480.489,29.0702,69.593,369.607,505.4,3.774,0.0,0.096017,0.164842,0.116991,0.136991,40.15,-111.86,whole-lake,whole-lake,stream_images/pond-01-step-242.jpg,pond_1005,OPTIMUM,fishpond_visual_condition_v2_fixture,synthetic_condition_matched_mapping
2026-09-12T10:40:10+05:30,242,pond-02,heat_low_oxygen_critical,0.9598,synthetic_gradual_stream,CP,LRB-AZ-1201,12.027894,22.0,9.4873,0.1641,0.8804,9.4417,35.6382,38.2136,33.8382,50527.65,2.5372,32.983,35.0,749.756,37.8382,45.126,576.735,1138.5,11.638,0.0,0.157186,0.112412,0.086407,0.106407,40.16,-111.85,whole-lake,whole-lake,stream_images/pond-02-step-242.jpg,pond_163,HIGH_PH; HIGH_TEMP,fishpond_visual_condition_v2_fixture,synthetic_condition_matched_mapping
2026-09-12T10:40:10+05:30,242,pond-03,nutrient_light_limited_stressed,0.69083,synthetic_gradual_stream,FA,C046,12.027894,28.0,12.7847,0.2582,0.9075,8.6908,21.5459,24.1213,19.7459,47243.49,6.3183,82.138,25.0,173.99,23.7459,52.657,133.839,849.9,9.217,0.0,0.138358,0.12855,0.095821,0.115821,40.14,-111.87,whole-lake,whole-lake,stream_images/pond-03-step-242.jpg,pond_931,LOW_TEMP;HIGH_PH,fishpond_visual_condition_v2_fixture,synthetic_condition_matched_mapping
2026-09-12T10:40:20+05:30,243,pond-01,stable,0.08524,synthetic_gradual_stream,ASU,KA32,12.028009,25.0,49.1687,0.4702,2.9084,8.1519,26.8637,29.4297,25.0637,48113.43,8.317,108.121,32.0,477.323,29.0637,69.613,367.172,505.1,3.767,0.0,0.095967,0.164886,0.117017,0.137017,40.15,-111.86,whole-lake,whole-lake,stream_images/pond-01-step-243.jpg,pond_1006,OPTIMUM,fishpond_visual_condition_v2_fixture,synthetic_condition_matched_mapping
2026-09-12T10:40:20+05:30,243,pond-02,heat_low_oxygen_critical,0.95467,synthetic_gradual_stream,CP,LRB-AZ-1201,12.028009,22.0,9.6772,0.1659,0.8907,9.4343,35.592,38.1581,33.792,50518.41,2.5674,33.377,35.0,747.554,37.792,45.269,575.042,1135.4,11.592,0.0,0.156827,0.11272,0.086586,0.106586,40.16,-111.85,whole-lake,whole-lake,stream_images/pond-02-step-243.jpg,pond_164,HIGH_PH; HIGH_TEMP,fishpond_visual_condition_v2_fixture,synthetic_condition_matched_mapping
2026-09-12T10:40:20+05:30,243,pond-03,nutrient_light_limited_stressed,0.68416,synthetic_gradual_stream,FA,C046,12.028009,28.0,13.028,0.2605,0.9238,8.6842,21.5792,24.1452,19.7792,47231.49,6.3317,82.312,25.0,176.2,23.7792,52.843,135.538,846.3,9.157,0.0,0.137891,0.12895,0.096054,0.116054,40.14,-111.87,whole-lake,whole-lake,stream_images/pond-03-step-243.jpg,pond_932,LOW_TEMP;HIGH_PH,fishpond_visual_condition_v2_fixture,synthetic_condition_matched_mapping
2026-09-12T10:40:30+05:30,244,pond-01,stable,0.0845,synthetic_gradual_stream,ASU,KA32,12.028125,25.0,49.1446,0.4704,2.9072,8.1502,26.8565,29.4131,25.0565,48112.11,8.3217,108.182,32.0,474.149,29.0565,69.634,364.73,504.8,3.761,0.0,0.095915,0.16493,0.117042,0.137042,40.15,-111.86,whole-lake,whole-lake,stream_images/pond-01-step-244.jpg,pond_1007,OPTIMUM,fishpond_visual_condition_v2_fixture,synthetic_condition_matched_mapping
2026-09-12T10:40:30+05:30,244,pond-02,heat_low_oxygen_critical,0.94927,synthetic_gradual_stream,CP,LRB-AZ-1201,12.028125,22.0,9.8769,0.1678,0.9015,9.4264,35.5435,38.1001,33.7435,50508.69,2.5993,33.791,35.0,745.239,37.7435,45.42,573.261,1132.0,11.543,0.0,0.156449,0.113044,0.086775,0.106775,40.16,-111.85,whole-lake,whole-lake,stream_images/pond-02-step-244.jpg,pond_168,HIGH_PH; HIGH_TEMP,fishpond_visual_condition_v2_fixture,synthetic_condition_matched_mapping
2026-09-12T10:40:30+05:30,244,pond-03,nutrient_light_limited_stressed,0.67744,synthetic_gradual_stream,FA,C046,12.028125,28.0,13.2735,0.2629,0.9403,8.6774,21.6128,24.1695,19.8128,47219.39,6.3451,82.487,25.0,178.429,23.8128,53.032,137.253,842.6,9.097,0.0,0.137421,0.129354,0.09629,0.11629,40.14,-111.87,whole-lake,whole-lake,stream_images/pond-03-step-244.jpg,pond_933,LOW_TEMP;HIGH_PH,fishpond_visual_condition_v2_fixture,synthetic_condition_matched_mapping
2026-09-12T10:40:40+05:30,245,pond-01,stable,0.08376,synthetic_gradual_stream,ASU,KA32,12.028241,25.0,49.1205,0.4707,2.906,8.1485,26.8487,29.3959,25.0487,48110.77,8.3264,108.243,32.0,470.968,29.0487,69.655,362.283,504.4,3.754,0.0,0.095863,0.164974,0.117068,0.137068,40.15,-111.86,whole-lake,whole-lake,stream_images/pond-01-step-245.jpg,pond_1008,OPTIMUM,fishpond_visual_condition_v2_fixture,synthetic_condition_matched_mapping
2026-09-12T10:40:40+05:30,245,pond-02,heat_low_oxygen_critical,0.94362,synthetic_gradual_stream,CP,LRB-AZ-1201,12.028241,22.0,10.0861,0.1697,0.9128,9.4182,35.4926,38.0398,33.6926,50498.51,2.6327,34.224,35.0,742.812,37.6926,45.579,571.394,1128.5,11.493,0.0,0.156053,0.113383,0.086973,0.106973,40.16,-111.85,whole-lake,whole-lake,stream_images/pond-02-step-245.jpg,pond_169,HIGH_PH; HIGH_TEMP,fishpond_visual_condition_v2_fixture,synthetic_condition_matched_mapping
2026-09-12T10:40:40+05:30,245,pond-03,nutrient_light_limited_stressed,0.67065,synthetic_gradual_stream,FA,C046,12.028241,28.0,13.5211,0.2653,0.9569,8.6707,21.6467,24.194,19.8467,47207.18,6.3587,82.663,25.0,180.678,23.8467,53.222,138.983,838.9,9.036,0.0,0.136946,0.129761,0.096527,0.116527,40.14,-111.87,whole-lake,whole-lake,stream_images/pond-03-step-245.jpg,pond_934,LOW_TEMP;HIGH_PH,fishpond_visual_condition_v2_fixture,synthetic_condition_matched_mapping
2026-09-12T10:40:50+05:30,246,pond-01,stable,0.08302,synthetic_gradual_stream,ASU,KA32,12.028356,25.0,49.0964,0.4709,2.9048,8.1468,26.8402,29.3781,25.0402,48109.43,8.3311,108.304,32.0,467.781,29.0402,69.676,359.832,504.1,3.747,0.0,0.095811,0.165019,0.117094,0.137094,40.15,-111.86,whole-lake,whole-lake,stream_images/pond-01-step-246.jpg,pond_1009,OPTIMUM,fishpond_visual_condition_v2_fixture,synthetic_condition_matched_mapping
2026-09-12T10:40:50+05:30,246,pond-02,heat_low_oxygen_critical,0.93771,synthetic_gradual_stream,CP,LRB-AZ-1201,12.028356,22.0,10.3047,0.1718,0.9246,9.4097,35.4394,37.9772,33.6394,50487.88,2.6675,34.678,35.0,740.278,37.6394,45.744,569.445,1124.9,11.439,0.0,0.15564,0.113737,0.08718,0.10718,40.16,-111.85,whole-lake,whole-lake,stream_images/pond-02-step-246.jpg,pond_170,HIGH_PH; HIGH_TEMP,fishpond_visual_condition_v2_fixture,synthetic_condition_matched_mapping
2026-09-12T10:40:50+05:30,246,pond-03,nutrient_light_limited_stressed,0.66381,synthetic_gradual_stream,FA,C046,12.028356,28.0,13.7708,0.2677,0.9737,8.6638,21.6809,24.2187,19.8809,47194.87,6.3724,82.841,25.0,182.945,23.8809,53.413,140.727,835.2,8.974,0.0,0.136467,0.130171,0.096766,0.116766,40.14,-111.87,whole-lake,whole-lake,stream_images/pond-03-step-246.jpg,pond_935,LOW_TEMP;HIGH_PH,fishpond_visual_condition_v2_fixture,synthetic_condition_matched_mapping
2026-09-12T10:41:00+05:30,247,pond-01,stable,0.08227,synthetic_gradual_stream,ASU,KA32,12.028472,25.0,49.0723,0.4712,2.9036,8.1451,26.8312,29.3595,25.0312,48108.08,8.3358,108.366,32.0,464.59,29.0312,69.697,357.377,503.7,3.74,0.0,0.095759,0.165064,0.117121,0.137121,40.15,-111.86,whole-lake,whole-lake,stream_images/pond-01-step-247.jpg,pond_1010,OPTIMUM,fishpond_visual_condition_v2_fixture,synthetic_condition_matched_mapping
2026-09-12T10:41:00+05:30,247,pond-02,heat_low_oxygen_critical,0.93156,synthetic_gradual_stream,CP,LRB-AZ-1201,12.028472,22.0,10.5323,0.174,0.9369,9.4008,35.384,37.9124,33.584,50476.81,2.7038,35.149,35.0,737.639,37.584,45.916,567.415,1121.0,11.384,0.0,0.155209,0.114106,0.087395,0.107395,40.16,-111.85,whole-lake,whole-lake,stream_images/pond-02-step-247.jpg,pond_172,HIGH_PH; HIGH_TEMP,fishpond_visual_condition_v2_fixture,synthetic_condition_matched_mapping
2026-09-12T10:41:00+05:30,247,pond-03,nutrient_light_limited_stressed,0.65692,synthetic_gradual_stream,FA,C046,12.028472,28.0,14.0223,0.2701,0.9905,8.6569,21.7154,24.2438,19.9154,47182.46,6.3862,83.02,25.0,185.23,23.9154,53.606,142.485,831.4,8.912,0.0,0.135985,0.130585,0.097008,0.117008,40.14,-111.87,whole-lake,whole-lake,stream_images/pond-03-step-247.jpg,pond_936,LOW_TEMP;HIGH_PH,fishpond_visual_condition_v2_fixture,synthetic_condition_matched_mapping
2026-09-12T10:41:10+05:30,248,pond-01,stable,0.08151,synthetic_gradual_stream,ASU,KA32,12.028588,25.0,49.0482,0.4715,2.9024,8.1434,26.8214,29.3403,25.0214,48106.72,8.3405,108.427,32.0,461.395,29.0214,69.718,354.919,503.3,3.734,0.0,0.095706,0.165109,0.117147,0.137147,40.15,-111.86,whole-lake,whole-lake,stream_images/pond-01-step-248.jpg,pond_1011,OPTIMUM,fishpond_visual_condition_v2_fixture,synthetic_condition_matched_mapping
2026-09-12T10:41:10+05:30,248,pond-02,heat_low_oxygen_critical,0.92517,synthetic_gradual_stream,CP,LRB-AZ-1201,12.028588,22.0,10.7686,0.1762,0.9497,9.3915,35.3265,37.8455,33.5265,50465.31,2.7415,35.639,35.0,734.899,37.5265,46.095,565.307,1117.0,11.327,0.0,0.154762,0.11449,0.087619,0.107619,40.16,-111.85,whole-lake,whole-lake,stream_images/pond-02-step-248.jpg,pond_176,HIGH_PH; HIGH_TEMP,fishpond_visual_condition_v2_fixture,synthetic_condition_matched_mapping
2026-09-12T10:41:10+05:30,248,pond-03,nutrient_light_limited_stressed,0.64998,synthetic_gradual_stream,FA,C046,12.028588,28.0,14.2756,0.2725,1.0075,8.65,21.7501,24.269,19.9501,47169.97,6.4,83.2,25.0,187.531,23.9501,53.8,144.254,827.7,8.85,0.0,0.135499,0.131001,0.097251,0.117251,40.14,-111.87,whole-lake,whole-lake,stream_images/pond-03-step-248.jpg,pond_937,LOW_TEMP;HIGH_PH,fishpond_visual_condition_v2_fixture,synthetic_condition_matched_mapping
2026-09-12T10:41:20+05:30,249,pond-01,stable,0.08076,synthetic_gradual_stream,ASU,KA32,12.028704,25.0,49.0241,0.4717,2.9012,8.1417,26.811,29.3205,25.011,48105.36,8.3453,108.488,32.0,458.198,29.011,69.739,352.46,503.0,3.727,0.0,0.095653,0.165155,0.117174,0.137174,40.15,-111.86,whole-lake,whole-lake,stream_images/pond-01-step-249.jpg,pond_1012,OPTIMUM,fishpond_visual_condition_v2_fixture,synthetic_condition_matched_mapping
2026-09-12T10:41:20+05:30,249,pond-02,heat_low_oxygen_critical,0.91855,synthetic_gradual_stream,CP,LRB-AZ-1201,12.028704,22.0,11.0135,0.1785,0.9629,9.3819,35.267,37.7764,33.467,50453.4,2.7805,36.147,35.0,732.06,37.467,46.28,563.123,1112.8,11.267,0.0,0.154299,0.114887,0.087851,0.107851,40.16,-111.85,whole-lake,whole-lake,stream_images/pond-02-step-249.jpg,pond_183,HIGH_PH; HIGH_TEMP,fishpond_visual_condition_v2_fixture,synthetic_condition_matched_mapping
2026-09-12T10:41:20+05:30,249,pond-03,nutrient_light_limited_stressed,0.643,synthetic_gradual_stream,FA,C046,12.028704,28.0,14.5306,0.275,1.0247,8.643,21.785,24.2945,19.985,47157.39,6.414,83.382,25.0,189.846,23.985,53.996,146.036,823.9,8.787,0.0,0.13501,0.13142,0.097495,0.117495,40.14,-111.87,whole-lake,whole-lake,stream_images/pond-03-step-249.jpg,pond_938,LOW_TEMP;HIGH_PH,fishpond_visual_condition_v2_fixture,synthetic_condition_matched_mapping
2026-09-12T10:41:30+05:30,250,pond-01,stable,0.08,synthetic_gradual_stream,ASU,KA32,12.028819,25.0,49.0,0.472,2.9,8.14,26.8,29.3,25.0,48104.0,8.35,108.55,32.0,455.0,29.0,69.76,350.0,502.6,3.72,0.0,0.0956,0.1652,0.1172,0.1372,40.15,-111.86,whole-lake,whole-lake,stream_images/pond-01-step-250.jpg,pond_1013,OPTIMUM,fishpond_visual_condition_v2_fixture,synthetic_condition_matched_mapping
2026-09-12T10:41:30+05:30,250,pond-02,heat_low_oxygen_critical,0.91171,synthetic_gradual_stream,CP,LRB-AZ-1201,12.028819,22.0,11.2666,0.1809,0.9766,9.372,35.2054,37.7054,33.4054,50441.08,2.8209,36.672,35.0,729.125,37.4054,46.472,560.866,1108.4,11.205,0.0,0.15382,0.115297,0.08809,0.10809,40.16,-111.85,whole-lake,whole-lake,stream_images/pond-02-step-250.jpg,pond_195,HIGH_PH; HIGH_TEMP,fishpond_visual_condition_v2_fixture,synthetic_condition_matched_mapping
2026-09-12T10:41:30+05:30,250,pond-03,nutrient_light_limited_stressed,0.63597,synthetic_gradual_stream,FA,C046,12.028819,28.0,14.7872,0.2774,1.0419,8.636,21.8202,24.3202,20.0202,47144.74,6.4281,83.565,25.0,192.177,24.0202,54.193,147.828,820.0,8.724,0.0,0.134518,0.131842,0.097741,0.117741,40.14,-111.87,whole-lake,whole-lake,stream_images/pond-03-step-250.jpg,pond_939,LOW_TEMP;HIGH_PH,fishpond_visual_condition_v2_fixture,synthetic_condition_matched_mapping
2026-09-12T10:41:40+05:30,251,pond-01,stable,0.07924,synthetic_gradual_stream,ASU,KA32,12.028935,25.0,48.9759,0.4723,2.8988,8.1383,26.7883,29.2789,24.9883,48102.64,8.3547,108.612,32.0,451.802,28.9883,69.781,347.54,502.3,3.713,0.0113,0.095547,0.165245,0.117226,0.137226,40.15,-111.86,whole-lake,whole-lake,stream_images/pond-01-step-251.jpg,pond_1014,OPTIMUM,fishpond_visual_condition_v2_fixture,synthetic_condition_matched_mapping
2026-09-12T10:41:40+05:30,251,pond-02,heat_low_oxygen_critical,0.90466,synthetic_gradual_stream,CP,LRB-AZ-1201,12.028935,22.0,11.5276,0.1834,0.9907,9.3618,35.1419,37.6325,33.3419,50428.38,2.8625,37.213,35.0,726.098,37.3419,46.67,558.537,1103.9,11.142,0.0113,0.153326,0.115721,0.088337,0.108337,40.16,-111.85,whole-lake,whole-lake,stream_images/pond-02-step-251.jpg,pond_196,HIGH_PH; HIGH_TEMP,fishpond_visual_condition_v2_fixture,synthetic_condition_matched_mapping
2026-09-12T10:41:40+05:30,251,pond-03,nutrient_light_limited_stressed,0.6289,synthetic_gradual_stream,FA,C046,12.028935,28.0,15.0452,0.2799,1.0592,8.6289,21.8555,24.346,20.0555,47132.02,6.4422,83.749,25.0,194.52,24.0555,54.391,149.631,816.2,8.66,0.0113,0.134023,0.132266,0.097989,0.117989,40.14,-111.87,whole-lake,whole-lake,stream_images/pond-03-step-251.jpg,pond_940,LOW_TEMP;HIGH_PH,fishpond_visual_condition_v2_fixture,synthetic_condition_matched_mapping
2026-09-12T10:41:50+05:30,252,pond-01,stable,0.07849,synthetic_gradual_stream,ASU,KA32,12.029051,25.0,48.9518,0.4725,2.8976,8.1366,26.776,29.2571,24.976,48101.28,8.3595,108.673,32.0,448.605,28.976,69.802,345.081,501.9,3.706,0.0226,0.095494,0.165291,0.117253,0.137253,40.15,-111.86,whole-lake,whole-lake,stream_images/pond-01-step-252.jpg,pond_1015,OPTIMUM,fishpond_visual_condition_v2_fixture,synthetic_condition_matched_mapping
2026-09-12T10:41:50+05:30,252,pond-02,heat_low_oxygen_critical,0.89739,synthetic_gradual_stream,CP,LRB-AZ-1201,12.029051,22.0,11.7964,0.1859,1.0052,9.3512,35.0766,37.5576,33.2766,50415.31,2.9054,37.77,35.0,722.982,37.2766,46.873,556.14,1099.3,11.077,0.0226,0.152818,0.116156,0.088591,0.108591,40.16,-111.85,whole-lake,whole-lake,stream_images/pond-02-step-252.jpg,pond_199,HIGH_PH; HIGH_TEMP,fishpond_visual_condition_v2_fixture,synthetic_condition_matched_mapping
2026-09-12T10:41:50+05:30,252,pond-03,nutrient_light_limited_stressed,0.62179,synthetic_gradual_stream,FA,C046,12.029051,28.0,15.3046,0.2824,1.0766,8.6218,21.891,24.3721,20.091,47119.23,6.4564,83.933,25.0,196.876,24.091,54.59,151.443,812.3,8.596,0.0226,0.133526,0.132692,0.098237,0.118237,40.14,-111.87,whole-lake,whole-lake,stream_images/pond-03-step-252.jpg,pond_941,LOW_TEMP;HIGH_PH,fishpond_visual_condition_v2_fixture,synthetic_condition_matched_mapping
2026-09-12T10:42:00+05:30,253,pond-01,stable,0.07773,synthetic_gradual_stream,ASU,KA32,12.029167,25.0,48.9277,0.4728,2.8964,8.1349,26.7631,29.2347,24.9631,48099.92,8.3642,108.734,32.0,445.41,28.9631,69.823,342.623,501.5,3.7,0.0338,0.095441,0.165336,0.117279,0.137279,40.15,-111.86,whole-lake,whole-lake,stream_images/pond-01-step-253.jpg,pond_1016,OPTIMUM,fishpond_visual_condition_v2_fixture,synthetic_condition_matched_mapping
2026-09-12T10:42:00+05:30,253,pond-02,heat_low_oxygen_critical,0.88993,synthetic_gradual_stream,CP,LRB-AZ-1201,12.029167,22.0,12.0726,0.1885,1.0201,9.3404,35.0094,37.481,33.2094,50401.87,2.9494,38.342,35.0,719.78,37.2094,47.082,553.677,1094.5,11.009,0.0338,0.152295,0.116604,0.088852,0.108852,40.16,-111.85,whole-lake,whole-lake,stream_images/pond-02-step-253.jpg,pond_427,HIGH_PH; HIGH_TEMP,fishpond_visual_condition_v2_fixture,synthetic_condition_matched_mapping
2026-09-12T10:42:00+05:30,253,pond-03,nutrient_light_limited_stressed,0.61465,synthetic_gradual_stream,FA,C046,12.029167,28.0,15.5652,0.2849,1.0941,8.6147,21.9267,24.3984,20.1267,47106.38,6.4707,84.119,25.0,199.243,24.1267,54.79,153.263,808.4,8.532,0.0338,0.133026,0.133121,0.098487,0.118487,40.14,-111.87,whole-lake,whole-lake,stream_images/pond-03-step-253.jpg,pond_942,LOW_TEMP;HIGH_PH,fishpond_visual_condition_v2_fixture,synthetic_condition_matched_mapping
2026-09-12T10:42:10+05:30,254,pond-01,stable,0.07698,synthetic_gradual_stream,ASU,KA32,12.029282,25.0,48.9036,0.4731,2.8952,8.1332,26.7495,29.2117,24.9495,48098.57,8.3689,108.796,32.0,442.219,28.9495,69.844,340.168,501.2,3.693,0.0447,0.095389,0.165381,0.117306,0.137306,40.15,-111.86,whole-lake,whole-lake,stream_images/pond-01-step-254.jpg,pond_1017,OPTIMUM,fishpond_visual_condition_v2_fixture,synthetic_condition_matched_mapping
2026-09-12T10:42:10+05:30,254,pond-02,heat_low_oxygen_critical,0.88227,synthetic_gradual_stream,CP,LRB-AZ-1201,12.029282,22.0,12.3559,0.1912,1.0355,9.3293,34.9404,37.4026,33.1404,50388.09,2.9946,38.93,35.0,716.495,37.1404,47.296,551.15,1089.6,10.94,0.0447,0.151759,0.117064,0.08912,0.10912,40.16,-111.85,whole-lake,whole-lake,stream_images/pond-02-step-254.jpg,pond_428,HIGH_PH; HIGH_TEMP,fishpond_visual_condition_v2_fixture,synthetic_condition_matched_mapping
2026-09-12T10:42:10+05:30,254,pond-03,nutrient_light_limited_stressed,0.60748,synthetic_gradual_stream,FA,C046,12.029282,28.0,15.8269,0.2874,1.1117,8.6075,21.9626,24.4248,20.1626,47093.47,6.485,84.305,25.0,201.62,24.1626,54.991,155.092,804.4,8.467,0.0447,0.132524,0.133551,0.098738,0.118738,40.14,-111.87,whole-lake,whole-lake,stream_images/pond-03-step-254.jpg,pond_943,LOW_TEMP;HIGH_PH,fishpond_visual_condition_v2_fixture,synthetic_condition_matched_mapping
2026-09-12T10:42:20+05:30,255,pond-01,stable,0.07624,synthetic_gradual_stream,ASU,KA32,12.029398,25.0,48.8795,0.4733,2.894,8.1315,26.7353,29.1881,24.9353,48097.23,8.3736,108.857,32.0,439.032,28.9353,69.865,337.717,500.8,3.686,0.0554,0.095337,0.165426,0.117332,0.137332,40.15,-111.86,whole-lake,whole-lake,stream_images/pond-01-step-255.jpg,pond_1018,OPTIMUM,fishpond_visual_condition_v2_fixture,synthetic_condition_matched_mapping
2026-09-12T10:42:20+05:30,255,pond-02,heat_low_oxygen_critical,0.87443,synthetic_gradual_stream,CP,LRB-AZ-1201,12.029398,22.0,12.6462,0.194,1.0511,9.3179,34.8698,37.3226,33.0698,50373.97,3.0409,39.531,35.0,713.129,37.0698,47.516,548.561,1084.5,10.87,0.0554,0.15121,0.117534,0.089395,0.109395,40.16,-111.85,whole-lake,whole-lake,stream_images/pond-02-step-255.jpg,pond_429,HIGH_PH; HIGH_TEMP,fishpond_visual_condition_v2_fixture,synthetic_condition_matched_mapping
2026-09-12T10:42:20+05:30,255,pond-03,nutrient_light_limited_stressed,0.60028,synthetic_gradual_stream,FA,C046,12.029398,28.0,16.0897,0.2899,1.1293,8.6003,21.9986,24.4513,20.1986,47080.51,6.4994,84.493,25.0,204.006,24.1986,55.192,156.928,800.5,8.403,0.0554,0.13202,0.133983,0.09899,0.11899,40.14,-111.87,whole-lake,whole-lake,stream_images/pond-03-step-255.jpg,pond_944,LOW_TEMP;HIGH_PH,fishpond_visual_condition_v2_fixture,synthetic_condition_matched_mapping
2026-09-12T10:42:30+05:30,256,pond-01,stable,0.0755,synthetic_gradual_stream,ASU,KA32,12.029514,25.0,48.8554,0.4736,2.8928,8.1298,26.7205,29.1639,24.9205,48095.89,8.3783,108.918,32.0,435.851,28.9205,69.886,335.27,500.5,3.679,0.0658,0.095285,0.16547,0.117358,0.137358,40.15,-111.86,whole-lake,whole-lake,stream_images/pond-01-step-256.jpg,pond_1020,OPTIMUM,fishpond_visual_condition_v2_fixture,synthetic_condition_matched_mapping
2026-09-12T10:42:30+05:30,256,pond-02,heat_low_oxygen_critical,0.8664,synthetic_gradual_stream,CP,LRB-AZ-1201,12.029514,22.0,12.9431,0.1968,1.0672,9.3063,34.7976,37.241,32.9976,50359.53,3.0882,40.147,35.0,709.687,36.9976,47.741,545.913,1079.3,10.798,0.0658,0.150648,0.118016,0.089676,0.109676,40.16,-111.85,whole-lake,whole-lake,stream_images/pond-02-step-256.jpg,pond_430,HIGH_PH; HIGH_TEMP,fishpond_visual_condition_v2_fixture,synthetic_condition_matched_mapping
2026-09-12T10:42:30+05:30,256,pond-03,nutrient_light_limited_stressed,0.59306,synthetic_gradual_stream,FA,C046,12.029514,28.0,16.3533,0.2924,1.147,8.5931,22.0347,24.478,20.2347,47067.51,6.5139,84.68,25.0,206.401,24.2347,55.394,158.77,796.5,8.338,0.0658,0.131514,0.134416,0.099243,0.119243,40.14,-111.87,whole-lake,whole-lake,stream_images/pond-03-step-256.jpg,pond_945,LOW_TEMP;HIGH_PH,fishpond_visual_condition_v2_fixture,synthetic_condition_matched_mapping
2026-09-12T10:42:40+05:30,257,pond-01,stable,0.07476,synthetic_gradual_stream,ASU,KA32,12.02963,25.0,48.8313,0.4738,2.8916,8.1281,26.7052,29.1391,24.9052,48094.57,8.383,108.979,32.0,432.677,28.9052,69.907,332.828,500.1,3.673,0.0758,0.095233,0.165514,0.117383,0.137383,40.15,-111.86,whole-lake,whole-lake,stream_images/pond-01-step-257.jpg,pond_1021,OPTIMUM,fishpond_visual_condition_v2_fixture,synthetic_condition_matched_mapping
2026-09-12T10:42:40+05:30,257,pond-02,heat_low_oxygen_critical,0.85821,synthetic_gradual_stream,CP,LRB-AZ-1201,12.02963,22.0,13.2463,0.1996,1.0836,9.2944,34.7239,37.1578,32.9239,50344.77,3.1366,40.776,35.0,706.171,36.9239,47.97,543.208,1074.0,10.724,0.0758,0.150074,0.118508,0.089963,0.109963,40.16,-111.85,whole-lake,whole-lake,stream_images/pond-02-step-257.jpg,pond_061,HIGH_PH; HIGH_TEMP,fishpond_visual_condition_v2_fixture,synthetic_condition_matched_mapping
2026-09-12T10:42:40+05:30,257,pond-03,nutrient_light_limited_stressed,0.58581,synthetic_gradual_stream,FA,C046,12.02963,28.0,16.6178,0.295,1.1648,8.5858,22.0709,24.5049,20.2709,47054.46,6.5284,84.869,25.0,208.803,24.2709,55.597,160.617,792.6,8.272,0.0758,0.131007,0.134851,0.099497,0.119497,40.14,-111.87,whole-lake,whole-lake,stream_images/pond-03-step-257.jpg,pond_946,LOW_TEMP;HIGH_PH,fishpond_visual_condition_v2_fixture,synthetic_condition_matched_mapping
2026-09-12T10:42:50+05:30,258,pond-01,stable,0.07404,synthetic_gradual_stream,ASU,KA32,12.029745,25.0,48.8072,0.4741,2.8904,8.1264,26.6892,29.1138,24.8892,48093.26,8.3877,109.04,32.0,429.511,28.8892,69.927,330.393,499.8,3.666,0.0854,0.095183,0.165558,0.117409,0.137409,40.15,-111.86,whole-lake,whole-lake,stream_images/pond-01-step-258.jpg,pond_1022,OPTIMUM,fishpond_visual_condition_v2_fixture,synthetic_condition_matched_mapping
2026-09-12T10:42:50+05:30,258,pond-02,heat_low_oxygen_critical,0.84985,synthetic_gradual_stream,CP,LRB-AZ-1201,12.029745,22.0,13.5557,0.2026,1.1003,9.2823,34.6486,37.0732,32.8486,50329.72,3.1859,41.417,35.0,702.584,36.8486,48.204,540.449,1068.6,10.649,0.0854,0.149489,0.119009,0.090255,0.110255,40.16,-111.85,whole-lake,whole-lake,stream_images/pond-02-step-258.jpg,pond_062,HIGH_PH; HIGH_TEMP,fishpond_visual_condition_v2_fixture,synthetic_condition_matched_mapping
2026-09-12T10:42:50+05:30,258,pond-03,nutrient_light_limited_stressed,0.57855,synthetic_gradual_stream,FA,C046,12.029745,28.0,16.883,0.2975,1.1826,8.5785,22.1073,24.5318,20.3073,47041.39,6.5429,85.058,25.0,211.211,24.3073,55.801,162.47,788.6,8.207,0.0854,0.130498,0.135287,0.099751,0.119751,40.14,-111.87,whole-lake,whole-lake,stream_images/pond-03-step-258.jpg,pond_958,LOW_TEMP;HIGH_PH,fishpond_visual_condition_v2_fixture,synthetic_condition_matched_mapping
2026-09-12T10:43:00+05:30,259,pond-01,stable,0.07332,synthetic_gradual_stream,ASU,KA32,12.029861,25.0,48.7831,0.4743,2.8892,8.1247,26.6727,29.088,24.8727,48091.97,8.3924,109.101,32.0,426.354,28.8727,69.947,327.964,499.5,3.66,0.0945,0.095132,0.165601,0.117434,0.137434,40.15,-111.86,whole-lake,whole-lake,stream_images/pond-01-step-259.jpg,pond_1023,OPTIMUM,fishpond_visual_condition_v2_fixture,synthetic_condition_matched_mapping
2026-09-12T10:43:00+05:30,259,pond-02,heat_low_oxygen_critical,0.84133,synthetic_gradual_stream,CP,LRB-AZ-1201,12.029861,22.0,13.8709,0.2055,1.1173,9.2699,34.5719,36.9872,32.7719,50314.39,3.2362,42.07,35.0,698.929,36.7719,48.443,537.638,1063.1,10.572,0.0945,0.148893,0.11952,0.090554,0.110554,40.16,-111.85,whole-lake,whole-lake,stream_images/pond-02-step-259.jpg,pond_063,HIGH_PH; HIGH_TEMP,fishpond_visual_condition_v2_fixture,synthetic_condition_matched_mapping
2026-09-12T10:43:00+05:30,259,pond-03,nutrient_light_limited_stressed,0.57127,synthetic_gradual_stream,FA,C046,12.029861,28.0,17.1487,0.3001,1.2004,8.5713,22.1437,24.5589,20.3437,47028.28,6.5575,85.247,25.0,213.624,24.3437,56.004,164.326,784.6,8.141,0.0945,0.129989,0.135724,0.100006,0.120006,40.14,-111.87,whole-lake,whole-lake,stream_images/pond-03-step-259.jpg,pond_959,LOW_TEMP;HIGH_PH,fishpond_visual_condition_v2_fixture,synthetic_condition_matched_mapping
2026-09-12T10:43:10+05:30,260,pond-01,stable,0.07261,synthetic_gradual_stream,ASU,KA32,12.029977,25.0,48.759,0.4746,2.888,8.1231,26.6557,29.0617,24.8557,48090.7,8.397,109.161,32.0,423.207,28.8557,69.967,325.544,499.1,3.653,0.103,0.095083,0.165643,0.117459,0.137459,40.15,-111.86,whole-lake,whole-lake,stream_images/pond-01-step-260.jpg,pond_105,OPTIMUM,fishpond_visual_condition_v2_fixture,synthetic_condition_matched_mapping
2026-09-12T10:43:10+05:30,260,pond-02,heat_low_oxygen_critical,0.83266,synthetic_gradual_stream,CP,LRB-AZ-1201,12.029977,22.0,14.1916,0.2086,1.1347,9.2574,34.4939,36.8999,32.6939,50298.78,3.2873,42.735,35.0,695.21,36.6939,48.686,534.777,1057.4,10.494,0.103,0.148286,0.120041,0.090857,0.110857,40.16,-111.85,whole-lake,whole-lake,stream_images/pond-02-step-260.jpg,pond_064,HIGH_PH; HIGH_TEMP,fishpond_visual_condition_v2_fixture,synthetic_condition_matched_mapping
2026-09-12T10:43:10+05:30,260,pond-03,nutrient_light_limited_stressed,0.56398,synthetic_gradual_stream,FA,C046,12.029977,28.0,17.4149,0.3026,1.2183,8.564,22.1801,24.5861,20.3801,47015.16,6.572,85.437,25.0,216.042,24.3801,56.209,166.186,780.6,8.076,0.103,0.129478,0.136161,0.100261,0.120261,40.14,-111.87,whole-lake,whole-lake,stream_images/pond-03-step-260.jpg,pond_960,LOW_TEMP;HIGH_PH,fishpond_visual_condition_v2_fixture,synthetic_condition_matched_mapping
2026-09-12T10:43:20+05:30,261,pond-01,stable,0.07191,synthetic_gradual_stream,ASU,KA32,12.030093,25.0,48.7349,0.4748,2.8867,8.1214,26.6382,29.0349,24.8382,48089.44,8.4017,109.222,32.0,420.072,28.8382,69.986,323.132,498.8,3.647,0.111,0.095034,0.165685,0.117483,0.137483,40.15,-111.86,whole-lake,whole-lake,stream_images/pond-01-step-261.jpg,pond_106,OPTIMUM,fishpond_visual_condition_v2_fixture,synthetic_condition_matched_mapping
2026-09-12T10:43:20+05:30,261,pond-02,heat_low_oxygen_critical,0.82385,synthetic_gradual_stream,CP,LRB-AZ-1201,12.030093,22.0,14.5177,0.2117,1.1523,9.2446,34.4146,36.8113,32.6146,50282.92,3.3393,43.411,35.0,691.43,36.6146,48.932,531.869,1051.7,10.415,0.111,0.147669,0.120569,0.091165,0.111165,40.16,-111.85,whole-lake,whole-lake,stream_images/pond-02-step-261.jpg,pond_065,HIGH_PH; HIGH_TEMP,fishpond_visual_condition_v2_fixture,synthetic_condition_matched_mapping
2026-09-12T10:43:20+05:30,261,pond-03,nutrient_light_limited_stressed,0.55667,synthetic_gradual_stream,FA,C046,12.030093,28.0,17.6815,0.3052,1.2362,8.5567,22.2166,24.6133,20.4166,47002.01,6.5867,85.627,25.0,218.463,24.4166,56.413,168.049,776.6,8.01,0.111,0.128967,0.1366,0.100516,0.120516,40.14,-111.87,whole-lake,whole-lake,stream_images/pond-03-step-261.jpg,pond_961,LOW_TEMP;HIGH_PH,fishpond_visual_condition_v2_fixture,synthetic_condition_matched_mapping
2026-09-12T10:43:30+05:30,262,pond-01,stable,0.07123,synthetic_gradual_stream,ASU,KA32,12.030208,25.0,48.7108,0.4751,2.8855,8.1197,26.6203,29.0077,24.8203,48088.21,8.4063,109.282,32.0,416.949,28.8203,70.006,320.73,498.5,3.641,0.1183,0.094986,0.165726,0.117507,0.137507,40.15,-111.86,whole-lake,whole-lake,stream_images/pond-01-step-262.jpg,pond_109,OPTIMUM,fishpond_visual_condition_v2_fixture,synthetic_condition_matched_mapping
2026-09-12T10:43:30+05:30,262,pond-02,heat_low_oxygen_critical,0.8149,synthetic_gradual_stream,CP,LRB-AZ-1201,12.030208,22.0,14.8488,0.2148,1.1702,9.2316,34.3341,36.7215,32.5341,50266.82,3.3921,44.097,35.0,687.591,36.5341,49.183,528.916,1045.8,10.334,0.1183,0.147043,0.121106,0.091479,0.111479,40.16,-111.85,whole-lake,whole-lake,stream_images/pond-02-step-262.jpg,pond_071,HIGH_PH; HIGH_TEMP,fishpond_visual_condition_v2_fixture,synthetic_condition_matched_mapping
2026-09-12T10:43:30+05:30,262,pond-03,nutrient_light_limited_stressed,0.54936,synthetic_gradual_stream,FA,C046,12.030208,28.0,17.9483,0.3077,1.2541,8.5494,22.2532,24.6406,20.4532,46988.85,6.6013,85.817,25.0,220.886,24.4532,56.618,169.913,772.6,7.944,0.1183,0.128455,0.137038,0.100772,0.120772,40.14,-111.87,whole-lake,whole-lake,stream_images/pond-03-step-262.jpg,pond_962,LOW_TEMP;HIGH_PH,fishpond_visual_condition_v2_fixture,synthetic_condition_matched_mapping
2026-09-12T10:43:40+05:30,263,pond-01,stable,0.07055,synthetic_gradual_stream,ASU,KA32,12.030324,25.0,48.6867,0.4753,2.8843,8.1181,26.6018,28.98,24.8018,48086.99,8.4109,109.342,32.0,413.839,28.8018,70.025,318.338,498.2,3.635,0.1249,0.094939,0.165767,0.117531,0.137531,40.15,-111.86,whole-lake,whole-lake,stream_images/pond-01-step-263.jpg,pond_110,OPTIMUM,fishpond_visual_condition_v2_fixture,synthetic_condition_matched_mapping
2026-09-12T10:43:40+05:30,263,pond-02,heat_low_oxygen_critical,0.80582,synthetic_gradual_stream,CP,LRB-AZ-1201,12.030324,22.0,15.1846,0.218,1.1884,9.2184,34.2524,36.6306,32.4524,50250.48,3.4457,44.794,35.0,683.697,36.4524,49.437,525.921,1039.9,10.252,0.1249,0.146407,0.121651,0.091796,0.111796,40.16,-111.85,whole-lake,whole-lake,stream_images/pond-02-step-263.jpg,pond_080,HIGH_PH; HIGH_TEMP,fishpond_visual_condition_v2_fixture,synthetic_condition_matched_mapping
2026-09-12T10:43:40+05:30,263,pond-03,nutrient_light_limited_stressed,0.54205,synthetic_gradual_stream,FA,C046,12.030324,28.0,18.2152,0.3103,1.272,8.542,22.2898,24.668,20.4898,46975.69,6.6159,86.007,25.0,223.311,24.4898,56.823,171.778,768.6,7.878,0.1249,0.127943,0.137477,0.101028,0.121028,40.14,-111.87,whole-lake,whole-lake,stream_images/pond-03-step-263.jpg,pond_963,LOW_TEMP;HIGH_PH,fishpond_visual_condition_v2_fixture,synthetic_condition_matched_mapping
2026-09-12T10:43:50+05:30,264,pond-01,stable,0.06989,synthetic_gradual_stream,ASU,KA32,12.03044,25.0,48.6627,0.4755,2.8831,8.1164,26.583,28.952,24.783,48085.8,8.4155,109.401,32.0,410.745,28.783,70.043,315.958,485.4,3.629,0.1308,0.094892,0.165807,0.117554,0.137554,40.15,-111.86,whole-lake,whole-lake,stream_images/pond-01-step-264.jpg,pond_111,OPTIMUM,fishpond_visual_condition_v2_fixture,synthetic_condition_matched_mapping
2026-09-12T10:43:50+05:30,264,pond-02,heat_low_oxygen_critical,0.79662,synthetic_gradual_stream,CP,LRB-AZ-1201,12.03044,22.0,15.525,0.2212,1.2068,9.2051,34.1696,36.5387,32.3696,50233.92,3.4999,45.499,35.0,679.751,36.3696,49.695,522.885,1021.3,10.17,0.1308,0.145764,0.122203,0.092118,0.112118,40.16,-111.85,whole-lake,whole-lake,stream_images/pond-02-step-264.jpg,pond_086,HIGH_PH; HIGH_TEMP,fishpond_visual_condition_v2_fixture,synthetic_condition_matched_mapping
2026-09-12T10:43:50+05:30,264,pond-03,nutrient_light_limited_stressed,0.53473,synthetic_gradual_stream,FA,C046,12.03044,28.0,18.4822,0.3128,1.2899,8.5347,22.3263,24.6954,20.5263,46962.52,6.6305,86.197,25.0,225.736,24.5263,57.027,173.643,752.0,7.813,0.1308,0.127431,0.137916,0.101284,0.121284,40.14,-111.87,whole-lake,whole-lake,stream_images/pond-03-step-264.jpg,pond_964,LOW_TEMP;HIGH_PH,fishpond_visual_condition_v2_fixture,synthetic_condition_matched_mapping
2026-09-12T10:44:00+05:30,265,pond-01,stable,0.06925,synthetic_gradual_stream,ASU,KA32,12.030556,25.0,48.6386,0.4758,2.8819,8.1148,26.5637,28.9237,24.7637,48084.64,8.42,109.46,32.0,407.666,28.7637,70.061,313.589,485.1,3.623,0.136,0.094847,0.165845,0.117576,0.137576,40.15,-111.86,whole-lake,whole-lake,stream_images/pond-01-step-265.jpg,pond_112,OPTIMUM,fishpond_visual_condition_v2_fixture,synthetic_condition_matched_mapping
2026-09-12T10:44:00+05:30,265,pond-02,heat_low_oxygen_critical,0.78731,synthetic_gradual_stream,CP,LRB-AZ-1201,12.030556,22.0,15.8696,0.2244,1.2254,9.1916,34.0858,36.4457,32.2858,50217.16,3.5549,46.213,35.0,675.755,36.2858,49.955,519.812,1015.2,10.086,0.136,0.145112,0.122761,0.092444,0.112444,40.16,-111.85,whole-lake,whole-lake,stream_images/pond-02-step-265.jpg,pond_087,HIGH_PH; HIGH_TEMP,fishpond_visual_condition_v2_fixture,synthetic_condition_matched_mapping
2026-09-12T10:44:00+05:30,265,pond-03,nutrient_light_limited_stressed,0.52742,synthetic_gradual_stream,FA,C046,12.030556,28.0,18.7491,0.3154,1.3078,8.5274,22.3629,24.7229,20.5629,46949.36,6.6452,86.387,25.0,228.16,24.5629,57.232,175.508,748.0,7.747,0.136,0.126919,0.138355,0.10154,0.12154,40.14,-111.87,whole-lake,whole-lake,stream_images/pond-03-step-265.jpg,pond_965,LOW_TEMP;HIGH_PH,fishpond_visual_condition_v2_fixture,synthetic_condition_matched_mapping
2026-09-12T10:44:10+05:30,266,pond-01,stable,0.06861,synthetic_gradual_stream,ASU,KA32,12.030671,25.0,48.6145,0.476,2.8807,8.1132,26.5441,28.895,24.7441,48083.51,8.4245,109.519,32.0,404.605,28.7441,70.079,311.234,484.9,3.618,0.1404,0.094803,0.165883,0.117598,0.137598,40.15,-111.86,whole-lake,whole-lake,stream_images/pond-01-step-266.jpg,pond_113,OPTIMUM,fishpond_visual_condition_v2_fixture,synthetic_condition_matched_mapping
2026-09-12T10:44:10+05:30,266,pond-02,heat_low_oxygen_critical,0.77789,synthetic_gradual_stream,CP,LRB-AZ-1201,12.030671,22.0,16.2181,0.2277,1.2442,9.1779,34.001,36.3519,32.201,50200.2,3.6105,46.936,35.0,671.714,36.201,50.219,516.703,1009.1,10.001,0.1404,0.144452,0.123327,0.092774,0.112774,40.16,-111.85,whole-lake,whole-lake,stream_images/pond-02-step-266.jpg,pond_088,HIGH_PH; HIGH_TEMP,fishpond_visual_condition_v2_fixture,synthetic_condition_matched_mapping
2026-09-12T10:44:10+05:30,266,pond-03,nutrient_light_limited_stressed,0.52011,synthetic_gradual_stream,FA,C046,12.030671,28.0,19.0159,0.318,1.3257,8.5201,22.3994,24.7503,20.5994,46936.2,6.6598,86.577,25.0,230.582,24.5994,57.437,177.371,744.0,7.681,0.1404,0.126408,0.138793,0.101796,0.121796,40.14,-111.87,whole-lake,whole-lake,stream_images/pond-03-step-266.jpg,pond_966,LOW_TEMP;HIGH_PH,fishpond_visual_condition_v2_fixture,synthetic_condition_matched_mapping
2026-09-12T10:44:20+05:30,267,pond-01,stable,0.068,synthetic_gradual_stream,ASU,KA32,12.030787,25.0,48.5904,0.4762,2.8795,8.1115,26.5241,28.866,24.7241,48082.4,8.4291,109.578,32.0,401.561,28.7241,70.096,308.893,484.6,3.612,0.144,0.09476,0.16592,0.11762,0.13762,40.15,-111.86,whole-lake,whole-lake,stream_images/pond-01-step-267.jpg,pond_114,OPTIMUM,fishpond_visual_condition_v2_fixture,synthetic_condition_matched_mapping
2026-09-12T10:44:20+05:30,267,pond-02,heat_low_oxygen_critical,0.76837,synthetic_gradual_stream,CP,LRB-AZ-1201,12.030787,22.0,16.5704,0.2311,1.2633,9.1641,33.9153,36.2572,32.1153,50183.06,3.6666,47.666,35.0,667.63,36.1153,50.486,513.561,1002.8,9.915,0.144,0.143786,0.123898,0.093107,0.113107,40.16,-111.85,whole-lake,whole-lake,stream_images/pond-02-step-267.jpg,pond_089,HIGH_PH; HIGH_TEMP,fishpond_visual_condition_v2_fixture,synthetic_condition_matched_mapping
2026-09-12T10:44:20+05:30,267,pond-03,nutrient_light_limited_stressed,0.51281,synthetic_gradual_stream,FA,C046,12.030787,28.0,19.2823,0.3205,1.3436,8.5128,22.4359,24.7778,20.6359,46923.07,6.6744,86.767,25.0,233.002,24.6359,57.641,179.232,740.0,7.615,0.144,0.125897,0.139231,0.102052,0.122052,40.14,-111.87,whole-lake,whole-lake,stream_images/pond-03-step-267.jpg,pond_967,LOW_TEMP;HIGH_PH,fishpond_visual_condition_v2_fixture,synthetic_condition_matched_mapping
2026-09-12T10:44:30+05:30,268,pond-01,stable,0.0674,synthetic_gradual_stream,ASU,KA32,12.030903,25.0,48.5663,0.4764,2.8783,8.1099,26.5039,28.8368,24.7039,48081.33,8.4335,109.636,32.0,398.536,28.7039,70.113,306.566,484.4,3.607,0.1468,0.094718,0.165956,0.117641,0.137641,40.15,-111.86,whole-lake,whole-lake,stream_images/pond-01-step-268.jpg,pond_115,OPTIMUM,fishpond_visual_condition_v2_fixture,synthetic_condition_matched_mapping
2026-09-12T10:44:30+05:30,268,pond-02,heat_low_oxygen_critical,0.75875,synthetic_gradual_stream,CP,LRB-AZ-1201,12.030903,22.0,16.9261,0.2344,1.2825,9.1502,33.8288,36.1617,32.0288,50165.76,3.7233,48.404,35.0,663.506,36.0288,50.755,510.389,996.5,9.829,0.1468,0.143113,0.124475,0.093444,0.113444,40.16,-111.85,whole-lake,whole-lake,stream_images/pond-02-step-268.jpg,pond_090,HIGH_PH; HIGH_TEMP,fishpond_visual_condition_v2_fixture,synthetic_condition_matched_mapping
2026-09-12T10:44:30+05:30,268,pond-03,nutrient_light_limited_stressed,0.50553,synthetic_gradual_stream,FA,C046,12.030903,28.0,19.5483,0.3231,1.3615,8.5055,22.4724,24.8053,20.6724,46909.95,6.6889,86.956,25.0,235.418,24.6724,57.845,181.091,736.0,7.55,0.1468,0.125387,0.139668,0.102307,0.122307,40.14,-111.87,whole-lake,whole-lake,stream_images/pond-03-step-268.jpg,pond_968,LOW_TEMP;HIGH_PH,fishpond_visual_condition_v2_fixture,synthetic_condition_matched_mapping
2026-09-12T10:44:40+05:30,269,pond-01,stable,0.06682,synthetic_gradual_stream,ASU,KA32,12.031019,25.0,48.5422,0.4766,2.8771,8.1083,26.4834,28.8074,24.6834,48080.28,8.438,109.694,32.0,395.532,28.6834,70.129,304.255,484.2,3.601,0.1487,0.094678,0.165991,0.117661,0.137661,40.15,-111.86,whole-lake,whole-lake,stream_images/pond-01-step-269.jpg,pond_116,OPTIMUM,fishpond_visual_condition_v2_fixture,synthetic_condition_matched_mapping
2026-09-12T10:44:40+05:30,269,pond-02,heat_low_oxygen_stressed,0.74906,synthetic_gradual_stream,CP,LRB-AZ-1201,12.031019,22.0,17.2849,0.2378,1.3019,9.1361,33.7415,36.0656,31.9415,50148.3,3.7806,49.147,35.0,659.345,35.9415,51.026,507.188,990.1,9.742,0.1487,0.142434,0.125057,0.093783,0.113783,40.16,-111.85,whole-lake,whole-lake,stream_images/pond-02-step-269.jpg,pond_095,HIGH_PH; HIGH_TEMP,fishpond_visual_condition_v2_fixture,synthetic_condition_matched_mapping
2026-09-12T10:44:40+05:30,269,pond-03,nutrient_light_limited_stressed,0.49825,synthetic_gradual_stream,FA,C046,12.031019,28.0,19.8138,0.3256,1.3793,8.4983,22.5087,24.8328,20.7087,46896.85,6.7035,87.145,25.0,237.829,24.7087,58.049,182.946,732.0,7.484,0.1487,0.124878,0.140105,0.102561,0.122561,40.14,-111.87,whole-lake,whole-lake,stream_images/pond-03-step-269.jpg,pond_969,LOW_TEMP;HIGH_PH,fishpond_visual_condition_v2_fixture,synthetic_condition_matched_mapping
2026-09-12T10:44:50+05:30,270,pond-01,stable,0.06626,synthetic_gradual_stream,ASU,KA32,12.031134,25.0,48.5181,0.4768,2.8759,8.1067,26.4626,28.7778,24.6626,48079.28,8.4424,109.751,32.0,392.549,28.6626,70.145,301.961,484.0,3.596,0.1498,0.094639,0.166024,0.117681,0.137681,40.15,-111.86,whole-lake,whole-lake,stream_images/pond-01-step-270.jpg,pond_117,OPTIMUM,fishpond_visual_condition_v2_fixture,synthetic_condition_matched_mapping
2026-09-12T10:44:50+05:30,270,pond-02,heat_low_oxygen_stressed,0.73928,synthetic_gradual_stream,CP,LRB-AZ-1201,12.031134,22.0,17.6467,0.2413,1.3214,9.122,33.6535,35.9687,31.8535,50130.7,3.8383,49.897,35.0,655.151,35.8535,51.3,503.962,983.7,9.654,0.1498,0.14175,0.125643,0.094125,0.114125,40.16,-111.85,whole-lake,whole-lake,stream_images/pond-02-step-270.jpg,pond_096,HIGH_PH; HIGH_TEMP,fishpond_visual_condition_v2_fixture,synthetic_condition_matched_mapping
2026-09-12T10:44:50+05:30,270,pond-03,nutrient_light_limited_stressed,0.491,synthetic_gradual_stream,FA,C046,12.031134,28.0,20.0787,0.3282,1.3971,8.491,22.545,24.8603,20.745,46883.79,6.718,87.334,25.0,240.235,24.745,58.252,184.796,728.0,7.419,0.1498,0.12437,0.14054,0.102815,0.122815,40.14,-111.87,whole-lake,whole-lake,stream_images/pond-03-step-270.jpg,pond_970,LOW_TEMP;HIGH_PH,fishpond_visual_condition_v2_fixture,synthetic_condition_matched_mapping
2026-09-12T10:45:00+05:30,271,pond-01,stable,0.06572,synthetic_gradual_stream,ASU,KA32,12.03125,25.0,48.494,0.477,2.8747,8.1052,26.4417,28.7482,24.6417,48078.3,8.4468,109.808,32.0,389.588,28.6417,70.16,299.683,483.8,3.592,0.15,0.094601,0.166057,0.1177,0.1377,40.15,-111.86,whole-lake,whole-lake,stream_images/pond-01-step-271.jpg,pond_118,OPTIMUM,fishpond_visual_condition_v2_fixture,synthetic_condition_matched_mapping
2026-09-12T10:45:00+05:30,271,pond-02,heat_low_oxygen_stressed,0.72943,synthetic_gradual_stream,CP,LRB-AZ-1201,12.03125,22.0,18.0111,0.2447,1.3411,9.1077,33.5649,35.8713,31.7649,50112.97,3.8964,50.653,35.0,650.926,35.7649,51.576,500.712,977.2,9.565,0.15,0.14106,0.126234,0.09447,0.11447,40.16,-111.85,whole-lake,whole-lake,stream_images/pond-02-step-271.jpg,pond_097,HIGH_PH; HIGH_TEMP,fishpond_visual_condition_v2_fixture,synthetic_condition_matched_mapping
2026-09-12T10:45:00+05:30,271,pond-03,nutrient_light_limited_stressed,0.48376,synthetic_gradual_stream,FA,C046,12.03125,28.0,20.3428,0.3307,1.4148,8.4838,22.5812,24.8877,20.7812,46870.77,6.7325,87.522,25.0,242.634,24.7812,58.455,186.641,724.0,7.354,0.15,0.123863,0.140974,0.103068,0.123068,40.14,-111.87,whole-lake,whole-lake,stream_images/pond-03-step-271.jpg,pond_321,LOW_TEMP;HIGH_PH,fishpond_visual_condition_v2_fixture,synthetic_condition_matched_mapping
2026-09-12T10:45:10+05:30,272,pond-01,stable,0.0652,synthetic_gradual_stream,ASU,KA32,12.031366,25.0,48.4699,0.4772,2.8735,8.1036,26.4206,28.7184,24.6206,48077.37,8.4511,109.864,32.0,386.651,28.6206,70.174,297.424,483.6,3.587,0.1493,0.094564,0.166088,0.117718,0.137718,40.15,-111.86,whole-lake,whole-lake,stream_images/pond-01-step-272.jpg,pond_119,OPTIMUM,fishpond_visual_condition_v2_fixture,synthetic_condition_matched_mapping
2026-09-12T10:45:10+05:30,272,pond-02,heat_low_oxygen_stressed,0.71952,synthetic_gradual_stream,CP,LRB-AZ-1201,12.031366,22.0,18.3778,0.2482,1.361,9.0933,33.4757,35.7734,31.6757,50095.13,3.9548,51.413,35.0,646.673,35.6757,51.854,497.441,970.7,9.476,0.1493,0.140366,0.126829,0.094817,0.114817,40.16,-111.85,whole-lake,whole-lake,stream_images/pond-02-step-272.jpg,pond_098,HIGH_PH; HIGH_TEMP,fishpond_visual_condition_v2_fixture,synthetic_condition_matched_mapping
2026-09-12T10:45:10+05:30,272,pond-03,nutrient_light_limited_stressed,0.47655,synthetic_gradual_stream,FA,C046,12.031366,28.0,20.6061,0.3332,1.4325,8.4765,22.6173,24.9151,20.8173,46857.78,6.7469,87.71,25.0,245.025,24.8173,58.657,188.481,720.1,7.289,0.1493,0.123358,0.141407,0.103321,0.123321,40.14,-111.87,whole-lake,whole-lake,stream_images/pond-03-step-272.jpg,pond_322,LOW_TEMP;HIGH_PH,fishpond_visual_condition_v2_fixture,synthetic_condition_matched_mapping
2026-09-12T10:45:20+05:30,273,pond-01,stable,0.06471,synthetic_gradual_stream,ASU,KA32,12.031481,25.0,48.4458,0.4774,2.8723,8.1021,26.3994,28.6885,24.5994,48076.47,8.4554,109.92,32.0,383.739,28.5994,70.188,295.184,483.5,3.582,0.1478,0.094529,0.166118,0.117735,0.137735,40.15,-111.86,whole-lake,whole-lake,stream_images/pond-01-step-273.jpg,pond_120,OPTIMUM,fishpond_visual_condition_v2_fixture,synthetic_condition_matched_mapping
2026-09-12T10:45:20+05:30,273,pond-02,heat_low_oxygen_stressed,0.70955,synthetic_gradual_stream,CP,LRB-AZ-1201,12.031481,22.0,18.7467,0.2517,1.3809,9.0788,33.3859,35.6751,31.5859,50077.19,4.0137,52.178,35.0,642.396,35.5859,52.133,494.151,964.1,9.386,0.1478,0.139668,0.127427,0.095166,0.115166,40.16,-111.85,whole-lake,whole-lake,stream_images/pond-02-step-273.jpg,pond_099,HIGH_PH; HIGH_TEMP,fishpond_visual_condition_v2_fixture,synthetic_condition_matched_mapping
2026-09-12T10:45:20+05:30,273,pond-03,nutrient_light_limited_stressed,0.46936,synthetic_gradual_stream,FA,C046,12.031481,28.0,20.8684,0.3357,1.4501,8.4694,22.6532,24.9424,20.8532,46844.85,6.7613,87.897,25.0,247.407,24.8532,58.858,190.313,716.2,7.224,0.1478,0.122855,0.141838,0.103572,0.123572,40.14,-111.87,whole-lake,whole-lake,stream_images/pond-03-step-273.jpg,pond_323,LOW_TEMP;HIGH_PH,fishpond_visual_condition_v2_fixture,synthetic_condition_matched_mapping
2026-09-12T10:45:30+05:30,274,pond-01,stable,0.06423,synthetic_gradual_stream,ASU,KA32,12.031597,25.0,48.4217,0.4775,2.8711,8.1005,26.3781,28.6587,24.5781,48075.61,8.4597,109.976,32.0,380.851,28.5781,70.202,292.963,483.3,3.578,0.1455,0.094496,0.166146,0.117752,0.137752,40.15,-111.86,whole-lake,whole-lake,stream_images/pond-01-step-274.jpg,pond_121,OPTIMUM,fishpond_visual_condition_v2_fixture,synthetic_condition_matched_mapping
2026-09-12T10:45:30+05:30,274,pond-02,heat_low_oxygen_stressed,0.69953,synthetic_gradual_stream,CP,LRB-AZ-1201,12.031597,22.0,19.1174,0.2552,1.4009,9.0643,33.2958,35.5764,31.4958,50059.15,4.0728,52.946,35.0,638.098,35.4958,52.413,490.845,957.5,9.296,0.1455,0.138967,0.128028,0.095516,0.115516,40.16,-111.85,whole-lake,whole-lake,stream_images/pond-02-step-274.jpg,pond_100,HIGH_PH; HIGH_TEMP,fishpond_visual_condition_v2_fixture,synthetic_condition_matched_mapping
2026-09-12T10:45:30+05:30,274,pond-03,nutrient_light_limited_stressed,0.4622,synthetic_gradual_stream,FA,C046,12.031597,28.0,21.1296,0.3382,1.4676,8.4622,22.689,24.9696,20.889,46831.96,6.7756,88.083,25.0,249.78,24.889,59.058,192.139,712.2,7.16,0.1455,0.122354,0.142268,0.103823,0.123823,40.14,-111.87,whole-lake,whole-lake,stream_images/pond-03-step-274.jpg,pond_324,LOW_TEMP;HIGH_PH,fishpond_visual_condition_v2_fixture,synthetic_condition_matched_mapping
2026-09-12T10:45:40+05:30,275,pond-01,stable,0.06378,synthetic_gradual_stream,ASU,KA32,12.031713,25.0,48.3976,0.4777,2.8699,8.099,26.3568,28.6289,24.5568,48074.8,8.4639,110.031,32.0,377.991,28.5568,70.214,290.762,483.2,3.574,0.1423,0.094464,0.166173,0.117768,0.137768,40.15,-111.86,whole-lake,whole-lake,stream_images/pond-01-step-275.jpg,pond_122,OPTIMUM,fishpond_visual_condition_v2_fixture,synthetic_condition_matched_mapping
2026-09-12T10:45:40+05:30,275,pond-02,heat_low_oxygen_stressed,0.68947,synthetic_gradual_stream,CP,LRB-AZ-1201,12.031713,22.0,19.4897,0.2587,1.4211,9.0497,33.2052,35.4774,31.4052,50041.04,4.1321,53.718,35.0,633.782,35.4052,52.695,487.525,950.8,9.205,0.1423,0.138263,0.128632,0.095869,0.115869,40.16,-111.85,whole-lake,whole-lake,stream_images/pond-02-step-275.jpg,pond_141,HIGH_PH; HIGH_TEMP,fishpond_visual_condition_v2_fixture,synthetic_condition_matched_mapping
2026-09-12T10:45:40+05:30,275,pond-03,nutrient_light_limited_stressed,0.45508,synthetic_gradual_stream,FA,C046,12.031713,28.0,21.3897,0.3407,1.4851,8.4551,22.7246,24.9968,20.9246,46819.14,6.7898,88.268,25.0,252.142,24.9246,59.258,193.956,708.3,7.096,0.1423,0.121855,0.142695,0.104072,0.124072,40.14,-111.87,whole-lake,whole-lake,stream_images/pond-03-step-275.jpg,pond_325,LOW_TEMP;HIGH_PH,fishpond_visual_condition_v2_fixture,synthetic_condition_matched_mapping
2026-09-12T10:45:50+05:30,276,pond-01,stable,0.06334,synthetic_gradual_stream,ASU,KA32,12.031829,25.0,48.3735,0.4778,2.8687,8.0975,26.3354,28.5992,24.5354,48074.02,8.4681,110.085,32.0,375.158,28.5354,70.226,288.583,483.1,3.57,0.1383,0.094434,0.166199,0.117783,0.137783,40.15,-111.86,whole-lake,whole-lake,stream_images/pond-01-step-276.jpg,pond_125,OPTIMUM,fishpond_visual_condition_v2_fixture,synthetic_condition_matched_mapping
2026-09-12T10:45:50+05:30,276,pond-02,heat_low_oxygen_stressed,0.67937,synthetic_gradual_stream,CP,LRB-AZ-1201,12.031829,22.0,19.8632,0.2622,1.4413,9.0351,33.1144,35.3781,31.3144,50022.87,4.1917,54.492,35.0,629.451,35.3144,52.978,484.193,944.2,9.114,0.1383,0.137556,0.129238,0.096222,0.116222,40.16,-111.85,whole-lake,whole-lake,stream_images/pond-02-step-276.jpg,pond_142,HIGH_PH; HIGH_TEMP,fishpond_visual_condition_v2_fixture,synthetic_condition_matched_mapping
2026-09-12T10:45:50+05:30,276,pond-03,nutrient_light_limited_watch,0.44799,synthetic_gradual_stream,FA,C046,12.031829,28.0,21.6485,0.3432,1.5024,8.448,22.7601,25.0239,20.9601,46806.37,6.804,88.452,25.0,254.493,24.9601,59.456,195.764,704.5,7.032,0.1383,0.121359,0.143121,0.10432,0.12432,40.14,-111.87,whole-lake,whole-lake,stream_images/pond-03-step-276.jpg,pond_326,LOW_TEMP;HIGH_PH,fishpond_visual_condition_v2_fixture,synthetic_condition_matched_mapping
2026-09-12T10:46:00+05:30,277,pond-01,stable,0.06294,synthetic_gradual_stream,ASU,KA32,12.031944,25.0,48.3494,0.478,2.8675,8.096,26.3141,28.5696,24.5141,48073.29,8.4723,110.139,32.0,372.353,28.5141,70.238,286.426,483.0,3.566,0.1335,0.094406,0.166224,0.117797,0.137797,40.15,-111.86,whole-lake,whole-lake,stream_images/pond-01-step-277.jpg,pond_126,OPTIMUM,fishpond_visual_condition_v2_fixture,synthetic_condition_matched_mapping
2026-09-12T10:46:00+05:30,277,pond-02,heat_low_oxygen_stressed,0.66925,synthetic_gradual_stream,CP,LRB-AZ-1201,12.031944,22.0,20.2378,0.2658,1.4615,9.0204,33.0232,35.2787,31.2232,50004.65,4.2514,55.269,35.0,625.108,35.2232,53.261,480.852,937.5,9.023,0.1335,0.136847,0.129845,0.096576,0.116576,40.16,-111.85,whole-lake,whole-lake,stream_images/pond-02-step-277.jpg,pond_151,HIGH_PH; HIGH_TEMP,fishpond_visual_condition_v2_fixture,synthetic_condition_matched_mapping
2026-09-12T10:46:00+05:30,277,pond-03,nutrient_light_limited_watch,0.44093,synthetic_gradual_stream,FA,C046,12.031944,28.0,21.9059,0.3457,1.5197,8.4409,22.7953,25.0508,20.9953,46793.68,6.8181,88.636,25.0,256.83,24.9953,59.654,197.562,700.6,6.968,0.1335,0.120865,0.143544,0.104567,0.124567,40.14,-111.87,whole-lake,whole-lake,stream_images/pond-03-step-277.jpg,pond_327,LOW_TEMP;HIGH_PH,fishpond_visual_condition_v2_fixture,synthetic_condition_matched_mapping
2026-09-12T10:46:10+05:30,278,pond-01,stable,0.06255,synthetic_gradual_stream,ASU,KA32,12.03206,25.0,48.3253,0.4781,2.8663,8.0945,26.2929,28.5402,24.4929,48072.6,8.4764,110.193,32.0,369.578,28.4929,70.248,284.291,482.9,3.563,0.128,0.094379,0.166247,0.117811,0.137811,40.15,-111.86,whole-lake,whole-lake,stream_images/pond-01-step-278.jpg,pond_128,OPTIMUM,fishpond_visual_condition_v2_fixture,synthetic_condition_matched_mapping
2026-09-12T10:46:10+05:30,278,pond-02,heat_low_oxygen_stressed,0.6591,synthetic_gradual_stream,CP,LRB-AZ-1201,12.03206,22.0,20.6132,0.2693,1.4818,9.0057,32.9319,35.1792,31.1319,49986.39,4.3113,56.047,35.0,620.755,35.1319,53.545,477.504,930.8,8.932,0.128,0.136137,0.130454,0.096931,0.116931,40.16,-111.85,whole-lake,whole-lake,stream_images/pond-02-step-278.jpg,pond_152,HIGH_PH; HIGH_TEMP,fishpond_visual_condition_v2_fixture,synthetic_condition_matched_mapping
2026-09-12T10:46:10+05:30,278,pond-03,nutrient_light_limited_watch,0.43392,synthetic_gradual_stream,FA,C046,12.03206,28.0,22.1618,0.3481,1.5369,8.4339,22.8304,25.0777,21.0304,46781.06,6.8322,88.818,25.0,259.154,25.0304,59.85,199.35,696.8,6.905,0.128,0.120375,0.143965,0.104813,0.124813,40.14,-111.87,whole-lake,whole-lake,stream_images/pond-03-step-278.jpg,pond_328,LOW_TEMP;HIGH_PH,fishpond_visual_condition_v2_fixture,synthetic_condition_matched_mapping
2026-09-12T10:46:20+05:30,279,pond-01,stable,0.0622,synthetic_gradual_stream,ASU,KA32,12.032176,25.0,48.3012,0.4782,2.8651,8.093,26.2719,28.511,24.4719,48071.95,8.4804,110.245,32.0,366.834,28.4719,70.258,282.18,482.9,3.56,0.1217,0.094354,0.166268,0.117823,0.137823,40.15,-111.86,whole-lake,whole-lake,stream_images/pond-01-step-279.jpg,pond_129,OPTIMUM,fishpond_visual_condition_v2_fixture,synthetic_condition_matched_mapping
2026-09-12T10:46:20+05:30,279,pond-02,heat_low_oxygen_stressed,0.64894,synthetic_gradual_stream,CP,LRB-AZ-1201,12.032176,22.0,20.989,0.2729,1.5021,8.991,32.8405,35.0797,31.0405,49968.1,4.3712,56.826,35.0,616.397,35.0405,53.83,474.152,924.1,8.841,0.1217,0.135426,0.131063,0.097287,0.117287,40.16,-111.85,whole-lake,whole-lake,stream_images/pond-02-step-279.jpg,pond_155,HIGH_PH; HIGH_TEMP,fishpond_visual_condition_v2_fixture,synthetic_condition_matched_mapping
2026-09-12T10:46:20+05:30,279,pond-03,nutrient_light_limited_watch,0.42696,synthetic_gradual_stream,FA,C046,12.032176,28.0,22.4161,0.3506,1.554,8.427,22.8652,25.1044,21.0652,46768.52,6.8461,88.999,25.0,261.464,25.0652,60.045,201.126,693.0,6.843,0.1217,0.119887,0.144383,0.105056,0.125056,40.14,-111.87,whole-lake,whole-lake,stream_images/pond-03-step-279.jpg,pond_329,LOW_TEMP;HIGH_PH,fishpond_visual_condition_v2_fixture,synthetic_condition_matched_mapping
2026-09-12T10:46:30+05:30,280,pond-01,stable,0.06186,synthetic_gradual_stream,ASU,KA32,12.032292,25.0,48.2771,0.4783,2.8639,8.0916,26.2509,28.4821,24.4509,48071.36,8.4844,110.298,32.0,364.121,28.4509,70.268,280.093,482.9,3.557,0.1147,0.094331,0.166288,0.117835,0.137835,40.15,-111.86,whole-lake,whole-lake,stream_images/pond-01-step-280.jpg,pond_130,OPTIMUM,fishpond_visual_condition_v2_fixture,synthetic_condition_matched_mapping
2026-09-12T10:46:30+05:30,280,pond-02,heat_low_oxygen_stressed,0.63878,synthetic_gradual_stream,CP,LRB-AZ-1201,12.032292,22.0,21.3651,0.2764,1.5224,8.9762,32.749,34.9801,30.949,49949.8,4.4312,57.606,35.0,612.037,34.949,54.114,470.797,917.4,8.749,0.1147,0.134715,0.131673,0.097643,0.117643,40.16,-111.85,whole-lake,whole-lake,stream_images/pond-02-step-280.jpg,pond_157,HIGH_PH; HIGH_TEMP,fishpond_visual_condition_v2_fixture,synthetic_condition_matched_mapping
2026-09-12T10:46:30+05:30,280,pond-03,nutrient_light_limited_watch,0.42004,synthetic_gradual_stream,FA,C046,12.032292,28.0,22.6686,0.353,1.5709,8.42,22.8998,25.1309,21.0998,46756.07,6.8599,89.179,25.0,263.757,25.0998,60.239,202.89,689.2,6.78,0.1147,0.119403,0.144798,0.105299,0.125299,40.14,-111.87,whole-lake,whole-lake,stream_images/pond-03-step-280.jpg,pond_330,LOW_TEMP;HIGH_PH,fishpond_visual_condition_v2_fixture,synthetic_condition_matched_mapping
2026-09-12T10:46:40+05:30,281,pond-01,stable,0.06156,synthetic_gradual_stream,ASU,KA32,12.032407,25.0,48.253,0.4785,2.8627,8.0902,26.2302,28.4534,24.4302,48070.81,8.4884,110.349,32.0,361.441,28.4302,70.276,278.032,482.9,3.554,0.1071,0.094309,0.166306,0.117845,0.137845,40.15,-111.86,whole-lake,whole-lake,stream_images/pond-01-step-281.jpg,pond_133,OPTIMUM,fishpond_visual_condition_v2_fixture,synthetic_condition_matched_mapping
2026-09-12T10:46:40+05:30,281,pond-02,heat_low_oxygen_stressed,0.62862,synthetic_gradual_stream,CP,LRB-AZ-1201,12.032407,22.0,21.7412,0.28,1.5428,8.9615,32.6575,34.8807,30.8575,49931.51,4.4912,58.385,35.0,607.676,34.8575,54.399,467.443,910.7,8.658,0.1071,0.134003,0.132283,0.097998,0.117998,40.16,-111.85,whole-lake,whole-lake,stream_images/pond-02-step-281.jpg,pond_158,HIGH_PH; HIGH_TEMP,fishpond_visual_condition_v2_fixture,synthetic_condition_matched_mapping
2026-09-12T10:46:40+05:30,281,pond-03,nutrient_light_limited_watch,0.41317,synthetic_gradual_stream,FA,C046,12.032407,28.0,22.9193,0.3554,1.5877,8.4132,22.9342,25.1574,21.1342,46743.71,6.8737,89.358,25.0,266.034,25.1342,60.431,204.642,685.5,6.719,0.1071,0.118922,0.14521,0.105539,0.125539,40.14,-111.87,whole-lake,whole-lake,stream_images/pond-03-step-281.jpg,pond_331,LOW_TEMP;HIGH_PH,fishpond_visual_condition_v2_fixture,synthetic_condition_matched_mapping
2026-09-12T10:46:50+05:30,282,pond-01,stable,0.06128,synthetic_gradual_stream,ASU,KA32,12.032523,25.0,48.2289,0.4786,2.8614,8.0888,26.2097,28.4251,24.4097,48070.3,8.4923,110.4,32.0,358.795,28.4097,70.284,275.996,482.9,3.552,0.0988,0.09429,0.166323,0.117855,0.137855,40.15,-111.86,whole-lake,whole-lake,stream_images/pond-01-step-282.jpg,pond_134,OPTIMUM,fishpond_visual_condition_v2_fixture,synthetic_condition_matched_mapping
2026-09-12T10:46:50+05:30,282,pond-02,heat_low_oxygen_stressed,0.61846,synthetic_gradual_stream,CP,LRB-AZ-1201,12.032523,22.0,22.117,0.2835,1.5631,8.9468,32.5661,34.7815,30.7661,49913.23,4.5511,59.164,35.0,603.319,34.7661,54.683,464.092,904.0,8.566,0.0988,0.133292,0.132892,0.098354,0.118354,40.16,-111.85,whole-lake,whole-lake,stream_images/pond-02-step-282.jpg,pond_083,HIGH_PH,fishpond_visual_condition_v2_fixture,synthetic_condition_matched_mapping
2026-09-12T10:46:50+05:30,282,pond-03,nutrient_light_limited_watch,0.40635,synthetic_gradual_stream,FA,C046,12.032523,28.0,23.1681,0.3578,1.6044,8.4064,22.9682,25.1836,21.1682,46731.44,6.8873,89.535,25.0,268.294,25.1682,60.622,206.38,681.8,6.657,0.0988,0.118445,0.145619,0.105778,0.125778,40.14,-111.87,whole-lake,whole-lake,stream_images/pond-03-step-282.jpg,pond_332,LOW_TEMP;HIGH_PH,fishpond_visual_condition_v2_fixture,synthetic_condition_matched_mapping
2026-09-12T10:47:00+05:30,283,pond-01,stable,0.06103,synthetic_gradual_stream,ASU,KA32,12.032639,25.0,48.2048,0.4786,2.8602,8.0874,26.1895,28.3972,24.3895,48069.85,8.4962,110.45,32.0,356.183,28.3895,70.291,273.987,482.9,3.549,0.09,0.094272,0.166338,0.117864,0.137864,40.15,-111.86,whole-lake,whole-lake,stream_images/pond-01-step-283.jpg,pond_135,OPTIMUM,fishpond_visual_condition_v2_fixture,synthetic_condition_matched_mapping
2026-09-12T10:47:00+05:30,283,pond-02,heat_low_oxygen_stressed,0.60832,synthetic_gradual_stream,CP,LRB-AZ-1201,12.032639,22.0,22.4922,0.2871,1.5834,8.9321,32.4749,34.6825,30.6749,49894.98,4.6109,59.942,35.0,598.969,34.6749,54.967,460.745,897.3,8.475,0.09,0.132582,0.133501,0.098709,0.118709,40.16,-111.85,whole-lake,whole-lake,stream_images/pond-02-step-283.jpg,pond_084,HIGH_PH,fishpond_visual_condition_v2_fixture,synthetic_condition_matched_mapping
2026-09-12T10:47:00+05:30,283,pond-03,nutrient_light_limited_watch,0.3996,synthetic_gradual_stream,FA,C046,12.032639,28.0,23.4148,0.3601,1.621,8.3996,23.002,25.2097,21.202,46719.27,6.9008,89.711,25.0,270.534,25.202,60.811,208.103,678.1,6.596,0.09,0.117972,0.146024,0.106014,0.126014,40.14,-111.87,whole-lake,whole-lake,stream_images/pond-03-step-283.jpg,pond_333,LOW_TEMP;HIGH_PH,fishpond_visual_condition_v2_fixture,synthetic_condition_matched_mapping
2026-09-12T10:47:10+05:30,284,pond-01,stable,0.0608,synthetic_gradual_stream,ASU,KA32,12.032755,25.0,48.1807,0.4787,2.859,8.086,26.1696,28.3697,24.3696,48069.44,8.5,110.5,32.0,353.606,28.3696,70.298,272.004,483.0,3.547,0.0807,0.094256,0.166352,0.117872,0.137872,40.15,-111.86,whole-lake,whole-lake,stream_images/pond-01-step-284.jpg,pond_144,OPTIMUM,fishpond_visual_condition_v2_fixture,synthetic_condition_matched_mapping
2026-09-12T10:47:10+05:30,284,pond-02,heat_low_oxygen_stressed,0.5982,synthetic_gradual_stream,CP,LRB-AZ-1201,12.032755,22.0,22.8665,0.2906,1.6036,8.9174,32.3838,34.5838,30.5838,49876.76,4.6706,60.718,35.0,594.628,34.5838,55.25,457.406,890.6,8.384,0.0807,0.131874,0.134108,0.099063,0.119063,40.16,-111.85,whole-lake,whole-lake,stream_images/pond-02-step-284.jpg,pond_085,HIGH_PH,fishpond_visual_condition_v2_fixture,synthetic_condition_matched_mapping
2026-09-12T10:47:10+05:30,284,pond-03,nutrient_light_limited_watch,0.3929,synthetic_gradual_stream,FA,C046,12.032755,28.0,23.6593,0.3625,1.6374,8.3929,23.0355,25.2355,21.2355,46707.21,6.9142,89.885,25.0,272.755,25.2355,60.999,209.812,674.5,6.536,0.0807,0.117503,0.146426,0.106249,0.126249,40.14,-111.87,whole-lake,whole-lake,stream_images/pond-03-step-284.jpg,pond_334,LOW_TEMP;HIGH_PH,fishpond_visual_condition_v2_fixture,synthetic_condition_matched_mapping
2026-09-12T10:47:20+05:30,285,pond-01,stable,0.0606,synthetic_gradual_stream,ASU,KA32,12.03287,25.0,48.1566,0.4788,2.8578,8.0847,26.1501,28.3426,24.3501,48069.08,8.5037,110.549,32.0,351.065,28.3501,70.303,270.05,483.1,3.545,0.0709,0.094242,0.166364,0.117879,0.137879,40.15,-111.86,whole-lake,whole-lake,stream_images/pond-01-step-285.jpg,pond_145,OPTIMUM,fishpond_visual_condition_v2_fixture,synthetic_condition_matched_mapping
2026-09-12T10:47:20+05:30,285,pond-02,heat_low_oxygen_stressed,0.58811,synthetic_gradual_stream,CP,LRB-AZ-1201,12.03287,22.0,23.2398,0.2942,1.6238,8.9028,32.293,34.4855,30.493,49858.6,4.7301,61.492,35.0,590.3,34.493,55.533,454.077,883.9,8.293,0.0709,0.131168,0.134713,0.099416,0.119416,40.16,-111.85,whole-lake,whole-lake,stream_images/pond-02-step-285.jpg,pond_091,HIGH_PH,fishpond_visual_condition_v2_fixture,synthetic_condition_matched_mapping
2026-09-12T10:47:20+05:30,285,pond-03,nutrient_light_limited_watch,0.38626,synthetic_gradual_stream,FA,C046,12.03287,28.0,23.9016,0.3648,1.6537,8.3863,23.0687,25.2612,21.2687,46695.27,6.9275,90.057,25.0,274.955,25.2687,61.185,211.504,670.9,6.476,0.0709,0.117038,0.146824,0.106481,0.126481,40.14,-111.87,whole-lake,whole-lake,stream_images/pond-03-step-285.jpg,pond_495,LOW_TEMP;HIGH_PH,fishpond_visual_condition_v2_fixture,synthetic_condition_matched_mapping
2026-09-12T10:47:30+05:30,286,pond-01,stable,0.06043,synthetic_gradual_stream,ASU,KA32,12.032986,25.0,48.1325,0.4788,2.8566,8.0833,26.131,28.3161,24.331,48068.78,8.5075,110.597,32.0,348.562,28.331,70.308,268.125,483.2,3.544,0.0607,0.09423,0.166374,0.117885,0.137885,40.15,-111.86,whole-lake,whole-lake,stream_images/pond-01-step-286.jpg,pond_171,OPTIMUM,fishpond_visual_condition_v2_fixture,synthetic_condition_matched_mapping
2026-09-12T10:47:30+05:30,286,pond-02,heat_low_oxygen_stressed,0.57806,synthetic_gradual_stream,CP,LRB-AZ-1201,12.032986,22.0,23.6117,0.2977,1.6439,8.8882,32.2026,34.3876,30.4026,49840.51,4.7894,62.263,35.0,585.988,34.4026,55.814,450.76,877.3,8.203,0.0607,0.130464,0.135316,0.099768,0.119768,40.16,-111.85,whole-lake,whole-lake,stream_images/pond-02-step-286.jpg,pond_092,HIGH_PH,fishpond_visual_condition_v2_fixture,synthetic_condition_matched_mapping
2026-09-12T10:47:30+05:30,286,pond-03,nutrient_light_limited_watch,0.37969,synthetic_gradual_stream,FA,C046,12.032986,28.0,24.1414,0.3671,1.6698,8.3797,23.1016,25.2867,21.3016,46683.44,6.9406,90.228,25.0,277.134,25.3016,61.369,213.18,667.3,6.417,0.0607,0.116578,0.147219,0.106711,0.126711,40.14,-111.87,whole-lake,whole-lake,stream_images/pond-03-step-286.jpg,pond_496,LOW_TEMP;HIGH_PH,fishpond_visual_condition_v2_fixture,synthetic_condition_matched_mapping
2026-09-12T10:47:40+05:30,287,pond-01,stable,0.06029,synthetic_gradual_stream,ASU,KA32,12.033102,25.0,48.1084,0.4789,2.8554,8.082,26.1123,28.2901,24.3123,48068.52,8.5111,110.644,32.0,346.097,28.3123,70.312,266.228,483.3,3.543,0.0501,0.09422,0.166383,0.11789,0.13789,40.15,-111.86,whole-lake,whole-lake,stream_images/pond-01-step-287.jpg,pond_177,OPTIMUM,fishpond_visual_condition_v2_fixture,synthetic_condition_matched_mapping
2026-09-12T10:47:40+05:30,287,pond-02,heat_low_oxygen_stressed,0.56805,synthetic_gradual_stream,CP,LRB-AZ-1201,12.033102,22.0,23.982,0.3012,1.6639,8.8737,32.1125,34.2903,30.3125,49822.5,4.8485,63.03,35.0,581.695,34.3125,56.094,447.458,870.7,8.112,0.0501,0.129764,0.135917,0.100118,0.120118,40.16,-111.85,whole-lake,whole-lake,stream_images/pond-02-step-287.jpg,pond_093,HIGH_PH,fishpond_visual_condition_v2_fixture,synthetic_condition_matched_mapping
2026-09-12T10:47:40+05:30,287,pond-03,nutrient_light_limited_watch,0.37318,synthetic_gradual_stream,FA,C046,12.033102,28.0,24.3788,0.3694,1.6857,8.3732,23.1341,25.3119,21.3341,46671.73,6.9536,90.397,25.0,279.29,25.3341,61.551,214.838,663.8,6.359,0.0501,0.116123,0.147609,0.106939,0.126939,40.14,-111.87,whole-lake,whole-lake,stream_images/pond-03-step-287.jpg,pond_497,LOW_TEMP;HIGH_PH,fishpond_visual_condition_v2_fixture,synthetic_condition_matched_mapping
2026-09-12T10:47:50+05:30,288,pond-01,stable,0.06018,synthetic_gradual_stream,ASU,KA32,12.033218,25.0,48.0843,0.4789,2.8542,8.0807,26.094,28.2647,24.294,48068.32,8.5147,110.691,32.0,343.671,28.294,70.315,264.362,471.0,3.542,0.0393,0.094212,0.166389,0.117894,0.137894,40.15,-111.86,whole-lake,whole-lake,stream_images/pond-01-step-288.jpg,pond_181,OPTIMUM,fishpond_visual_condition_v2_fixture,synthetic_condition_matched_mapping
2026-09-12T10:47:50+05:30,288,pond-02,heat_low_oxygen_stressed,0.5581,synthetic_gradual_stream,CP,LRB-AZ-1201,12.033218,22.0,24.3504,0.3047,1.6838,8.8592,32.0229,34.1935,30.2229,49804.58,4.9072,63.794,35.0,577.424,34.2229,56.373,444.172,851.6,8.023,0.0393,0.129067,0.136514,0.100467,0.120467,40.16,-111.85,whole-lake,whole-lake,stream_images/pond-02-step-288.jpg,pond_094,HIGH_PH,fishpond_visual_condition_v2_fixture,synthetic_condition_matched_mapping
2026-09-12T10:47:50+05:30,288,pond-03,nutrient_light_limited_watch,0.36675,synthetic_gradual_stream,FA,C046,12.033218,28.0,24.6136,0.3716,1.7015,8.3668,23.1662,25.3369,21.3662,46660.15,6.9665,90.564,25.0,281.422,25.3662,61.731,216.478,647.8,6.301,0.0393,0.115673,0.147995,0.107164,0.127164,40.14,-111.87,whole-lake,whole-lake,stream_images/pond-03-step-288.jpg,pond_498,LOW_TEMP;HIGH_PH,fishpond_visual_condition_v2_fixture,synthetic_condition_matched_mapping
2026-09-12T10:48:00+05:30,289,pond-01,stable,0.06009,synthetic_gradual_stream,ASU,KA32,12.033333,25.0,48.0602,0.479,2.853,8.0794,26.0763,28.2398,24.2763,48068.16,8.5182,110.737,32.0,341.285,28.2763,70.317,262.527,471.1,3.541,0.0282,0.094206,0.166395,0.117897,0.137897,40.15,-111.86,whole-lake,whole-lake,stream_images/pond-01-step-289.jpg,pond_184,OPTIMUM,fishpond_visual_condition_v2_fixture,synthetic_condition_matched_mapping
2026-09-12T10:48:00+05:30,289,pond-02,heat_low_oxygen_stressed,0.5482,synthetic_gradual_stream,CP,LRB-AZ-1201,12.033333,22.0,24.7166,0.3081,1.7036,8.8449,31.9338,34.0974,30.1338,49786.76,4.9656,64.553,35.0,573.178,34.1338,56.65,440.906,845.1,7.934,0.0282,0.128374,0.137108,0.100813,0.120813,40.16,-111.85,whole-lake,whole-lake,stream_images/pond-02-step-289.jpg,pond_101,HIGH_PH,fishpond_visual_condition_v2_fixture,synthetic_condition_matched_mapping
2026-09-12T10:48:00+05:30,289,pond-03,nutrient_light_limited_watch,0.36039,synthetic_gradual_stream,FA,C046,12.033333,28.0,24.8456,0.3739,1.717,8.3604,23.198,25.3616,21.398,46648.71,6.9792,90.73,25.0,283.53,25.398,61.909,218.1,644.4,6.244,0.0282,0.115228,0.148376,0.107386,0.127386,40.14,-111.87,whole-lake,whole-lake,stream_images/pond-03-step-289.jpg,pond_499,LOW_TEMP;HIGH_PH,fishpond_visual_condition_v2_fixture,synthetic_condition_matched_mapping
2026-09-12T10:48:10+05:30,290,pond-01,stable,0.06003,synthetic_gradual_stream,ASU,KA32,12.033449,25.0,48.0361,0.479,2.8518,8.0782,26.0591,28.2157,24.2591,48068.06,8.5217,110.782,32.0,338.939,28.2591,70.319,260.722,471.3,3.54,0.017,0.094202,0.166398,0.117899,0.137899,40.15,-111.86,whole-lake,whole-lake,stream_images/pond-01-step-290.jpg,pond_189,OPTIMUM,fishpond_visual_condition_v2_fixture,synthetic_condition_matched_mapping
2026-09-12T10:48:10+05:30,290,pond-02,heat_low_oxygen_stressed,0.53837,synthetic_gradual_stream,CP,LRB-AZ-1201,12.033449,22.0,25.0804,0.3116,1.7233,8.8306,31.8453,34.0019,30.0453,49769.06,5.0236,65.307,35.0,568.96,34.0453,56.926,437.661,838.6,7.845,0.017,0.127686,0.137698,0.101157,0.121157,40.16,-111.85,whole-lake,whole-lake,stream_images/pond-02-step-290.jpg,pond_102,HIGH_PH,fishpond_visual_condition_v2_fixture,synthetic_condition_matched_mapping
2026-09-12T10:48:10+05:30,290,pond-03,nutrient_light_limited_watch,0.35411,synthetic_gradual_stream,FA,C046,12.033449,28.0,25.0749,0.3761,1.7324,8.3541,23.2294,25.3861,21.4294,46637.4,6.9918,90.893,25.0,285.611,25.4294,62.085,219.701,641.0,6.187,0.017,0.114788,0.148753,0.107606,0.127606,40.14,-111.87,whole-lake,whole-lake,stream_images/pond-03-step-290.jpg,pond_500,LOW_TEMP;HIGH_PH,fishpond_visual_condition_v2_fixture,synthetic_condition_matched_mapping
2026-09-12T10:48:20+05:30,291,pond-01,stable,0.06,synthetic_gradual_stream,ASU,KA32,12.033565,25.0,48.012,0.479,2.8506,8.077,26.0424,28.1922,24.2424,48068.01,8.5251,110.826,32.0,336.635,28.2424,70.32,258.95,471.6,3.54,0.0057,0.0942,0.1664,0.1179,0.1379,40.15,-111.86,whole-lake,whole-lake,stream_images/pond-01-step-291.jpg,pond_190,OPTIMUM,fishpond_visual_condition_v2_fixture,synthetic_condition_matched_mapping
2026-09-12T10:48:20+05:30,291,pond-02,heat_low_oxygen_stressed,0.52861,synthetic_gradual_stream,CP,LRB-AZ-1201,12.033565,22.0,25.4415,0.315,1.7428,8.8165,31.7575,33.9073,29.9575,49751.5,5.0812,66.056,35.0,564.773,33.9575,57.199,434.441,832.2,7.757,0.0057,0.127003,0.138283,0.101499,0.121499,40.16,-111.85,whole-lake,whole-lake,stream_images/pond-02-step-291.jpg,pond_103,HIGH_PH,fishpond_visual_condition_v2_fixture,synthetic_condition_matched_mapping
2026-09-12T10:48:20+05:30,291,pond-03,nutrient_light_limited_watch,0.34791,synthetic_gradual_stream,FA,C046,12.033565,28.0,25.3012,0.3782,1.7476,8.3479,23.2604,25.4102,21.4604,46626.24,7.0042,91.054,25.0,287.667,25.4604,62.258,221.282,637.7,6.131,0.0057,0.114354,0.149125,0.107823,0.127823,40.14,-111.87,whole-lake,whole-lake,stream_images/pond-03-step-291.jpg,pond_501,LOW_TEMP;HIGH_PH,fishpond_visual_condition_v2_fixture,synthetic_condition_matched_mapping
2026-09-12T10:48:30+05:30,292,pond-01,stable,0.06,synthetic_gradual_stream,ASU,KA32,12.033681,25.0,47.988,0.479,2.8494,8.0758,26.0264,28.1695,24.2264,48068.01,8.5284,110.87,32.0,334.374,28.2264,70.32,257.21,471.8,3.54,0.0,0.0942,0.1664,0.1179,0.1379,40.15,-111.86,whole-lake,whole-lake,stream_images/pond-01-step-292.jpg,pond_191,OPTIMUM,fishpond_visual_condition_v2_fixture,synthetic_condition_matched_mapping
2026-09-12T10:48:30+05:30,292,pond-02,heat_low_oxygen_stressed,0.51893,synthetic_gradual_stream,CP,LRB-AZ-1201,12.033681,22.0,25.7996,0.3184,1.7621,8.8024,31.6704,33.8135,29.8704,49734.07,5.1383,66.798,35.0,560.621,33.8704,57.47,431.247,825.9,7.67,0.0,0.126325,0.138864,0.101837,0.121837,40.16,-111.85,whole-lake,whole-lake,stream_images/pond-02-step-292.jpg,pond_104,HIGH_PH,fishpond_visual_condition_v2_fixture,synthetic_condition_matched_mapping
2026-09-12T10:48:30+05:30,292,pond-03,nutrient_light_limited_watch,0.3418,synthetic_gradual_stream,FA,C046,12.033681,28.0,25.5244,0.3804,1.7626,8.3418,23.291,25.4341,21.491,46615.23,7.0164,91.213,25.0,289.694,25.491,62.43,222.842,634.4,6.076,0.0,0.113926,0.149492,0.108037,0.128037,40.14,-111.87,whole-lake,whole-lake,stream_images/pond-03-step-292.jpg,pond_502,LOW_TEMP;HIGH_PH,fishpond_visual_condition_v2_fixture,synthetic_condition_matched_mapping
2026-09-12T10:48:40+05:30,293,pond-01,stable,0.06003,synthetic_gradual_stream,ASU,KA32,12.033796,25.0,47.9639,0.479,2.8482,8.0746,26.0109,28.1475,24.2109,48068.06,8.5317,110.912,32.0,332.155,28.2109,70.319,255.504,472.1,3.54,0.0,0.094202,0.166398,0.117899,0.137899,40.15,-111.86,whole-lake,whole-lake,stream_images/pond-01-step-293.jpg,pond_200,OPTIMUM,fishpond_visual_condition_v2_fixture,synthetic_condition_matched_mapping
2026-09-12T10:48:40+05:30,293,pond-02,heat_low_oxygen_stressed,0.50934,synthetic_gradual_stream,CP,LRB-AZ-1201,12.033796,22.0,26.1545,0.3217,1.7813,8.7885,31.584,33.7206,29.784,49716.81,5.1949,67.534,35.0,556.506,33.784,57.739,428.082,819.6,7.584,0.0,0.125654,0.13944,0.102173,0.122173,40.16,-111.85,whole-lake,whole-lake,stream_images/pond-02-step-293.jpg,pond_107,HIGH_PH,fishpond_visual_condition_v2_fixture,synthetic_condition_matched_mapping
2026-09-12T10:48:40+05:30,293,pond-03,nutrient_light_limited_watch,0.33577,synthetic_gradual_stream,FA,C046,12.033796,28.0,25.7445,0.3825,1.7774,8.3358,23.3212,25.4577,21.5212,46604.38,7.0285,91.37,25.0,291.693,25.5212,62.599,224.379,631.2,6.022,0.0,0.113504,0.149854,0.108248,0.128248,40.14,-111.87,whole-lake,whole-lake,stream_images/pond-03-step-293.jpg,pond_503,LOW_TEMP;HIGH_PH,fishpond_visual_condition_v2_fixture,synthetic_condition_matched_mapping
2026-09-12T10:48:50+05:30,294,pond-01,stable,0.06009,synthetic_gradual_stream,ASU,KA32,12.033912,25.0,47.9398,0.479,2.847,8.0734,25.9961,28.1263,24.1961,48068.16,8.5349,110.954,32.0,329.981,28.1961,70.317,253.831,472.4,3.541,0.0,0.094206,0.166395,0.117897,0.137897,40.15,-111.86,whole-lake,whole-lake,stream_images/pond-01-step-294.jpg,pond_211,OPTIMUM,fishpond_visual_condition_v2_fixture,synthetic_condition_matched_mapping
2026-09-12T10:48:50+05:30,294,pond-02,heat_low_oxygen_stressed,0.49984,synthetic_gradual_stream,CP,LRB-AZ-1201,12.033912,22.0,26.5059,0.3251,1.8003,8.7748,31.4986,33.6287,29.6986,49699.71,5.2509,68.262,35.0,552.432,33.6986,58.004,424.948,813.3,7.499,0.0,0.124989,0.14001,0.102506,0.122506,40.16,-111.85,whole-lake,whole-lake,stream_images/pond-02-step-294.jpg,pond_108,HIGH_PH,fishpond_visual_condition_v2_fixture,synthetic_condition_matched_mapping
2026-09-12T10:48:50+05:30,294,pond-03,nutrient_light_limited_watch,0.32983,synthetic_gradual_stream,FA,C046,12.033912,28.0,25.9613,0.3846,1.7919,8.3298,23.3509,25.481,21.5509,46593.69,7.0403,91.525,25.0,293.663,25.5509,62.765,225.894,628.1,5.968,0.0,0.113088,0.15021,0.108456,0.128456,40.14,-111.87,whole-lake,whole-lake,stream_images/pond-03-step-294.jpg,pond_504,LOW_TEMP;HIGH_PH,fishpond_visual_condition_v2_fixture,synthetic_condition_matched_mapping
2026-09-12T10:49:00+05:30,295,pond-01,stable,0.06018,synthetic_gradual_stream,ASU,KA32,12.034028,25.0,47.9157,0.4789,2.8458,8.0723,25.982,28.1058,24.182,48068.32,8.5381,110.995,32.0,327.851,28.182,70.315,252.193,472.7,3.542,0.0,0.094212,0.166389,0.117894,0.137894,40.15,-111.86,whole-lake,whole-lake,stream_images/pond-01-step-295.jpg,pond_212,OPTIMUM,fishpond_visual_condition_v2_fixture,synthetic_condition_matched_mapping
2026-09-12T10:49:00+05:30,295,pond-02,heat_low_oxygen_stressed,0.49045,synthetic_gradual_stream,CP,LRB-AZ-1201,12.034028,22.0,26.8535,0.3283,1.8191,8.7611,31.414,33.5378,29.614,49682.8,5.3064,68.983,35.0,548.401,33.614,58.268,421.847,807.2,7.414,0.0,0.124331,0.140573,0.102834,0.122834,40.16,-111.85,whole-lake,whole-lake,stream_images/pond-02-step-295.jpg,pond_123,HIGH_PH,fishpond_visual_condition_v2_fixture,synthetic_condition_matched_mapping
2026-09-12T10:49:00+05:30,295,pond-03,nutrient_light_limited_watch,0.32398,synthetic_gradual_stream,FA,C046,12.034028,28.0,26.1748,0.3866,1.8063,8.324,23.3801,25.5039,21.5801,46583.16,7.052,91.677,25.0,295.601,25.5801,62.929,227.385,625.0,5.916,0.0,0.112678,0.150561,0.108661,0.128661,40.14,-111.87,whole-lake,whole-lake,stream_images/pond-03-step-295.jpg,pond_505,LOW_TEMP;HIGH_PH,fishpond_visual_condition_v2_fixture,synthetic_condition_matched_mapping
2026-09-12T10:49:10+05:30,296,pond-01,stable,0.06029,synthetic_gradual_stream,ASU,KA32,12.034144,25.0,47.8916,0.4789,2.8446,8.0712,25.9686,28.0863,24.1686,48068.52,8.5412,111.035,32.0,325.767,28.1686,70.312,250.59,473.1,3.543,0.0,0.09422,0.166383,0.11789,0.13789,40.15,-111.86,whole-lake,whole-lake,stream_images/pond-01-step-296.jpg,pond_213,OPTIMUM,fishpond_visual_condition_v2_fixture,synthetic_condition_matched_mapping
2026-09-12T10:49:10+05:30,296,pond-02,heat_low_oxygen_stressed,0.48116,synthetic_gradual_stream,CP,LRB-AZ-1201,12.034144,22.0,27.1971,0.3316,1.8377,8.7477,31.3304,33.4481,29.5304,49666.09,5.3612,69.695,35.0,544.418,33.5304,58.528,418.783,801.1,7.33,0.0,0.123681,0.14113,0.103159,0.123159,40.16,-111.85,whole-lake,whole-lake,stream_images/pond-02-step-296.jpg,pond_124,HIGH_PH,fishpond_visual_condition_v2_fixture,synthetic_condition_matched_mapping
2026-09-12T10:49:10+05:30,296,pond-03,nutrient_light_limited_watch,0.31823,synthetic_gradual_stream,FA,C046,12.034144,28.0,26.3848,0.3886,1.8203,8.3182,23.4089,25.5265,21.6089,46572.81,7.0635,91.826,25.0,297.508,25.6089,63.09,228.852,621.9,5.864,0.0,0.112276,0.150906,0.108862,0.128862,40.14,-111.87,whole-lake,whole-lake,stream_images/pond-03-step-296.jpg,pond_506,LOW_TEMP;HIGH_PH,fishpond_visual_condition_v2_fixture,synthetic_condition_matched_mapping
2026-09-12T10:49:20+05:30,297,pond-01,stable,0.06043,synthetic_gradual_stream,ASU,KA32,12.034259,25.0,47.8675,0.4788,2.8434,8.0701,25.9559,28.0675,24.1559,48068.78,8.5442,111.074,32.0,323.729,28.1559,70.308,249.023,473.4,3.544,0.0,0.09423,0.166374,0.117885,0.137885,40.15,-111.86,whole-lake,whole-lake,stream_images/pond-01-step-297.jpg,pond_214,OPTIMUM,fishpond_visual_condition_v2_fixture,synthetic_condition_matched_mapping
2026-09-12T10:49:20+05:30,297,pond-02,heat_low_oxygen_stressed,0.47199,synthetic_gradual_stream,CP,LRB-AZ-1201,12.034259,22.0,27.5364,0.3348,1.856,8.7344,31.2479,33.3595,29.4479,49649.58,5.4153,70.398,35.0,540.484,33.4479,58.784,415.757,795.1,7.248,0.0,0.123039,0.141681,0.10348,0.12348,40.16,-111.85,whole-lake,whole-lake,stream_images/pond-02-step-297.jpg,pond_127,HIGH_PH,fishpond_visual_condition_v2_fixture,synthetic_condition_matched_mapping
2026-09-12T10:49:20+05:30,297,pond-03,nutrient_light_limited_watch,0.31257,synthetic_gradual_stream,FA,C046,12.034259,28.0,26.5911,0.3906,1.8342,8.3126,23.4371,25.5488,21.6371,46562.63,7.0749,91.973,25.0,299.382,25.6371,63.248,230.294,618.9,5.813,0.0,0.11188,0.151246,0.10906,0.12906,40.14,-111.87,whole-lake,whole-lake,stream_images/pond-03-step-297.jpg,pond_507,LOW_TEMP;HIGH_PH,fishpond_visual_condition_v2_fixture,synthetic_condition_matched_mapping
2026-09-12T10:49:30+05:30,298,pond-01,stable,0.0606,synthetic_gradual_stream,ASU,KA32,12.034375,25.0,47.8434,0.4788,2.8422,8.069,25.944,28.0497,24.144,48069.08,8.5471,111.113,32.0,321.739,28.144,70.303,247.491,473.8,3.545,0.0,0.094242,0.166364,0.117879,0.137879,40.15,-111.86,whole-lake,whole-lake,stream_images/pond-01-step-298.jpg,pond_215,OPTIMUM,fishpond_visual_condition_v2_fixture,synthetic_condition_matched_mapping
2026-09-12T10:49:30+05:30,298,pond-02,heat_low_oxygen_stressed,0.46294,synthetic_gradual_stream,CP,LRB-AZ-1201,12.034375,22.0,27.8711,0.338,1.8741,8.7213,31.1665,33.2722,29.3665,49633.3,5.4686,71.092,35.0,536.602,33.3665,59.038,412.771,789.2,7.166,0.0,0.122406,0.142223,0.103797,0.123797,40.16,-111.85,whole-lake,whole-lake,stream_images/pond-02-step-298.jpg,pond_131,HIGH_PH,fishpond_visual_condition_v2_fixture,synthetic_condition_matched_mapping
2026-09-12T10:49:30+05:30,298,pond-03,nutrient_light_limited_watch,0.30702,synthetic_gradual_stream,FA,C046,12.034375,28.0,26.7938,0.3925,1.8478,8.307,23.4649,25.5706,21.6649,46552.63,7.086,92.118,25.0,301.223,25.6649,63.403,231.71,616.0,5.763,0.0,0.111491,0.151579,0.109254,0.129254,40.14,-111.87,whole-lake,whole-lake,stream_images/pond-03-step-298.jpg,pond_508,LOW_TEMP;HIGH_PH,fishpond_visual_condition_v2_fixture,synthetic_condition_matched_mapping
2026-09-12T10:49:40+05:30,299,pond-01,stable,0.0608,synthetic_gradual_stream,ASU,KA32,12.034491,25.0,47.8193,0.4787,2.841,8.068,25.9328,28.0328,24.1328,48069.44,8.55,111.15,32.0,319.796,28.1328,70.298,245.997,474.2,3.547,0.0,0.094256,0.166352,0.117872,0.137872,40.15,-111.86,whole-lake,whole-lake,stream_images/pond-01-step-299.jpg,pond_216,OPTIMUM,fishpond_visual_condition_v2_fixture,synthetic_condition_matched_mapping
2026-09-12T10:49:40+05:30,299,pond-02,heat_low_oxygen_stressed,0.45403,synthetic_gradual_stream,CP,LRB-AZ-1201,12.034491,22.0,28.201,0.3411,1.8919,8.7083,31.0862,33.1862,29.2862,49617.25,5.5212,71.776,35.0,532.777,33.2862,59.287,409.829,783.3,7.086,0.0,0.121782,0.142758,0.104109,0.124109,40.16,-111.85,whole-lake,whole-lake,stream_images/pond-02-step-299.jpg,pond_132,HIGH_PH,fishpond_visual_condition_v2_fixture,synthetic_condition_matched_mapping
2026-09-12T10:49:40+05:30,299,pond-03,nutrient_light_limited_watch,0.30157,synthetic_gradual_stream,FA,C046,12.034491,28.0,26.9927,0.3945,1.8612,8.3016,23.4921,25.5921,21.6921,46542.83,7.0969,92.259,25.0,303.029,25.6921,63.556,233.099,613.1,5.714,0.0,0.11111,0.151906,0.109445,0.129445,40.14,-111.87,whole-lake,whole-lake,stream_images/pond-03-step-299.jpg,pond_509,LOW_TEMP;HIGH_PH,fishpond_visual_condition_v2_fixture,synthetic_condition_matched_mapping
2026-09-12T10:49:50+05:30,300,pond-01,stable,0.06103,synthetic_gradual_stream,ASU,KA32,12.034606,25.0,47.7952,0.4786,2.8398,8.067,25.9224,28.0167,24.1224,48069.85,8.5528,111.187,32.0,317.901,28.1224,70.291,244.539,474.7,3.549,0.0,0.094272,0.166338,0.117864,0.137864,40.15,-111.86,whole-lake,whole-lake,stream_images/pond-01-step-300.jpg,pond_217,OPTIMUM,fishpond_visual_condition_v2_fixture,synthetic_condition_matched_mapping
2026-09-12T10:49:50+05:30,300,pond-02,heat_low_oxygen_watch,0.44525,synthetic_gradual_stream,CP,LRB-AZ-1201,12.034606,22.0,28.5258,0.3442,1.9095,8.6956,31.0072,33.1016,29.2072,49601.45,5.573,72.449,35.0,529.011,33.2072,59.533,406.932,777.6,7.007,0.0,0.121167,0.143285,0.104416,0.124416,40.16,-111.85,whole-lake,whole-lake,stream_images/pond-02-step-300.jpg,pond_136,HIGH_PH,fishpond_visual_condition_v2_fixture,synthetic_condition_matched_mapping
2026-09-12T10:49:50+05:30,300,pond-03,nutrient_light_limited_watch,0.29623,synthetic_gradual_stream,FA,C046,12.034606,28.0,27.1876,0.3963,1.8742,8.2962,23.5188,25.6132,21.7188,46533.21,7.1075,92.398,25.0,304.8,25.7188,63.706,234.461,610.3,5.666,0.0,0.110736,0.152226,0.109632,0.129632,40.14,-111.87,whole-lake,whole-lake,stream_images/pond-03-step-300.jpg,pond_510,LOW_TEMP;HIGH_PH,fishpond_visual_condition_v2_fixture,synthetic_condition_matched_mapping
2026-09-12T10:50:00+05:30,301,pond-01,stable,0.06128,synthetic_gradual_stream,ASU,KA32,12.034722,25.0,47.7711,0.4786,2.8386,8.066,25.9127,28.0017,24.1127,48070.3,8.5555,111.222,32.0,316.056,28.1127,70.284,243.12,475.2,3.552,0.0,0.09429,0.166323,0.117855,0.137855,40.15,-111.86,whole-lake,whole-lake,stream_images/pond-01-step-301.jpg,pond_218,OPTIMUM,fishpond_visual_condition_v2_fixture,synthetic_condition_matched_mapping
2026-09-12T10:50:00+05:30,301,pond-02,heat_low_oxygen_watch,0.43661,synthetic_gradual_stream,CP,LRB-AZ-1201,12.034722,22.0,28.8453,0.3472,1.9268,8.6831,30.9295,33.0185,29.1295,49585.91,5.624,73.112,35.0,525.308,33.1295,59.775,404.083,772.0,6.93,0.0,0.120563,0.143803,0.104719,0.124719,40.16,-111.85,whole-lake,whole-lake,stream_images/pond-02-step-301.jpg,pond_137,HIGH_PH,fishpond_visual_condition_v2_fixture,synthetic_condition_matched_mapping
2026-09-12T10:50:00+05:30,301,pond-03,nutrient_light_limited_watch,0.291,synthetic_gradual_stream,FA,C046,12.034722,28.0,27.3785,0.3981,1.887,8.291,23.545,25.6339,21.745,46523.8,7.118,92.534,25.0,306.533,25.745,63.852,235.795,607.6,5.619,0.0,0.11037,0.15254,0.109815,0.129815,40.14,-111.87,whole-lake,whole-lake,stream_images/pond-03-step-301.jpg,pond_511,LOW_TEMP;HIGH_PH,fishpond_visual_condition_v2_fixture,synthetic_condition_matched_mapping
2026-09-12T10:50:10+05:30,302,pond-01,stable,0.06156,synthetic_gradual_stream,ASU,KA32,12.034838,25.0,47.747,0.4785,2.8373,8.065,25.9039,27.9875,24.1039,48070.81,8.5582,111.257,32.0,314.26,28.1039,70.276,241.738,475.6,3.554,0.0,0.094309,0.166306,0.117845,0.137845,40.15,-111.86,whole-lake,whole-lake,stream_images/pond-01-step-302.jpg,pond_219,OPTIMUM,fishpond_visual_condition_v2_fixture,synthetic_condition_matched_mapping
2026-09-12T10:50:10+05:30,302,pond-02,heat_low_oxygen_watch,0.42813,synthetic_gradual_stream,CP,LRB-AZ-1201,12.034838,22.0,29.1591,0.3502,1.9437,8.6708,30.8532,32.9368,29.0532,49570.64,5.674,73.762,35.0,521.669,33.0532,60.012,401.284,766.5,6.853,0.0,0.119969,0.144312,0.105015,0.125015,40.16,-111.85,whole-lake,whole-lake,stream_images/pond-02-step-302.jpg,pond_138,HIGH_PH,fishpond_visual_condition_v2_fixture,synthetic_condition_matched_mapping
2026-09-12T10:50:10+05:30,302,pond-03,nutrient_light_limited_watch,0.28588,synthetic_gradual_stream,FA,C046,12.034838,28.0,27.5652,0.3999,1.8996,8.2859,23.5706,25.6542,21.7706,46514.59,7.1282,92.667,25.0,308.23,25.7706,63.995,237.1,605.0,5.573,0.0,0.110012,0.152847,0.109994,0.129994,40.14,-111.87,whole-lake,whole-lake,stream_images/pond-03-step-302.jpg,pond_512,LOW_TEMP;HIGH_PH,fishpond_visual_condition_v2_fixture,synthetic_condition_matched_mapping
2026-09-12T10:50:20+05:30,303,pond-01,stable,0.06186,synthetic_gradual_stream,ASU,KA32,12.034954,25.0,47.7229,0.4783,2.8361,8.0641,25.8959,27.9743,24.0959,48071.36,8.5608,111.29,32.0,312.515,28.0959,70.268,240.396,476.2,3.557,0.0,0.094331,0.166288,0.117835,0.137835,40.15,-111.86,whole-lake,whole-lake,stream_images/pond-01-step-303.jpg,pond_220,OPTIMUM,fishpond_visual_condition_v2_fixture,synthetic_condition_matched_mapping
2026-09-12T10:50:20+05:30,303,pond-02,heat_low_oxygen_watch,0.41981,synthetic_gradual_stream,CP,LRB-AZ-1201,12.034954,22.0,29.467,0.3531,1.9604,8.6587,30.7783,32.8567,28.9783,49555.66,5.7231,74.401,35.0,518.099,32.9783,60.245,398.538,761.1,6.778,0.0,0.119387,0.144811,0.105307,0.125307,40.16,-111.85,whole-lake,whole-lake,stream_images/pond-02-step-303.jpg,pond_139,HIGH_PH,fishpond_visual_condition_v2_fixture,synthetic_condition_matched_mapping
2026-09-12T10:50:20+05:30,303,pond-03,nutrient_light_limited_watch,0.28088,synthetic_gradual_stream,FA,C046,12.034954,28.0,27.7477,0.4017,1.9118,8.2809,23.5956,25.674,21.7956,46505.59,7.1382,92.797,25.0,309.887,25.7956,64.135,238.375,602.4,5.528,0.0,0.109662,0.153147,0.110169,0.130169,40.14,-111.87,whole-lake,whole-lake,stream_images/pond-03-step-303.jpg,pond_513,LOW_TEMP;HIGH_PH,fishpond_visual_condition_v2_fixture,synthetic_condition_matched_mapping
2026-09-12T10:50:30+05:30,304,pond-01,stable,0.0622,synthetic_gradual_stream,ASU,KA32,12.035069,25.0,47.6988,0.4782,2.8349,8.0632,25.8887,27.9621,24.0887,48071.95,8.5633,111.323,32.0,310.82,28.0887,70.258,239.093,476.7,3.56,0.0,0.094354,0.166268,0.117823,0.137823,40.15,-111.86,whole-lake,whole-lake,stream_images/pond-01-step-304.jpg,pond_221,OPTIMUM,fishpond_visual_condition_v2_fixture,synthetic_condition_matched_mapping
2026-09-12T10:50:30+05:30,304,pond-02,heat_low_oxygen_watch,0.41166,synthetic_gradual_stream,CP,LRB-AZ-1201,12.035069,22.0,29.7688,0.3559,1.9767,8.6469,30.7049,32.7783,28.9049,49540.98,5.7712,75.026,35.0,514.6,32.9049,60.474,395.846,755.8,6.705,0.0,0.118816,0.145301,0.105592,0.125592,40.16,-111.85,whole-lake,whole-lake,stream_images/pond-02-step-304.jpg,pond_140,HIGH_PH,fishpond_visual_condition_v2_fixture,synthetic_condition_matched_mapping
2026-09-12T10:50:30+05:30,304,pond-03,nutrient_light_limited_watch,0.276,synthetic_gradual_stream,FA,C046,12.035069,28.0,27.9259,0.4034,1.9238,8.276,23.62,25.6934,21.82,46496.81,7.148,92.924,25.0,311.505,25.82,64.272,239.619,599.9,5.484,0.0,0.10932,0.15344,0.11034,0.13034,40.14,-111.87,whole-lake,whole-lake,stream_images/pond-03-step-304.jpg,pond_514,LOW_TEMP;HIGH_PH,fishpond_visual_condition_v2_fixture,synthetic_condition_matched_mapping
2026-09-12T10:50:40+05:30,305,pond-01,stable,0.06255,synthetic_gradual_stream,ASU,KA32,12.035185,25.0,47.6747,0.4781,2.8337,8.0623,25.8823,27.9509,24.0823,48072.6,8.5657,111.354,32.0,309.178,28.0823,70.248,237.829,477.3,3.563,0.0,0.094379,0.166247,0.117811,0.137811,40.15,-111.86,whole-lake,whole-lake,stream_images/pond-01-step-305.jpg,pond_222,OPTIMUM,fishpond_visual_condition_v2_fixture,synthetic_condition_matched_mapping
2026-09-12T10:50:40+05:30,305,pond-02,heat_low_oxygen_watch,0.40367,synthetic_gradual_stream,CP,LRB-AZ-1201,12.035185,22.0,30.0641,0.3587,1.9927,8.6353,30.6331,32.7016,28.8331,49526.61,5.8183,75.638,35.0,511.176,32.8331,60.697,393.212,750.6,6.633,0.0,0.118257,0.14578,0.105871,0.125871,40.16,-111.85,whole-lake,whole-lake,stream_images/pond-02-step-305.jpg,pond_143,HIGH_PH,fishpond_visual_condition_v2_fixture,synthetic_condition_matched_mapping
2026-09-12T10:50:40+05:30,305,pond-03,nutrient_light_limited_watch,0.27125,synthetic_gradual_stream,FA,C046,12.035185,28.0,28.0996,0.4051,1.9354,8.2712,23.6438,25.7123,21.8438,46488.24,7.1575,93.048,25.0,313.082,25.8438,64.405,240.832,597.5,5.441,0.0,0.108987,0.153725,0.110506,0.130506,40.14,-111.87,whole-lake,whole-lake,stream_images/pond-03-step-305.jpg,pond_515,LOW_TEMP;HIGH_PH,fishpond_visual_condition_v2_fixture,synthetic_condition_matched_mapping
2026-09-12T10:50:50+05:30,306,pond-01,stable,0.06294,synthetic_gradual_stream,ASU,KA32,12.035301,25.0,47.6506,0.478,2.8325,8.0615,25.8768,27.9407,24.0768,48073.29,8.5681,111.385,32.0,307.587,28.0768,70.238,236.606,477.8,3.566,0.0,0.094406,0.166224,0.117797,0.137797,40.15,-111.86,whole-lake,whole-lake,stream_images/pond-01-step-306.jpg,pond_223,OPTIMUM,fishpond_visual_condition_v2_fixture,synthetic_condition_matched_mapping
2026-09-12T10:50:50+05:30,306,pond-02,heat_low_oxygen_watch,0.39587,synthetic_gradual_stream,CP,LRB-AZ-1201,12.035301,22.0,30.3527,0.3614,2.0083,8.624,30.5629,32.6267,28.7629,49512.57,5.8643,76.237,35.0,507.83,32.7629,60.916,390.638,745.6,6.563,0.0,0.117711,0.146248,0.106144,0.126144,40.16,-111.85,whole-lake,whole-lake,stream_images/pond-02-step-306.jpg,pond_146,HIGH_PH,fishpond_visual_condition_v2_fixture,synthetic_condition_matched_mapping
2026-09-12T10:50:50+05:30,306,pond-03,nutrient_light_limited_watch,0.26661,synthetic_gradual_stream,FA,C046,12.035301,28.0,28.2686,0.4067,1.9468,8.2666,23.6669,25.7308,21.8669,46479.9,7.1668,93.168,25.0,314.618,25.8669,64.535,242.014,595.1,5.4,0.0,0.108663,0.154003,0.110669,0.130669,40.14,-111.87,whole-lake,whole-lake,stream_images/pond-03-step-306.jpg,pond_516,LOW_TEMP;HIGH_PH,fishpond_visual_condition_v2_fixture,synthetic_condition_matched_mapping
2026-09-12T10:51:00+05:30,307,pond-01,stable,0.06334,synthetic_gradual_stream,ASU,KA32,12.035417,25.0,47.6265,0.4778,2.8313,8.0607,25.8721,27.9314,24.0721,48074.02,8.5703,111.414,32.0,306.05,28.0721,70.226,235.423,478.4,3.57,0.0,0.094434,0.166199,0.117783,0.137783,40.15,-111.86,whole-lake,whole-lake,stream_images/pond-01-step-307.jpg,pond_224,OPTIMUM,fishpond_visual_condition_v2_fixture,synthetic_condition_matched_mapping
2026-09-12T10:51:00+05:30,307,pond-02,heat_low_oxygen_watch,0.38826,synthetic_gradual_stream,CP,LRB-AZ-1201,12.035417,22.0,30.6344,0.3641,2.0235,8.613,30.4943,32.5537,28.6943,49498.87,5.9093,76.82,35.0,504.564,32.6943,61.129,388.126,740.7,6.494,0.0,0.117178,0.146704,0.106411,0.126411,40.16,-111.85,whole-lake,whole-lake,stream_images/pond-02-step-307.jpg,pond_147,HIGH_PH,fishpond_visual_condition_v2_fixture,synthetic_condition_matched_mapping
2026-09-12T10:51:00+05:30,307,pond-03,nutrient_light_limited_watch,0.26211,synthetic_gradual_stream,FA,C046,12.035417,28.0,28.433,0.4083,1.9578,8.2621,23.6895,25.7488,21.8895,46471.8,7.1758,93.285,25.0,316.111,25.8895,64.661,243.162,592.8,5.359,0.0,0.108348,0.154273,0.110826,0.130826,40.14,-111.87,whole-lake,whole-lake,stream_images/pond-03-step-307.jpg,pond_517,LOW_TEMP;HIGH_PH,fishpond_visual_condition_v2_fixture,synthetic_condition_matched_mapping
2026-09-12T10:51:10+05:30,308,pond-01,stable,0.06378,synthetic_gradual_stream,ASU,KA32,12.035532,25.0,47.6024,0.4777,2.8301,8.0599,25.8682,27.9231,24.0682,48074.8,8.5725,111.443,32.0,304.565,28.0682,70.214,234.281,479.1,3.574,0.0,0.094464,0.166173,0.117768,0.137768,40.15,-111.86,whole-lake,whole-lake,stream_images/pond-01-step-308.jpg,pond_225,OPTIMUM,fishpond_visual_condition_v2_fixture,synthetic_condition_matched_mapping
2026-09-12T10:51:10+05:30,308,pond-02,heat_low_oxygen_watch,0.38084,synthetic_gradual_stream,CP,LRB-AZ-1201,12.035532,22.0,30.9088,0.3667,2.0383,8.6022,30.4276,32.4825,28.6276,49485.52,5.953,77.389,35.0,501.382,32.6276,61.336,385.678,736.0,6.428,0.0,0.116659,0.147149,0.10667,0.12667,40.16,-111.85,whole-lake,whole-lake,stream_images/pond-02-step-308.jpg,pond_148,HIGH_PH,fishpond_visual_condition_v2_fixture,synthetic_condition_matched_mapping
2026-09-12T10:51:10+05:30,308,pond-03,nutrient_light_limited_watch,0.25774,synthetic_gradual_stream,FA,C046,12.035532,28.0,28.5926,0.4098,1.9685,8.2577,23.7113,25.7662,21.9113,46463.93,7.1845,93.399,25.0,317.56,25.9113,64.783,244.277,590.7,5.32,0.0,0.108042,0.154536,0.110979,0.130979,40.14,-111.87,whole-lake,whole-lake,stream_images/pond-03-step-308.jpg,pond_518,LOW_TEMP;HIGH_PH,fishpond_visual_condition_v2_fixture,synthetic_condition_matched_mapping
2026-09-12T10:51:20+05:30,309,pond-01,stable,0.06423,synthetic_gradual_stream,ASU,KA32,12.035648,25.0,47.5783,0.4775,2.8289,8.0591,25.8652,27.9158,24.0652,48075.61,8.5747,111.47,32.0,303.135,28.0652,70.202,233.181,479.7,3.578,0.0,0.094496,0.166146,0.117752,0.137752,40.15,-111.86,whole-lake,whole-lake,stream_images/pond-01-step-309.jpg,pond_226,OPTIMUM,fishpond_visual_condition_v2_fixture,synthetic_condition_matched_mapping
2026-09-12T10:51:20+05:30,309,pond-02,heat_low_oxygen_watch,0.37363,synthetic_gradual_stream,CP,LRB-AZ-1201,12.035648,22.0,31.1757,0.3692,2.0527,8.5918,30.3627,32.4134,28.5627,49472.53,5.9956,77.943,35.0,498.287,32.5627,61.538,383.298,731.3,6.363,0.0,0.116154,0.147582,0.106923,0.126923,40.16,-111.85,whole-lake,whole-lake,stream_images/pond-02-step-309.jpg,pond_149,HIGH_PH,fishpond_visual_condition_v2_fixture,synthetic_condition_matched_mapping
2026-09-12T10:51:20+05:30,309,pond-03,nutrient_light_limited_watch,0.2535,synthetic_gradual_stream,FA,C046,12.035648,28.0,28.7473,0.4113,1.9789,8.2535,23.7325,25.7832,21.9325,46456.3,7.193,93.509,25.0,318.965,25.9325,64.902,245.358,588.5,5.281,0.0,0.107745,0.15479,0.111128,0.131128,40.14,-111.87,whole-lake,whole-lake,stream_images/pond-03-step-309.jpg,pond_519,LOW_TEMP;HIGH_PH,fishpond_visual_condition_v2_fixture,synthetic_condition_matched_mapping
2026-09-12T10:51:30+05:30,310,pond-01,stable,0.06471,synthetic_gradual_stream,ASU,KA32,12.035764,25.0,47.5542,0.4774,2.8277,8.0584,25.8629,27.9096,24.0629,48076.47,8.5767,111.497,32.0,301.759,28.0629,70.188,232.122,480.4,3.582,0.0,0.094529,0.166118,0.117735,0.137735,40.15,-111.86,whole-lake,whole-lake,stream_images/pond-01-step-310.jpg,pond_227,OPTIMUM,fishpond_visual_condition_v2_fixture,synthetic_condition_matched_mapping
2026-09-12T10:51:30+05:30,310,pond-02,heat_low_oxygen_watch,0.36662,synthetic_gradual_stream,CP,LRB-AZ-1201,12.035764,22.0,31.4349,0.3717,2.0668,8.5816,30.2996,32.3462,28.4996,49459.92,6.0369,78.48,35.0,495.282,32.4996,61.735,380.986,726.9,6.3,0.0,0.115664,0.148003,0.107168,0.127168,40.16,-111.85,whole-lake,whole-lake,stream_images/pond-02-step-310.jpg,pond_150,HIGH_PH,fishpond_visual_condition_v2_fixture,synthetic_condition_matched_mapping
2026-09-12T10:51:30+05:30,310,pond-03,nutrient_light_limited_watch,0.2494,synthetic_gradual_stream,FA,C046,12.035764,28.0,28.8969,0.4127,1.989,8.2494,23.753,25.7996,21.953,46448.92,7.2012,93.616,25.0,320.324,25.953,65.017,246.403,586.5,5.245,0.0,0.107458,0.155036,0.111271,0.131271,40.14,-111.87,whole-lake,whole-lake,stream_images/pond-03-step-310.jpg,pond_228,OPTIMUM,fishpond_visual_condition_v2_fixture,synthetic_condition_matched_mapping
2026-09-12T10:51:40+05:30,311,pond-01,stable,0.0652,synthetic_gradual_stream,ASU,KA32,12.03588,25.0,47.5301,0.4772,2.8265,8.0577,25.8615,27.9042,24.0615,48077.37,8.5786,111.522,32.0,300.438,28.0615,70.174,231.106,481.1,3.587,0.0,0.094564,0.166088,0.117718,0.137718,40.15,-111.86,whole-lake,whole-lake,stream_images/pond-01-step-311.jpg,pond_229,OPTIMUM,fishpond_visual_condition_v2_fixture,synthetic_condition_matched_mapping
2026-09-12T10:51:40+05:30,311,pond-02,heat_low_oxygen_watch,0.35984,synthetic_gradual_stream,CP,LRB-AZ-1201,12.03588,22.0,31.686,0.3741,2.0803,8.5718,30.2385,32.2812,28.4385,49447.71,6.077,79.001,35.0,492.37,32.4385,61.925,378.746,722.6,6.239,0.0,0.115189,0.14841,0.107406,0.127406,40.16,-111.85,whole-lake,whole-lake,stream_images/pond-02-step-311.jpg,pond_153,HIGH_PH,fishpond_visual_condition_v2_fixture,synthetic_condition_matched_mapping
2026-09-12T10:51:40+05:30,311,pond-03,nutrient_light_limited_watch,0.24544,synthetic_gradual_stream,FA,C046,12.03588,28.0,29.0415,0.4141,1.9987,8.2454,23.7728,25.8155,21.9728,46441.79,7.2091,93.719,25.0,321.637,25.9728,65.128,247.413,584.6,5.209,0.0,0.107181,0.155274,0.11141,0.13141,40.14,-111.87,whole-lake,whole-lake,stream_images/pond-03-step-311.jpg,pond_230,OPTIMUM,fishpond_visual_condition_v2_fixture,synthetic_condition_matched_mapping
2026-09-12T10:51:50+05:30,312,pond-01,stable,0.06572,synthetic_gradual_stream,ASU,KA32,12.035995,25.0,47.506,0.477,2.8253,8.057,25.8609,27.8999,24.0609,48078.3,8.5805,111.547,32.0,299.172,28.0609,70.16,230.132,469.3,3.592,0.0,0.094601,0.166057,0.1177,0.1377,40.15,-111.86,whole-lake,whole-lake,stream_images/pond-01-step-312.jpg,pond_231,OPTIMUM,fishpond_visual_condition_v2_fixture,synthetic_condition_matched_mapping
2026-09-12T10:51:50+05:30,312,pond-02,heat_low_oxygen_watch,0.35327,synthetic_gradual_stream,CP,LRB-AZ-1201,12.035995,22.0,31.9289,0.3764,2.0935,8.5622,30.1795,32.2184,28.3795,49435.89,6.1157,79.504,35.0,489.554,32.3795,62.108,376.58,705.9,6.179,0.0,0.114729,0.148804,0.107635,0.127635,40.16,-111.85,whole-lake,whole-lake,stream_images/pond-02-step-312.jpg,pond_154,HIGH_PH,fishpond_visual_condition_v2_fixture,synthetic_condition_matched_mapping
2026-09-12T10:51:50+05:30,312,pond-03,nutrient_light_limited_watch,0.24162,synthetic_gradual_stream,FA,C046,12.035995,28.0,29.1807,0.4154,2.008,8.2416,23.7919,25.8309,21.9919,46434.92,7.2168,93.818,25.0,322.902,25.9919,65.235,248.386,570.2,5.175,0.0,0.106914,0.155503,0.111543,0.131543,40.14,-111.87,whole-lake,whole-lake,stream_images/pond-03-step-312.jpg,pond_232,OPTIMUM,fishpond_visual_condition_v2_fixture,synthetic_condition_matched_mapping
2026-09-12T10:52:00+05:30,313,pond-01,stable,0.06626,synthetic_gradual_stream,ASU,KA32,12.036111,25.0,47.4819,0.4768,2.8241,8.0564,25.8611,27.8965,24.0611,48079.28,8.5823,111.57,32.0,297.962,28.0611,70.145,229.202,470.0,3.596,0.0,0.094639,0.166024,0.117681,0.137681,40.15,-111.86,whole-lake,whole-lake,stream_images/pond-01-step-313.jpg,pond_233,OPTIMUM,fishpond_visual_condition_v2_fixture,synthetic_condition_matched_mapping
2026-09-12T10:52:00+05:30,313,pond-02,heat_low_oxygen_watch,0.34694,synthetic_gradual_stream,CP,LRB-AZ-1201,12.036111,22.0,32.1632,0.3786,2.1061,8.5531,30.1225,32.1579,28.3225,49424.49,6.153,79.99,35.0,486.838,32.3225,62.286,374.491,701.9,6.122,0.0,0.114286,0.149184,0.107857,0.127857,40.16,-111.85,whole-lake,whole-lake,stream_images/pond-02-step-313.jpg,pond_156,HIGH_PH,fishpond_visual_condition_v2_fixture,synthetic_condition_matched_mapping
2026-09-12T10:52:00+05:30,313,pond-03,nutrient_light_limited_watch,0.23795,synthetic_gradual_stream,FA,C046,12.036111,28.0,29.3147,0.4167,2.017,8.238,23.8102,25.8456,22.0102,46428.32,7.2241,93.913,25.0,324.118,26.0102,65.337,249.322,568.5,5.142,0.0,0.106657,0.155723,0.111672,0.131672,40.14,-111.87,whole-lake,whole-lake,stream_images/pond-03-step-313.jpg,pond_234,OPTIMUM,fishpond_visual_condition_v2_fixture,synthetic_condition_matched_mapping
2026-09-12T10:52:10+05:30,314,pond-01,stable,0.06682,synthetic_gradual_stream,ASU,KA32,12.036227,25.0,47.4578,0.4766,2.8229,8.0558,25.8621,27.8941,24.0621,48080.28,8.584,111.592,32.0,296.808,28.0621,70.129,228.314,470.8,3.601,0.0,0.094678,0.165991,0.117661,0.137661,40.15,-111.86,whole-lake,whole-lake,stream_images/pond-01-step-314.jpg,pond_235,OPTIMUM,fishpond_visual_condition_v2_fixture,synthetic_condition_matched_mapping
2026-09-12T10:52:10+05:30,314,pond-02,heat_low_oxygen_watch,0.34085,synthetic_gradual_stream,CP,LRB-AZ-1201,12.036227,22.0,32.3886,0.3807,2.1183,8.5442,30.0676,32.0996,28.2676,49413.53,6.189,80.457,35.0,484.224,32.2676,62.456,372.48,698.1,6.068,0.0,0.113859,0.149549,0.10807,0.12807,40.16,-111.85,whole-lake,whole-lake,stream_images/pond-02-step-314.jpg,pond_159,HIGH_PH,fishpond_visual_condition_v2_fixture,synthetic_condition_matched_mapping
2026-09-12T10:52:10+05:30,314,pond-03,nutrient_light_limited_watch,0.23444,synthetic_gradual_stream,FA,C046,12.036227,28.0,29.4431,0.4179,2.0256,8.2344,23.8278,25.8598,22.0278,46421.98,7.2311,94.005,25.0,325.285,26.0278,65.436,250.219,566.8,5.11,0.0,0.10641,0.155934,0.111795,0.131795,40.14,-111.87,whole-lake,whole-lake,stream_images/pond-03-step-314.jpg,pond_236,OPTIMUM,fishpond_visual_condition_v2_fixture,synthetic_condition_matched_mapping
2026-09-12T10:52:20+05:30,315,pond-01,stable,0.0674,synthetic_gradual_stream,ASU,KA32,12.036343,25.0,47.4337,0.4764,2.8217,8.0552,25.8639,27.8926,24.0639,48081.33,8.5856,111.613,32.0,295.711,28.0639,70.113,227.47,471.5,3.607,0.0,0.094718,0.165956,0.117641,0.137641,40.15,-111.86,whole-lake,whole-lake,stream_images/pond-01-step-315.jpg,pond_237,OPTIMUM,fishpond_visual_condition_v2_fixture,synthetic_condition_matched_mapping
2026-09-12T10:52:20+05:30,315,pond-02,heat_low_oxygen_watch,0.335,synthetic_gradual_stream,CP,LRB-AZ-1201,12.036343,22.0,32.605,0.3827,2.13,8.5358,30.015,32.0437,28.215,49403.0,6.2235,80.905,35.0,481.715,32.215,62.62,370.55,694.5,6.015,0.0,0.11345,0.1499,0.108275,0.128275,40.16,-111.85,whole-lake,whole-lake,stream_images/pond-02-step-315.jpg,pond_165,HIGH_PH,fishpond_visual_condition_v2_fixture,synthetic_condition_matched_mapping
2026-09-12T10:52:20+05:30,315,pond-03,nutrient_light_limited_watch,0.23107,synthetic_gradual_stream,FA,C046,12.036343,28.0,29.566,0.4191,2.0339,8.2311,23.8447,25.8734,22.0447,46415.92,7.2379,94.092,25.0,326.401,26.0447,65.53,251.078,565.2,5.08,0.0,0.106175,0.156136,0.111913,0.131913,40.14,-111.87,whole-lake,whole-lake,stream_images/pond-03-step-315.jpg,pond_238,OPTIMUM,fishpond_visual_condition_v2_fixture,synthetic_condition_matched_mapping
2026-09-12T10:52:30+05:30,316,pond-01,stable,0.068,synthetic_gradual_stream,ASU,KA32,12.036458,25.0,47.4096,0.4762,2.8205,8.0546,25.8664,27.892,24.0664,48082.4,8.5872,111.633,32.0,294.671,28.0664,70.096,226.67,472.3,3.612,0.0,0.09476,0.16592,0.11762,0.13762,40.15,-111.86,whole-lake,whole-lake,stream_images/pond-01-step-316.jpg,pond_239,OPTIMUM,fishpond_visual_condition_v2_fixture,synthetic_condition_matched_mapping
2026-09-12T10:52:30+05:30,316,pond-02,heat_low_oxygen_watch,0.32941,synthetic_gradual_stream,CP,LRB-AZ-1201,12.036458,22.0,32.812,0.3847,2.1412,8.5276,29.9647,31.9903,28.1647,49392.93,6.2565,81.335,35.0,479.315,32.1647,62.777,368.704,691.0,5.965,0.0,0.113058,0.150236,0.108471,0.128471,40.16,-111.85,whole-lake,whole-lake,stream_images/pond-02-step-316.jpg,pond_166,HIGH_PH,fishpond_visual_condition_v2_fixture,synthetic_condition_matched_mapping
2026-09-12T10:52:30+05:30,316,pond-03,nutrient_light_limited_watch,0.22786,synthetic_gradual_stream,FA,C046,12.036458,28.0,29.6832,0.4202,2.0417,8.2279,23.8607,25.8864,22.0607,46410.14,7.2443,94.176,25.0,327.465,26.0607,65.62,251.896,563.8,5.051,0.0,0.10595,0.156329,0.112025,0.132025,40.14,-111.87,whole-lake,whole-lake,stream_images/pond-03-step-316.jpg,pond_240,OPTIMUM,fishpond_visual_condition_v2_fixture,synthetic_condition_matched_mapping
2026-09-12T10:52:40+05:30,317,pond-01,stable,0.06861,synthetic_gradual_stream,ASU,KA32,12.036574,25.0,47.3855,0.476,2.8193,8.0541,25.8696,27.8923,24.0696,48083.51,8.5886,111.652,32.0,293.689,28.0696,70.079,225.914,473.1,3.618,0.0,0.094803,0.165883,0.117598,0.137598,40.15,-111.86,whole-lake,whole-lake,stream_images/pond-01-step-317.jpg,pond_241,OPTIMUM,fishpond_visual_condition_v2_fixture,synthetic_condition_matched_mapping
2026-09-12T10:52:40+05:30,317,pond-02,heat_low_oxygen_watch,0.32407,synthetic_gradual_stream,CP,LRB-AZ-1201,12.036574,22.0,33.0093,0.3866,2.1519,8.5199,29.9167,31.9394,28.1167,49383.33,6.288,81.744,35.0,477.027,32.1167,62.926,366.944,687.7,5.917,0.0,0.112685,0.150556,0.108657,0.128657,40.16,-111.85,whole-lake,whole-lake,stream_images/pond-02-step-317.jpg,pond_167,HIGH_PH,fishpond_visual_condition_v2_fixture,synthetic_condition_matched_mapping
2026-09-12T10:52:40+05:30,317,pond-03,nutrient_light_limited_watch,0.2248,synthetic_gradual_stream,FA,C046,12.036574,28.0,29.7946,0.4213,2.0492,8.2248,23.876,25.8987,22.076,46404.65,7.2504,94.255,25.0,328.477,26.076,65.705,252.675,562.4,5.023,0.0,0.105736,0.156512,0.112132,0.132132,40.14,-111.87,whole-lake,whole-lake,stream_images/pond-03-step-317.jpg,pond_242,OPTIMUM,fishpond_visual_condition_v2_fixture,synthetic_condition_matched_mapping
2026-09-12T10:52:50+05:30,318,pond-01,stable,0.06925,synthetic_gradual_stream,ASU,KA32,12.03669,25.0,47.3614,0.4758,2.8181,8.0536,25.8735,27.8936,24.0735,48084.64,8.59,111.67,32.0,292.764,28.0735,70.061,225.203,474.0,3.623,0.0,0.094847,0.165845,0.117576,0.137576,40.15,-111.86,whole-lake,whole-lake,stream_images/pond-01-step-318.jpg,pond_243,OPTIMUM,fishpond_visual_condition_v2_fixture,synthetic_condition_matched_mapping
2026-09-12T10:52:50+05:30,318,pond-02,heat_low_oxygen_watch,0.31901,synthetic_gradual_stream,CP,LRB-AZ-1201,12.03669,22.0,33.1968,0.3883,2.162,8.5126,29.8711,31.8911,28.0711,49374.21,6.3179,82.132,35.0,474.853,32.0711,63.068,365.272,684.7,5.871,0.0,0.11233,0.15086,0.108835,0.128835,40.16,-111.85,whole-lake,whole-lake,stream_images/pond-02-step-318.jpg,pond_173,HIGH_PH,fishpond_visual_condition_v2_fixture,synthetic_condition_matched_mapping
2026-09-12T10:52:50+05:30,318,pond-03,nutrient_light_limited_watch,0.22191,synthetic_gradual_stream,FA,C046,12.03669,28.0,29.9001,0.4223,2.0563,8.2219,23.8904,25.9104,22.0904,46399.44,7.2562,94.33,25.0,329.436,26.0904,65.786,253.412,561.1,4.997,0.0,0.105534,0.156685,0.112233,0.132233,40.14,-111.87,whole-lake,whole-lake,stream_images/pond-03-step-318.jpg,pond_244,OPTIMUM,fishpond_visual_condition_v2_fixture,synthetic_condition_matched_mapping
2026-09-12T10:53:00+05:30,319,pond-01,stable,0.06989,synthetic_gradual_stream,ASU,KA32,12.036806,25.0,47.3373,0.4755,2.8169,8.0531,25.8782,27.8956,24.0782,48085.8,8.5913,111.687,32.0,291.897,28.0782,70.043,224.536,474.8,3.629,0.0,0.094892,0.165807,0.117554,0.137554,40.15,-111.86,whole-lake,whole-lake,stream_images/pond-01-step-319.jpg,pond_245,OPTIMUM,fishpond_visual_condition_v2_fixture,synthetic_condition_matched_mapping
2026-09-12T10:53:00+05:30,319,pond-02,heat_low_oxygen_watch,0.31421,synthetic_gradual_stream,CP,LRB-AZ-1201,12.036806,22.0,33.3741,0.39,2.1716,8.5056,29.8279,31.8454,28.0279,49365.58,6.3461,82.5,35.0,472.798,32.0279,63.202,363.691,681.8,5.828,0.0,0.111995,0.151147,0.109003,0.129003,40.16,-111.85,whole-lake,whole-lake,stream_images/pond-02-step-319.jpg,pond_174,HIGH_PH,fishpond_visual_condition_v2_fixture,synthetic_condition_matched_mapping
2026-09-12T10:53:00+05:30,319,pond-03,nutrient_light_limited_watch,0.21919,synthetic_gradual_stream,FA,C046,12.036806,28.0,29.9996,0.4233,2.063,8.2192,23.9041,25.9215,22.1041,46394.54,7.2616,94.401,25.0,330.339,26.1041,65.863,254.107,560.0,4.973,0.0,0.105343,0.156849,0.112328,0.132328,40.14,-111.87,whole-lake,whole-lake,stream_images/pond-03-step-319.jpg,pond_246,OPTIMUM,fishpond_visual_condition_v2_fixture,synthetic_condition_matched_mapping
2026-09-12T10:53:10+05:30,320,pond-01,stable,0.07055,synthetic_gradual_stream,ASU,KA32,12.036921,25.0,47.3133,0.4753,2.8157,8.0527,25.8835,27.8985,24.0835,48086.99,8.5925,111.702,32.0,291.089,28.0835,70.025,223.915,475.7,3.635,0.0,0.094939,0.165767,0.117531,0.137531,40.15,-111.86,whole-lake,whole-lake,stream_images/pond-01-step-320.jpg,pond_247,OPTIMUM,fishpond_visual_condition_v2_fixture,synthetic_condition_matched_mapping
2026-09-12T10:53:10+05:30,320,pond-02,heat_low_oxygen_watch,0.3097,synthetic_gradual_stream,CP,LRB-AZ-1201,12.036921,22.0,33.541,0.3916,2.1806,8.4991,29.7873,31.8024,27.9873,49357.47,6.3727,82.846,35.0,470.863,31.9873,63.328,362.202,679.1,5.787,0.0,0.111679,0.151418,0.10916,0.12916,40.16,-111.85,whole-lake,whole-lake,stream_images/pond-02-step-320.jpg,pond_175,HIGH_PH,fishpond_visual_condition_v2_fixture,synthetic_condition_matched_mapping
2026-09-12T10:53:10+05:30,320,pond-03,nutrient_light_limited_watch,0.21663,synthetic_gradual_stream,FA,C046,12.036921,28.0,30.093,0.4242,2.0693,8.2166,23.9169,25.9319,22.1169,46389.93,7.2667,94.468,25.0,331.187,26.1169,65.934,254.76,558.9,4.95,0.0,0.105164,0.157002,0.112418,0.132418,40.14,-111.87,whole-lake,whole-lake,stream_images/pond-03-step-320.jpg,pond_248,OPTIMUM,fishpond_visual_condition_v2_fixture,synthetic_condition_matched_mapping
2026-09-12T10:53:20+05:30,321,pond-01,stable,0.07123,synthetic_gradual_stream,ASU,KA32,12.037037,25.0,47.2892,0.4751,2.8145,8.0523,25.8894,27.9023,24.0894,48088.21,8.5936,111.717,32.0,290.339,28.0894,70.006,223.338,476.5,3.641,0.0,0.094986,0.165726,0.117507,0.137507,40.15,-111.86,whole-lake,whole-lake,stream_images/pond-01-step-321.jpg,pond_249,OPTIMUM,fishpond_visual_condition_v2_fixture,synthetic_condition_matched_mapping
2026-09-12T10:53:20+05:30,321,pond-02,heat_low_oxygen_watch,0.30548,synthetic_gradual_stream,CP,LRB-AZ-1201,12.037037,22.0,33.6972,0.3931,2.189,8.4929,29.7493,31.7622,27.9493,49349.87,6.3977,83.169,35.0,469.052,31.9493,63.446,360.809,676.6,5.749,0.0,0.111384,0.151671,0.109308,0.129308,40.16,-111.85,whole-lake,whole-lake,stream_images/pond-02-step-321.jpg,pond_178,HIGH_PH,fishpond_visual_condition_v2_fixture,synthetic_condition_matched_mapping
2026-09-12T10:53:20+05:30,321,pond-03,nutrient_light_limited_watch,0.21424,synthetic_gradual_stream,FA,C046,12.037037,28.0,30.1802,0.425,2.0751,8.2142,23.9288,25.9416,22.1288,46385.63,7.2715,94.53,25.0,331.979,26.1288,66.001,255.368,557.9,4.928,0.0,0.104997,0.157146,0.112502,0.132502,40.14,-111.87,whole-lake,whole-lake,stream_images/pond-03-step-321.jpg,pond_250,OPTIMUM,fishpond_visual_condition_v2_fixture,synthetic_condition_matched_mapping
2026-09-12T10:53:30+05:30,322,pond-01,stable,0.07191,synthetic_gradual_stream,ASU,KA32,12.037153,25.0,47.2651,0.4748,2.8133,8.0519,25.896,27.9068,24.096,48089.44,8.5946,111.73,32.0,289.649,28.096,69.986,222.807,477.4,3.647,0.0,0.095034,0.165685,0.117483,0.137483,40.15,-111.86,whole-lake,whole-lake,stream_images/pond-01-step-322.jpg,pond_251,OPTIMUM,fishpond_visual_condition_v2_fixture,synthetic_condition_matched_mapping
2026-09-12T10:53:30+05:30,322,pond-02,heat_low_oxygen_watch,0.30156,synthetic_gradual_stream,CP,LRB-AZ-1201,12.037153,22.0,33.8424,0.3945,2.1969,8.4873,29.714,31.7248,27.914,49342.8,6.4208,83.471,35.0,467.368,31.914,63.556,359.514,674.3,5.714,0.0,0.111109,0.151907,0.109445,0.129445,40.16,-111.85,whole-lake,whole-lake,stream_images/pond-02-step-322.jpg,pond_179,HIGH_PH,fishpond_visual_condition_v2_fixture,synthetic_condition_matched_mapping
2026-09-12T10:53:30+05:30,322,pond-03,nutrient_light_limited_watch,0.21203,synthetic_gradual_stream,FA,C046,12.037153,28.0,30.261,0.4258,2.0805,8.212,23.9399,25.9507,22.1399,46381.65,7.2759,94.587,25.0,332.713,26.1399,66.063,255.933,557.1,4.908,0.0,0.104842,0.157278,0.112579,0.132579,40.14,-111.87,whole-lake,whole-lake,stream_images/pond-03-step-322.jpg,pond_252,OPTIMUM,fishpond_visual_condition_v2_fixture,synthetic_condition_matched_mapping
2026-09-12T10:53:40+05:30,323,pond-01,stable,0.07261,synthetic_gradual_stream,ASU,KA32,12.037269,25.0,47.241,0.4746,2.812,8.0516,25.9032,27.9121,24.1032,48090.7,8.5955,111.742,32.0,289.017,28.1032,69.967,222.321,478.3,3.653,0.0,0.095083,0.165643,0.117459,0.137459,40.15,-111.86,whole-lake,whole-lake,stream_images/pond-01-step-323.jpg,pond_253,OPTIMUM,fishpond_visual_condition_v2_fixture,synthetic_condition_matched_mapping
2026-09-12T10:53:40+05:30,323,pond-02,heat_low_oxygen_watch,0.29794,synthetic_gradual_stream,CP,LRB-AZ-1201,12.037269,22.0,33.9764,0.3957,2.2041,8.482,29.6814,31.6904,27.8814,49336.29,6.4422,83.748,35.0,465.815,31.8814,63.658,358.319,672.3,5.681,0.0,0.110856,0.152124,0.109572,0.129572,40.16,-111.85,whole-lake,whole-lake,stream_images/pond-02-step-323.jpg,pond_180,HIGH_PH,fishpond_visual_condition_v2_fixture,synthetic_condition_matched_mapping
2026-09-12T10:53:40+05:30,323,pond-03,nutrient_light_limited_watch,0.20999,synthetic_gradual_stream,FA,C046,12.037269,28.0,30.3354,0.4265,2.0855,8.21,23.95,25.959,22.15,46377.98,7.28,94.64,25.0,333.388,26.15,66.12,256.452,556.3,4.89,0.0,0.104699,0.157401,0.11265,0.13265,40.14,-111.87,whole-lake,whole-lake,stream_images/pond-03-step-323.jpg,pond_254,OPTIMUM,fishpond_visual_condition_v2_fixture,synthetic_condition_matched_mapping
2026-09-12T10:53:50+05:30,324,pond-01,stable,0.07332,synthetic_gradual_stream,ASU,KA32,12.037384,25.0,47.2169,0.4743,2.8108,8.0513,25.9109,27.9181,24.1109,48091.97,8.5964,111.753,32.0,288.446,28.1109,69.947,221.881,479.3,3.66,0.0,0.095132,0.165601,0.117434,0.137434,40.15,-111.86,whole-lake,whole-lake,stream_images/pond-01-step-324.jpg,pond_255,OPTIMUM,fishpond_visual_condition_v2_fixture,synthetic_condition_matched_mapping
2026-09-12T10:53:50+05:30,324,pond-02,heat_low_oxygen_watch,0.29463,synthetic_gradual_stream,CP,LRB-AZ-1201,12.037384,22.0,34.0989,0.3969,2.2107,8.4772,29.6516,31.6589,27.8516,49330.33,6.4617,84.002,35.0,464.394,31.8516,63.75,357.226,670.4,5.652,0.0,0.110624,0.152322,0.109688,0.129688,40.16,-111.85,whole-lake,whole-lake,stream_images/pond-02-step-324.jpg,pond_182,HIGH_PH,fishpond_visual_condition_v2_fixture,synthetic_condition_matched_mapping
2026-09-12T10:53:50+05:30,324,pond-03,nutrient_light_limited_watch,0.20813,synthetic_gradual_stream,FA,C046,12.037384,28.0,30.4032,0.4272,2.0901,8.2081,23.9593,25.9666,22.1593,46374.64,7.2837,94.689,25.0,334.004,26.1593,66.172,256.926,555.7,4.873,0.0,0.104569,0.157512,0.112715,0.132715,40.14,-111.87,whole-lake,whole-lake,stream_images/pond-03-step-324.jpg,pond_256,OPTIMUM,fishpond_visual_condition_v2_fixture,synthetic_condition_matched_mapping
2026-09-12T10:54:00+05:30,325,pond-01,stable,0.07404,synthetic_gradual_stream,ASU,KA32,12.0375,25.0,47.1928,0.4741,2.8096,8.051,25.9191,27.9248,24.1191,48093.26,8.5971,111.763,32.0,287.933,28.1191,69.927,221.487,480.2,3.666,0.0,0.095183,0.165558,0.117409,0.137409,40.15,-111.86,whole-lake,whole-lake,stream_images/pond-01-step-325.jpg,pond_257,OPTIMUM,fishpond_visual_condition_v2_fixture,synthetic_condition_matched_mapping
2026-09-12T10:54:00+05:30,325,pond-02,heat_low_oxygen_watch,0.29163,synthetic_gradual_stream,CP,LRB-AZ-1201,12.0375,22.0,34.2096,0.3979,2.2167,8.4729,29.6247,31.6304,27.8247,49324.94,6.4794,84.232,35.0,463.111,31.8247,63.834,356.239,668.8,5.625,0.0,0.110414,0.152502,0.109793,0.129793,40.16,-111.85,whole-lake,whole-lake,stream_images/pond-02-step-325.jpg,pond_185,HIGH_PH,fishpond_visual_condition_v2_fixture,synthetic_condition_matched_mapping
2026-09-12T10:54:00+05:30,325,pond-03,nutrient_light_limited_watch,0.20646,synthetic_gradual_stream,FA,C046,12.0375,28.0,30.4643,0.4277,2.0942,8.2065,23.9677,25.9734,22.1677,46371.62,7.2871,94.732,25.0,334.559,26.1677,66.219,257.353,555.2,4.858,0.0,0.104452,0.157613,0.112774,0.132774,40.14,-111.87,whole-lake,whole-lake,stream_images/pond-03-step-325.jpg,pond_258,OPTIMUM,fishpond_visual_condition_v2_fixture,synthetic_condition_matched_mapping
2026-09-12T10:54:10+05:30,326,pond-01,stable,0.07476,synthetic_gradual_stream,ASU,KA32,12.037616,25.0,47.1687,0.4738,2.8084,8.0508,25.9278,27.9322,24.1278,48094.57,8.5978,111.772,32.0,287.481,28.1278,69.907,221.139,481.1,3.673,0.0,0.095233,0.165514,0.117383,0.137383,40.15,-111.86,whole-lake,whole-lake,stream_images/pond-01-step-326.jpg,pond_259,OPTIMUM,fishpond_visual_condition_v2_fixture,synthetic_condition_matched_mapping
2026-09-12T10:54:10+05:30,326,pond-02,heat_low_oxygen_watch,0.28897,synthetic_gradual_stream,CP,LRB-AZ-1201,12.037616,22.0,34.3083,0.3989,2.2221,8.469,29.6007,31.6051,27.8007,49320.14,6.4951,84.436,35.0,461.966,31.8007,63.909,355.359,667.5,5.601,0.0,0.110228,0.152662,0.109886,0.129886,40.16,-111.85,whole-lake,whole-lake,stream_images/pond-02-step-326.jpg,pond_186,HIGH_PH,fishpond_visual_condition_v2_fixture,synthetic_condition_matched_mapping
2026-09-12T10:54:10+05:30,326,pond-03,nutrient_light_limited_watch,0.20497,synthetic_gradual_stream,FA,C046,12.037616,28.0,30.5186,0.4283,2.0978,8.205,23.9752,25.9795,22.1752,46368.94,7.2901,94.771,25.0,335.053,26.1752,66.261,257.733,554.8,4.845,0.0,0.104348,0.157702,0.112826,0.132826,40.14,-111.87,whole-lake,whole-lake,stream_images/pond-03-step-326.jpg,pond_260,OPTIMUM,fishpond_visual_condition_v2_fixture,synthetic_condition_matched_mapping
2026-09-12T10:54:20+05:30,327,pond-01,stable,0.0755,synthetic_gradual_stream,ASU,KA32,12.037731,25.0,47.1446,0.4736,2.8072,8.0506,25.937,27.9403,24.137,48095.89,8.5984,111.779,32.0,287.088,28.137,69.886,220.837,482.1,3.679,0.0,0.095285,0.16547,0.117358,0.137358,40.15,-111.86,whole-lake,whole-lake,stream_images/pond-01-step-327.jpg,pond_261,OPTIMUM,fishpond_visual_condition_v2_fixture,synthetic_condition_matched_mapping
2026-09-12T10:54:20+05:30,327,pond-02,heat_low_oxygen_watch,0.28663,synthetic_gradual_stream,CP,LRB-AZ-1201,12.037731,22.0,34.3947,0.3997,2.2267,8.4656,29.5797,31.5829,27.7797,49315.93,6.5089,84.615,35.0,460.964,31.7797,63.974,354.588,666.3,5.58,0.0,0.110064,0.152802,0.109968,0.129968,40.16,-111.85,whole-lake,whole-lake,stream_images/pond-02-step-327.jpg,pond_187,HIGH_PH,fishpond_visual_condition_v2_fixture,synthetic_condition_matched_mapping
2026-09-12T10:54:20+05:30,327,pond-03,nutrient_light_limited_watch,0.20367,synthetic_gradual_stream,FA,C046,12.037731,28.0,30.5661,0.4287,2.101,8.2037,23.9817,25.9849,22.1817,46366.6,7.2927,94.805,25.0,335.484,26.1817,66.297,258.064,554.5,4.833,0.0,0.104257,0.15778,0.112872,0.132872,40.14,-111.87,whole-lake,whole-lake,stream_images/pond-03-step-327.jpg,pond_262,OPTIMUM,fishpond_visual_condition_v2_fixture,synthetic_condition_matched_mapping
2026-09-12T10:54:30+05:30,328,pond-01,stable,0.07624,synthetic_gradual_stream,ASU,KA32,12.037847,25.0,47.1205,0.4733,2.806,8.0504,25.9467,27.9489,24.1467,48097.23,8.5989,111.785,32.0,286.756,28.1467,69.865,220.582,483.1,3.686,0.0,0.095337,0.165426,0.117332,0.137332,40.15,-111.86,whole-lake,whole-lake,stream_images/pond-01-step-328.jpg,pond_263,OPTIMUM,fishpond_visual_condition_v2_fixture,synthetic_condition_matched_mapping
2026-09-12T10:54:30+05:30,328,pond-02,heat_low_oxygen_watch,0.28463,synthetic_gradual_stream,CP,LRB-AZ-1201,12.037847,22.0,34.4685,0.4004,2.2307,8.4627,29.5617,31.5639,27.7617,49312.34,6.5207,84.769,35.0,460.108,31.7617,64.03,353.929,665.4,5.562,0.0,0.109924,0.152922,0.110038,0.130038,40.16,-111.85,whole-lake,whole-lake,stream_images/pond-02-step-328.jpg,pond_188,HIGH_PH,fishpond_visual_condition_v2_fixture,synthetic_condition_matched_mapping
2026-09-12T10:54:30+05:30,328,pond-03,nutrient_light_limited_watch,0.20256,synthetic_gradual_stream,FA,C046,12.037847,28.0,30.6065,0.4291,2.1037,8.2026,23.9872,25.9894,22.1872,46364.61,7.2949,94.833,25.0,335.851,26.1872,66.328,258.347,554.3,4.823,0.0,0.104179,0.157846,0.11291,0.13291,40.14,-111.87,whole-lake,whole-lake,stream_images/pond-03-step-328.jpg,pond_264,OPTIMUM,fishpond_visual_condition_v2_fixture,synthetic_condition_matched_mapping
2026-09-12T10:54:40+05:30,329,pond-01,stable,0.07698,synthetic_gradual_stream,ASU,KA32,12.037963,25.0,47.0964,0.4731,2.8048,8.0503,25.9567,27.9581,24.1567,48098.57,8.5993,111.791,32.0,286.484,28.1567,69.844,220.372,484.1,3.693,0.0,0.095389,0.165381,0.117306,0.137306,40.15,-111.86,whole-lake,whole-lake,stream_images/pond-01-step-329.jpg,pond_265,OPTIMUM,fishpond_visual_condition_v2_fixture,synthetic_condition_matched_mapping
2026-09-12T10:54:40+05:30,329,pond-02,heat_low_oxygen_watch,0.28299,synthetic_gradual_stream,CP,LRB-AZ-1201,12.037963,22.0,34.5296,0.401,2.234,8.4603,29.5469,31.5483,27.7469,49309.37,6.5304,84.895,35.0,459.401,31.7469,64.076,353.385,664.8,5.547,0.0,0.109809,0.153021,0.110096,0.130096,40.16,-111.85,whole-lake,whole-lake,stream_images/pond-02-step-329.jpg,pond_192,HIGH_PH,fishpond_visual_condition_v2_fixture,synthetic_condition_matched_mapping
2026-09-12T10:54:40+05:30,329,pond-03,nutrient_light_limited_watch,0.20165,synthetic_gradual_stream,FA,C046,12.037963,28.0,30.6399,0.4294,2.106,8.2016,23.9918,25.9932,22.1918,46362.96,7.2967,94.857,25.0,336.154,26.1918,66.354,258.58,554.3,4.815,0.0,0.104115,0.157901,0.112942,0.132942,40.14,-111.87,whole-lake,whole-lake,stream_images/pond-03-step-329.jpg,pond_266,OPTIMUM,fishpond_visual_condition_v2_fixture,synthetic_condition_matched_mapping
2026-09-12T10:54:50+05:30,330,pond-01,stable,0.07773,synthetic_gradual_stream,ASU,KA32,12.038079,25.0,47.0723,0.4728,2.8036,8.0501,25.9671,27.9679,24.1671,48099.92,8.5996,111.795,32.0,286.272,28.1671,69.823,220.209,485.0,3.7,0.0,0.095441,0.165336,0.117279,0.137279,40.15,-111.86,whole-lake,whole-lake,stream_images/pond-01-step-330.jpg,pond_267,OPTIMUM,fishpond_visual_condition_v2_fixture,synthetic_condition_matched_mapping
2026-09-12T10:54:50+05:30,330,pond-02,heat_low_oxygen_watch,0.28169,synthetic_gradual_stream,CP,LRB-AZ-1201,12.038079,22.0,34.5775,0.4014,2.2366,8.4585,29.5352,31.536,27.7352,49307.04,6.538,84.994,35.0,458.845,31.7352,64.113,352.958,664.4,5.535,0.0,0.109718,0.153099,0.110141,0.130141,40.16,-111.85,whole-lake,whole-lake,stream_images/pond-02-step-330.jpg,pond_193,HIGH_PH,fishpond_visual_condition_v2_fixture,synthetic_condition_matched_mapping
2026-09-12T10:54:50+05:30,330,pond-03,nutrient_light_limited_watch,0.20093,synthetic_gradual_stream,FA,C046,12.038079,28.0,30.666,0.4297,2.1077,8.2009,23.9953,25.9962,22.1953,46361.68,7.2981,94.876,25.0,336.391,26.1953,66.374,258.763,554.4,4.808,0.0,0.104065,0.157944,0.112967,0.132967,40.14,-111.87,whole-lake,whole-lake,stream_images/pond-03-step-330.jpg,pond_268,OPTIMUM,fishpond_visual_condition_v2_fixture,synthetic_condition_matched_mapping
2026-09-12T10:55:00+05:30,331,pond-01,stable,0.07849,synthetic_gradual_stream,ASU,KA32,12.038194,25.0,47.0482,0.4725,2.8024,8.0501,25.9778,27.9781,24.1778,48101.28,8.5998,111.798,32.0,286.121,28.1778,69.802,220.093,486.1,3.706,0.0,0.095494,0.165291,0.117253,0.137253,40.15,-111.86,whole-lake,whole-lake,stream_images/pond-01-step-331.jpg,pond_269,OPTIMUM,fishpond_visual_condition_v2_fixture,synthetic_condition_matched_mapping
2026-09-12T10:55:00+05:30,331,pond-02,heat_low_oxygen_watch,0.28076,synthetic_gradual_stream,CP,LRB-AZ-1201,12.038194,22.0,34.612,0.4017,2.2385,8.4571,29.5268,31.5272,27.7268,49305.36,6.5435,85.066,35.0,458.444,31.7268,64.139,352.649,664.2,5.527,0.0,0.109653,0.153155,0.110174,0.130174,40.16,-111.85,whole-lake,whole-lake,stream_images/pond-02-step-331.jpg,pond_194,HIGH_PH,fishpond_visual_condition_v2_fixture,synthetic_condition_matched_mapping
2026-09-12T10:55:00+05:30,331,pond-03,nutrient_light_limited_watch,0.20042,synthetic_gradual_stream,FA,C046,12.038194,28.0,30.6848,0.4299,2.109,8.2004,23.9979,25.9983,22.1979,46360.75,7.2992,94.889,25.0,336.562,26.1979,66.388,258.894,554.6,4.804,0.0,0.104029,0.157975,0.112985,0.132985,40.14,-111.87,whole-lake,whole-lake,stream_images/pond-03-step-331.jpg,pond_270,OPTIMUM,fishpond_visual_condition_v2_fixture,synthetic_condition_matched_mapping
2026-09-12T10:55:10+05:30,332,pond-01,stable,0.07924,synthetic_gradual_stream,ASU,KA32,12.03831,25.0,47.0241,0.4723,2.8012,8.05,25.9888,27.9888,24.1888,48102.64,8.6,111.799,32.0,286.03,28.1888,69.781,220.023,487.1,3.713,0.0,0.095547,0.165245,0.117226,0.137226,40.15,-111.86,whole-lake,whole-lake,stream_images/pond-01-step-332.jpg,pond_271,OPTIMUM,fishpond_visual_condition_v2_fixture,synthetic_condition_matched_mapping
2026-09-12T10:55:10+05:30,332,pond-02,heat_low_oxygen_watch,0.28019,synthetic_gradual_stream,CP,LRB-AZ-1201,12.03831,22.0,34.633,0.4019,2.2396,8.4563,29.5217,31.5218,27.7217,49304.34,6.5469,85.109,35.0,458.202,31.7217,64.155,352.463,664.3,5.522,0.0,0.109613,0.153189,0.110193,0.130193,40.16,-111.85,whole-lake,whole-lake,stream_images/pond-02-step-332.jpg,pond_197,HIGH_PH,fishpond_visual_condition_v2_fixture,synthetic_condition_matched_mapping
2026-09-12T10:55:10+05:30,332,pond-03,nutrient_light_limited_watch,0.2001,synthetic_gradual_stream,FA,C046,12.03831,28.0,30.6962,0.43,2.1097,8.2001,23.9995,25.9996,22.1995,46360.19,7.2998,94.897,25.0,336.665,26.1995,66.397,258.973,554.9,4.801,0.0,0.104007,0.157994,0.112996,0.132996,40.14,-111.87,whole-lake,whole-lake,stream_images/pond-03-step-332.jpg,pond_272,OPTIMUM,fishpond_visual_condition_v2_fixture,synthetic_condition_matched_mapping
2026-09-12T10:55:20+05:30,333,pond-01,stable,0.08,synthetic_gradual_stream,ASU,KA32,12.038426,25.0,47.0,0.472,2.8,8.05,26.0,28.0,24.2,48104.0,8.6,111.8,32.0,286.0,28.2,69.76,220.0,488.1,3.72,0.0,0.0956,0.1652,0.1172,0.1372,40.15,-111.86,whole-lake,whole-lake,stream_images/pond-01-step-333.jpg,pond_273,OPTIMUM,fishpond_visual_condition_v2_fixture,synthetic_condition_matched_mapping
2026-09-12T10:55:20+05:30,333,pond-02,heat_low_oxygen_watch,0.28,synthetic_gradual_stream,CP,LRB-AZ-1201,12.038426,22.0,34.64,0.402,2.24,8.456,29.52,31.52,27.72,49304.0,6.548,85.124,35.0,458.12,31.72,64.16,352.4,664.7,5.52,0.0,0.1096,0.1532,0.1102,0.1302,40.16,-111.85,whole-lake,whole-lake,stream_images/pond-02-step-333.jpg,pond_198,HIGH_PH,fishpond_visual_condition_v2_fixture,synthetic_condition_matched_mapping
2026-09-12T10:55:20+05:30,333,pond-03,nutrient_light_limited_normal,0.2,synthetic_gradual_stream,FA,C046,12.038426,28.0,30.7,0.43,2.11,8.2,24.0,26.0,22.2,46360.0,7.3,94.9,25.0,336.7,26.2,66.4,259.0,555.4,4.8,0.0,0.104,0.158,0.113,0.133,40.14,-111.87,whole-lake,whole-lake,stream_images/pond-03-step-333.jpg,pond_274,OPTIMUM,fishpond_visual_condition_v2_fixture,synthetic_condition_matched_mapping
